# Bin      Date           Tot      FTO      FD       RD       MD       Down     Up       F        M        G        Work     R        L        U        T        S        D        A        O
     0  2018.00000        0        0        0        0        0        0        0        0        0        0        0        0        0        0        0        0        0        0        0 2018 Jan  1 0000:00
     1  2018.00274        0        0        0        0        0        0        0        0        0        0        0        0        0        0        0        0        0        0        0 2018 Jan  2 0000:00
     2  2018.00548        0        0        0        0        0        0        0        0        0        0        0        0        0        0        0        0        0        0        0 2018 Jan  3 0000:00
     3  2018.00821        0        0        0        0        0        0        0        0        0        0        0        0        0        0        0        0        0        0        0 2018 Jan  4 0000:00
     4  2018.01095        0        0        0        0        0        0        0        0        0        0        0        0        0        0        0        0        0        0        0 2018 Jan  5 0000:00
     5  2018.01369        0        0        0        0        0        0        0        0        0        0        0        0        0        0        0        0        0        0        0 2018 Jan  6 0000:00
     6  2018.01643        0        0        0        0        0        0        0        0        0        0        0        0        0        0        0        0        0        0        0 2018 Jan  7 0000:00
     7  2018.01916        0        0        0        0        0        0        0        0        0        0        0        0        0        0        0        0        0        0        0 2018 Jan  8 0000:00
     8  2018.02190        0        0        0        0        0        0        0        0        0        0        0        0        0        0        0        0        0        0        0 2018 Jan  9 0000:00
     9  2018.02464        0        0        0        0        0        0        0        0        0        0        0        0        0        0        0        0        0        0        0 2018 Jan 10 0000:00
    10  2018.02738        0        0        0        0        0        0        0        0        0        0        0        0        0        0        0        0        0        0        0 2018 Jan 11 0000:00
    11  2018.03012        0        0        0        0        0        0        0        0        0        0        0        0        0        0        0        0        0        0        0 2018 Jan 12 0000:00
    12  2018.03285        0        0        0        0        0        0        0        0        0        0        0        0        0        0        0        0        0        0        0 2018 Jan 13 0000:00
    13  2018.03559        0        0        0        0        0        0        0        0        0        0        0        0        0        0        0        0        0        0        0 2018 Jan 14 0000:00
    14  2018.03833        0        0        0        0        0        0        0        0        0        0        0        0        0        0        0        0        0        0        0 2018 Jan 15 0000:00
    15  2018.04107        0        0        0        0        0        0        0        0        0        0        0        0        0        0        0        0        0        0        0 2018 Jan 16 0000:00
    16  2018.04381        0        0        0        0        0        0        0        0        0        0        0        0        0        0        0        0        0        0        0 2018 Jan 17 0000:00
    17  2018.04654        0        0        0        0        0        0        0        0        0        0        0        0        0        0        0        0        0        0        0 2018 Jan 18 0000:00
    18  2018.04928        0        0        0        0        0        0        0        0        0        0        0        0        0        0        0        0        0        0        0 2018 Jan 19 0000:00
    19  2018.05202        0        0        0        0        0        0        0        0        0        0        0        0        0        0        0        0        0        0        0 2018 Jan 20 0000:00
    20  2018.05476        0        0        0        0        0        0        0        0        0        0        0        0        0        0        0        0        0        0        0 2018 Jan 21 0000:00
    21  2018.05749        0        0        0        0        0        0        0        0        0        0        0        0        0        0        0        0        0        0        0 2018 Jan 22 0000:00
    22  2018.06023        0        0        0        0        0        0        0        0        0        0        0        0        0        0        0        0        0        0        0 2018 Jan 23 0000:00
    23  2018.06297        0        0        0        0        0        0        0        0        0        0        0        0        0        0        0        0        0        0        0 2018 Jan 24 0000:00
    24  2018.06571        0        0        0        0        0        0        0        0        0        0        0        0        0        0        0        0        0        0        0 2018 Jan 25 0000:00
    25  2018.06845        0        0        0        0        0        0        0        0        0        0        0        0        0        0        0        0        0        0        0 2018 Jan 26 0000:00
    26  2018.07118        0        0        0        0        0        0        0        0        0        0        0        0        0        0        0        0        0        0        0 2018 Jan 27 0000:00
    27  2018.07392        0        0        0        0        0        0        0        0        0        0        0        0        0        0        0        0        0        0        0 2018 Jan 28 0000:00
    28  2018.07666        0        0        0        0        0        0        0        0        0        0        0        0        0        0        0        0        0        0        0 2018 Jan 29 0000:00
    29  2018.07940        0        0        0        0        0        0        0        0        0        0        0        0        0        0        0        0        0        0        0 2018 Jan 30 0000:00
    30  2018.08214        0        0        0        0        0        0        0        0        0        0        0        0        0        0        0        0        0        0        0 2018 Jan 31 0000:00
    31  2018.08487        0        0        0        0        0        0        0        0        0        0        0        0        0        0        0        0        0        0        0 2018 Feb  1 0000:00
    32  2018.08761        0        0        0        0        0        0        0        0        0        0        0        0        0        0        0        0        0        0        0 2018 Feb  2 0000:00
    33  2018.09035        0        0        0        0        0        0        0        0        0        0        0        0        0        0        0        0        0        0        0 2018 Feb  3 0000:00
    34  2018.09309        0        0        0        0        0        0        0        0        0        0        0        0        0        0        0        0        0        0        0 2018 Feb  4 0000:00
    35  2018.09582        0        0        0        0        0        0        0        0        0        0        0        0        0        0        0        0        0        0        0 2018 Feb  5 0000:00
    36  2018.09856        0        0        0        0        0        0        0        0        0        0        0        0        0        0        0        0        0        0        0 2018 Feb  6 0000:00
    37  2018.10130        0        0        0        0        0        0        0        0        0        0        0        0        0        0        0        0        0        0        0 2018 Feb  7 0000:00
    38  2018.10404        0        0        0        0        0        0        0        0        0        0        0        0        0        0        0        0        0        0        0 2018 Feb  8 0000:00
    39  2018.10678        0        0        0        0        0        0        0        0        0        0        0        0        0        0        0        0        0        0        0 2018 Feb  9 0000:00
    40  2018.10951        0        0        0        0        0        0        0        0        0        0        0        0        0        0        0        0        0        0        0 2018 Feb 10 0000:00
    41  2018.11225        0        0        0        0        0        0        0        0        0        0        0        0        0        0        0        0        0        0        0 2018 Feb 11 0000:00
    42  2018.11499        0        0        0        0        0        0        0        0        0        0        0        0        0        0        0        0        0        0        0 2018 Feb 12 0000:00
    43  2018.11773        0        0        0        0        0        0        0        0        0        0        0        0        0        0        0        0        0        0        0 2018 Feb 13 0000:00
    44  2018.12047        0        0        0        0        0        0        0        0        0        0        0        0        0        0        0        0        0        0        0 2018 Feb 14 0000:00
    45  2018.12320        0        0        0        0        0        0        0        0        0        0        0        0        0        0        0        0        0        0        0 2018 Feb 15 0000:00
    46  2018.12594        0        0        0        0        0        0        0        0        0        0        0        0        0        0        0        0        0        0        0 2018 Feb 16 0000:00
    47  2018.12868        0        0        0        0        0        0        0        0        0        0        0        0        0        0        0        0        0        0        0 2018 Feb 17 0000:00
    48  2018.13142        0        0        0        0        0        0        0        0        0        0        0        0        0        0        0        0        0        0        0 2018 Feb 18 0000:00
    49  2018.13415        0        0        0        0        0        0        0        0        0        0        0        0        0        0        0        0        0        0        0 2018 Feb 19 0000:00
    50  2018.13689        0        0        0        0        0        0        0        0        0        0        0        0        0        0        0        0        0        0        0 2018 Feb 20 0000:00
    51  2018.13963        0        0        0        0        0        0        0        0        0        0        0        0        0        0        0        0        0        0        0 2018 Feb 21 0000:00
    52  2018.14237        2        0        0        0        0        0        2        0        0        0        2        0        0        0        2        0        0        0        0 2018 Feb 22 0000:00
    53  2018.14511        2        0        0        0        0        0        2        0        0        0        2        0        0        0        2        0        0        0        0 2018 Feb 23 0000:00
    54  2018.14784        2        0        0        0        0        0        2        0        0        0        2        0        0        0        2        0        0        0        0 2018 Feb 24 0000:00
    55  2018.15058        2        0        0        0        0        0        2        0        0        0        2        0        0        0        2        0        0        0        0 2018 Feb 25 0000:00
    56  2018.15332        2        0        0        0        0        0        2        0        0        0        2        0        0        0        2        0        0        0        0 2018 Feb 26 0000:00
    57  2018.15606        2        0        0        0        0        0        2        0        0        0        2        0        0        0        2        0        0        0        0 2018 Feb 27 0000:00
    58  2018.15880        2        0        0        0        0        0        2        0        0        0        2        0        0        0        2        0        0        0        0 2018 Feb 28 0000:00
    59  2018.16153        2        0        0        0        0        0        2        0        0        0        2        0        0        0        2        0        0        0        0 2018 Mar  1 0000:00
    60  2018.16427        2        0        0        0        0        0        2        0        0        0        2        0        0        0        2        0        0        0        0 2018 Mar  2 0000:00
    61  2018.16701        2        0        0        0        0        0        2        0        0        0        2        0        0        0        2        0        0        0        0 2018 Mar  3 0000:00
    62  2018.16975        2        0        0        0        0        0        2        0        0        0        2        0        0        0        2        0        0        0        0 2018 Mar  4 0000:00
    63  2018.17248        2        0        0        0        0        0        2        0        0        0        2        0        0        0        2        0        0        0        0 2018 Mar  5 0000:00
    64  2018.17522        2        0        0        0        0        0        2        0        0        0        2        0        0        0        2        0        0        0        0 2018 Mar  6 0000:00
    65  2018.17796        2        0        0        0        0        0        2        0        0        0        2        0        0        0        2        0        0        0        0 2018 Mar  7 0000:00
    66  2018.18070        2        0        0        0        0        0        2        0        0        0        2        0        0        0        2        0        0        0        0 2018 Mar  8 0000:00
    67  2018.18344        2        0        0        0        0        0        2        0        0        0        2        0        0        0        2        0        0        0        0 2018 Mar  9 0000:00
    68  2018.18617        2        0        0        0        0        0        2        0        0        0        2        0        0        0        2        0        0        0        0 2018 Mar 10 0000:00
    69  2018.18891        2        0        0        0        0        0        2        0        0        0        2        0        0        0        2        0        0        0        0 2018 Mar 11 0000:00
    70  2018.19165        2        0        0        0        0        0        2        0        0        0        2        0        0        0        2        0        0        0        0 2018 Mar 12 0000:00
    71  2018.19439        2        0        0        0        0        0        2        0        0        0        2        0        0        0        2        0        0        0        0 2018 Mar 13 0000:00
    72  2018.19713        2        0        0        0        0        0        2        0        0        0        2        0        0        0        2        0        0        0        0 2018 Mar 14 0000:00
    73  2018.19986        2        0        0        0        0        0        2        0        0        0        2        0        0        0        2        0        0        0        0 2018 Mar 15 0000:00
    74  2018.20260        2        0        0        0        0        0        2        0        0        0        2        0        0        0        2        0        0        0        0 2018 Mar 16 0000:00
    75  2018.20534        2        0        0        0        0        0        2        0        0        0        2        0        0        0        2        0        0        0        0 2018 Mar 17 0000:00
    76  2018.20808        2        0        0        0        0        0        2        0        0        0        2        0        0        0        2        0        0        0        0 2018 Mar 18 0000:00
    77  2018.21081        2        0        0        0        0        0        2        0        0        0        2        0        0        0        2        0        0        0        0 2018 Mar 19 0000:00
    78  2018.21355        2        0        0        0        0        0        2        0        0        0        2        0        0        0        2        0        0        0        0 2018 Mar 20 0000:00
    79  2018.21629        2        0        0        0        0        0        2        0        0        0        2        0        0        0        2        0        0        0        0 2018 Mar 21 0000:00
    80  2018.21903        2        0        0        0        0        0        2        0        0        0        2        0        0        0        2        0        0        0        0 2018 Mar 22 0000:00
    81  2018.22177        2        0        0        0        0        0        2        0        0        0        2        0        0        0        2        0        0        0        0 2018 Mar 23 0000:00
    82  2018.22450        2        0        0        0        0        0        2        0        0        0        2        0        0        0        2        0        0        0        0 2018 Mar 24 0000:00
    83  2018.22724        2        0        0        0        0        0        2        0        0        0        2        0        0        0        2        0        0        0        0 2018 Mar 25 0000:00
    84  2018.22998        2        0        0        0        0        0        2        0        0        0        2        0        0        0        2        0        0        0        0 2018 Mar 26 0000:00
    85  2018.23272        2        0        0        0        0        0        2        0        0        0        2        0        0        0        2        0        0        0        0 2018 Mar 27 0000:00
    86  2018.23546        2        0        0        0        0        0        2        0        0        0        2        0        0        0        2        0        0        0        0 2018 Mar 28 0000:00
    87  2018.23819        2        0        0        0        0        0        2        0        0        0        2        0        0        0        2        0        0        0        0 2018 Mar 29 0000:00
    88  2018.24093        2        0        0        0        0        0        2        0        0        0        2        0        0        0        2        0        0        0        0 2018 Mar 30 0000:00
    89  2018.24367        2        0        0        0        0        0        2        0        0        0        2        0        0        0        2        0        0        0        0 2018 Mar 31 0000:00
    90  2018.24641        2        0        0        0        0        0        2        0        0        0        2        0        0        0        2        0        0        0        0 2018 Apr  1 0000:00
    91  2018.24914        2        0        0        0        0        0        2        0        0        0        2        0        0        0        2        0        0        0        0 2018 Apr  2 0000:00
    92  2018.25188        2        0        0        0        0        0        2        0        0        0        2        0        0        0        2        0        0        0        0 2018 Apr  3 0000:00
    93  2018.25462        2        0        0        0        0        0        2        0        0        0        2        0        0        0        2        0        0        0        0 2018 Apr  4 0000:00
    94  2018.25736        2        0        0        0        0        0        2        0        0        0        2        0        0        0        2        0        0        0        0 2018 Apr  5 0000:00
    95  2018.26010        2        0        0        0        0        0        2        0        0        0        2        0        0        0        2        0        0        0        0 2018 Apr  6 0000:00
    96  2018.26283        2        0        0        0        0        0        2        0        0        0        2        0        0        0        2        0        0        0        0 2018 Apr  7 0000:00
    97  2018.26557        2        0        0        0        0        0        2        0        0        0        2        0        0        0        2        0        0        0        0 2018 Apr  8 0000:00
    98  2018.26831        2        0        0        0        0        0        2        0        0        0        2        0        0        0        2        0        0        0        0 2018 Apr  9 0000:00
    99  2018.27105        2        0        0        0        0        0        2        0        0        0        2        0        0        0        2        0        0        0        0 2018 Apr 10 0000:00
   100  2018.27379        2        0        0        0        0        0        2        0        0        0        2        0        0        0        2        0        0        0        0 2018 Apr 11 0000:00
   101  2018.27652        2        0        0        0        0        0        2        0        0        0        2        0        0        0        2        0        0        0        0 2018 Apr 12 0000:00
   102  2018.27926        2        0        0        0        0        0        2        0        0        0        2        0        0        0        2        0        0        0        0 2018 Apr 13 0000:00
   103  2018.28200        2        0        0        0        0        0        2        0        0        0        2        0        0        0        2        0        0        0        0 2018 Apr 14 0000:00
   104  2018.28474        2        0        0        0        0        0        2        0        0        0        2        0        0        0        2        0        0        0        0 2018 Apr 15 0000:00
   105  2018.28747        2        0        0        0        0        0        2        0        0        0        2        0        0        0        2        0        0        0        0 2018 Apr 16 0000:00
   106  2018.29021        2        0        0        0        0        0        2        0        0        0        2        0        0        0        2        0        0        0        0 2018 Apr 17 0000:00
   107  2018.29295        2        0        0        0        0        0        2        0        0        0        2        0        0        0        2        0        0        0        0 2018 Apr 18 0000:00
   108  2018.29569        2        0        0        0        0        0        2        0        0        0        2        0        0        0        2        0        0        0        0 2018 Apr 19 0000:00
   109  2018.29843        2        0        0        0        0        0        2        0        0        0        2        0        0        0        2        0        0        0        0 2018 Apr 20 0000:00
   110  2018.30116        2        0        0        0        0        0        2        0        0        0        2        0        0        0        2        0        0        0        0 2018 Apr 21 0000:00
   111  2018.30390        2        0        0        0        0        0        2        0        0        0        2        0        0        0        2        0        0        0        0 2018 Apr 22 0000:00
   112  2018.30664        2        0        0        0        0        0        2        0        0        0        2        0        0        0        2        0        0        0        0 2018 Apr 23 0000:00
   113  2018.30938        2        0        0        0        0        0        2        0        0        0        2        0        0        0        2        0        0        0        0 2018 Apr 24 0000:00
   114  2018.31211        2        0        0        0        0        0        2        0        0        0        2        0        0        0        2        0        0        0        0 2018 Apr 25 0000:00
   115  2018.31485        2        0        0        0        0        0        2        0        0        0        2        0        0        0        2        0        0        0        0 2018 Apr 26 0000:00
   116  2018.31759        2        0        0        0        0        0        2        0        0        0        2        0        0        0        2        0        0        0        0 2018 Apr 27 0000:00
   117  2018.32033        2        0        0        0        0        0        2        0        0        0        2        0        0        0        2        0        0        0        0 2018 Apr 28 0000:00
   118  2018.32307        2        0        0        0        0        0        2        0        0        0        2        0        0        0        2        0        0        0        0 2018 Apr 29 0000:00
   119  2018.32580        2        0        0        0        0        0        2        0        0        0        2        0        0        0        2        0        0        0        0 2018 Apr 30 0000:00
   120  2018.32854        2        0        0        0        0        0        2        0        0        0        2        0        0        0        2        0        0        0        0 2018 May  1 0000:00
   121  2018.33128        2        0        0        0        0        0        2        0        0        0        2        0        0        0        2        0        0        0        0 2018 May  2 0000:00
   122  2018.33402        2        0        0        0        0        0        2        0        0        0        2        0        0        0        2        0        0        0        0 2018 May  3 0000:00
   123  2018.33676        2        0        0        0        0        0        2        0        0        0        2        0        0        0        2        0        0        0        0 2018 May  4 0000:00
   124  2018.33949        2        0        0        0        0        0        2        0        0        0        2        0        0        0        2        0        0        0        0 2018 May  5 0000:00
   125  2018.34223        2        0        0        0        0        0        2        0        0        0        2        0        0        0        2        0        0        0        0 2018 May  6 0000:00
   126  2018.34497        2        0        0        0        0        0        2        0        0        0        2        0        0        0        2        0        0        0        0 2018 May  7 0000:00
   127  2018.34771        2        0        0        0        0        0        2        0        0        0        2        0        0        0        2        0        0        0        0 2018 May  8 0000:00
   128  2018.35044        2        0        0        0        0        0        2        0        0        0        2        0        0        0        2        0        0        0        0 2018 May  9 0000:00
   129  2018.35318        2        0        0        0        0        0        2        0        0        0        2        0        0        0        2        0        0        0        0 2018 May 10 0000:00
   130  2018.35592        2        0        0        0        0        0        2        0        0        0        2        0        0        0        2        0        0        0        0 2018 May 11 0000:00
   131  2018.35866        2        0        0        0        0        0        2        0        0        0        2        0        0        0        2        0        0        0        0 2018 May 12 0000:00
   132  2018.36140        2        0        0        0        0        0        2        0        0        0        2        0        0        0        2        0        0        0        0 2018 May 13 0000:00
   133  2018.36413        2        0        0        0        0        0        2        0        0        0        2        0        0        0        2        0        0        0        0 2018 May 14 0000:00
   134  2018.36687        2        0        0        0        0        0        2        0        0        0        2        0        0        0        2        0        0        0        0 2018 May 15 0000:00
   135  2018.36961        2        0        0        0        0        0        2        0        0        0        2        0        0        0        2        0        0        0        0 2018 May 16 0000:00
   136  2018.37235        2        0        0        0        0        0        2        0        0        0        2        0        0        0        2        0        0        0        0 2018 May 17 0000:00
   137  2018.37509        2        0        0        0        0        0        2        0        0        0        2        0        0        0        2        0        0        0        0 2018 May 18 0000:00
   138  2018.37782        2        0        0        0        0        0        2        0        0        0        2        0        0        0        2        0        0        0        0 2018 May 19 0000:00
   139  2018.38056        2        0        0        0        0        0        2        0        0        0        2        0        0        0        2        0        0        0        0 2018 May 20 0000:00
   140  2018.38330        2        0        0        0        0        0        2        0        0        0        2        0        0        0        2        0        0        0        0 2018 May 21 0000:00
   141  2018.38604        2        0        0        0        0        0        2        0        0        0        2        0        0        0        2        0        0        0        0 2018 May 22 0000:00
   142  2018.38877        2        0        0        0        0        0        2        0        0        0        2        0        0        0        2        0        0        0        0 2018 May 23 0000:00
   143  2018.39151        2        0        0        0        0        0        2        0        0        0        2        0        0        0        2        0        0        0        0 2018 May 24 0000:00
   144  2018.39425        2        0        0        0        0        0        2        0        0        0        2        0        0        0        2        0        0        0        0 2018 May 25 0000:00
   145  2018.39699        2        0        0        0        0        0        2        0        0        0        2        0        0        0        2        0        0        0        0 2018 May 26 0000:00
   146  2018.39973        2        0        0        0        0        0        2        0        0        0        2        0        0        0        2        0        0        0        0 2018 May 27 0000:00
   147  2018.40246        2        0        0        0        0        0        2        0        0        0        2        0        0        0        2        0        0        0        0 2018 May 28 0000:00
   148  2018.40520        2        0        0        0        0        0        2        0        0        0        2        0        0        0        2        0        0        0        0 2018 May 29 0000:00
   149  2018.40794        2        0        0        0        0        0        2        0        0        0        2        0        0        0        2        0        0        0        0 2018 May 30 0000:00
   150  2018.41068        2        0        0        0        0        0        2        0        0        0        2        0        0        0        2        0        0        0        0 2018 May 31 0000:00
   151  2018.41342        2        0        0        0        0        0        2        0        0        0        2        0        0        0        2        0        0        0        0 2018 Jun  1 0000:00
   152  2018.41615        2        0        0        0        0        0        2        0        0        0        2        0        0        0        2        0        0        0        0 2018 Jun  2 0000:00
   153  2018.41889        2        0        0        0        0        0        2        0        0        0        2        0        0        0        2        0        0        0        0 2018 Jun  3 0000:00
   154  2018.42163        2        0        0        0        0        0        2        0        0        0        2        0        0        0        2        0        0        0        0 2018 Jun  4 0000:00
   155  2018.42437        2        0        0        0        0        0        2        0        0        0        2        0        0        0        2        0        0        0        0 2018 Jun  5 0000:00
   156  2018.42710        2        0        0        0        0        0        2        0        0        0        2        0        0        0        2        0        0        0        0 2018 Jun  6 0000:00
   157  2018.42984        2        0        0        0        0        0        2        0        0        0        2        0        0        0        2        0        0        0        0 2018 Jun  7 0000:00
   158  2018.43258        2        0        0        0        0        0        2        0        0        0        2        0        0        0        2        0        0        0        0 2018 Jun  8 0000:00
   159  2018.43532        2        0        0        0        0        0        2        0        0        0        2        0        0        0        2        0        0        0        0 2018 Jun  9 0000:00
   160  2018.43806        2        0        0        0        0        0        2        0        0        0        2        0        0        0        2        0        0        0        0 2018 Jun 10 0000:00
   161  2018.44079        2        0        0        0        0        0        2        0        0        0        2        0        0        0        2        0        0        0        0 2018 Jun 11 0000:00
   162  2018.44353        2        0        0        0        0        0        2        0        0        0        2        0        0        0        2        0        0        0        0 2018 Jun 12 0000:00
   163  2018.44627        2        0        0        0        0        0        2        0        0        0        2        0        0        0        2        0        0        0        0 2018 Jun 13 0000:00
   164  2018.44901        2        0        0        0        0        0        2        0        0        0        2        0        0        0        2        0        0        0        0 2018 Jun 14 0000:00
   165  2018.45175        2        0        0        0        0        0        2        0        0        0        2        0        0        0        2        0        0        0        0 2018 Jun 15 0000:00
   166  2018.45448        2        0        0        0        0        0        2        0        0        0        2        0        0        0        2        0        0        0        0 2018 Jun 16 0000:00
   167  2018.45722        2        0        0        0        0        0        2        0        0        0        2        0        0        0        2        0        0        0        0 2018 Jun 17 0000:00
   168  2018.45996        2        0        0        0        0        0        2        0        0        0        2        0        0        0        2        0        0        0        0 2018 Jun 18 0000:00
   169  2018.46270        2        0        0        0        0        0        2        0        0        0        2        0        0        0        2        0        0        0        0 2018 Jun 19 0000:00
   170  2018.46543        2        0        0        0        0        0        2        0        0        0        2        0        0        0        2        0        0        0        0 2018 Jun 20 0000:00
   171  2018.46817        2        0        0        0        0        0        2        0        0        0        2        0        0        0        2        0        0        0        0 2018 Jun 21 0000:00
   172  2018.47091        2        0        0        0        0        0        2        0        0        0        2        0        0        0        2        0        0        0        0 2018 Jun 22 0000:00
   173  2018.47365        2        0        0        0        0        0        2        0        0        0        2        0        0        0        2        0        0        0        0 2018 Jun 23 0000:00
   174  2018.47639        2        0        0        0        0        0        2        0        0        0        2        0        0        0        2        0        0        0        0 2018 Jun 24 0000:00
   175  2018.47912        2        0        0        0        0        0        2        0        0        0        2        0        0        0        2        0        0        0        0 2018 Jun 25 0000:00
   176  2018.48186        2        0        0        0        0        0        2        0        0        0        2        0        0        0        2        0        0        0        0 2018 Jun 26 0000:00
   177  2018.48460        2        0        0        0        0        0        2        0        0        0        2        0        0        0        2        0        0        0        0 2018 Jun 27 0000:00
   178  2018.48734        2        0        0        0        0        0        2        0        0        0        2        0        0        0        2        0        0        0        0 2018 Jun 28 0000:00
   179  2018.49008        2        0        0        0        0        0        2        0        0        0        2        0        0        0        2        0        0        0        0 2018 Jun 29 0000:00
   180  2018.49281        2        0        0        0        0        0        2        0        0        0        2        0        0        0        2        0        0        0        0 2018 Jun 30 0000:00
   181  2018.49555        2        0        0        0        0        0        2        0        0        0        2        0        0        0        2        0        0        0        0 2018 Jul  1 0000:00
   182  2018.49829        2        0        0        0        0        0        2        0        0        0        2        0        0        0        2        0        0        0        0 2018 Jul  2 0000:00
   183  2018.50103        2        0        0        0        0        0        2        0        0        0        2        0        0        0        2        0        0        0        0 2018 Jul  3 0000:00
   184  2018.50376        2        0        0        0        0        0        2        0        0        0        2        0        0        0        2        0        0        0        0 2018 Jul  4 0000:00
   185  2018.50650        2        0        0        0        0        0        2        0        0        0        2        0        0        0        2        0        0        0        0 2018 Jul  5 0000:00
   186  2018.50924        2        0        0        0        0        0        2        0        0        0        2        0        0        0        2        0        0        0        0 2018 Jul  6 0000:00
   187  2018.51198        2        0        0        0        0        0        2        0        0        0        2        0        0        0        2        0        0        0        0 2018 Jul  7 0000:00
   188  2018.51472        2        0        0        0        0        0        2        0        0        0        2        0        0        0        2        0        0        0        0 2018 Jul  8 0000:00
   189  2018.51745        2        0        0        0        0        0        2        0        0        0        2        0        0        0        2        0        0        0        0 2018 Jul  9 0000:00
   190  2018.52019        2        0        0        0        0        0        2        0        0        0        2        0        0        0        2        0        0        0        0 2018 Jul 10 0000:00
   191  2018.52293        2        0        0        0        0        0        2        0        0        0        2        0        0        0        2        0        0        0        0 2018 Jul 11 0000:00
   192  2018.52567        2        0        0        0        0        0        2        0        0        0        2        0        0        0        2        0        0        0        0 2018 Jul 12 0000:00
   193  2018.52841        2        0        0        0        0        0        2        0        0        0        2        0        0        0        2        0        0        0        0 2018 Jul 13 0000:00
   194  2018.53114        2        0        0        0        0        0        2        0        0        0        2        0        0        0        2        0        0        0        0 2018 Jul 14 0000:00
   195  2018.53388        2        0        0        0        0        0        2        0        0        0        2        0        0        0        2        0        0        0        0 2018 Jul 15 0000:00
   196  2018.53662        2        0        0        0        0        0        2        0        0        0        2        0        0        0        2        0        0        0        0 2018 Jul 16 0000:00
   197  2018.53936        2        0        0        0        0        0        2        0        0        0        2        0        0        0        2        0        0        0        0 2018 Jul 17 0000:00
   198  2018.54209        2        0        0        0        0        0        2        0        0        0        2        0        0        0        2        0        0        0        0 2018 Jul 18 0000:00
   199  2018.54483        2        0        0        0        0        0        2        0        0        0        2        0        0        0        2        0        0        0        0 2018 Jul 19 0000:00
   200  2018.54757        2        0        0        0        0        0        2        0        0        0        2        0        0        0        2        0        0        0        0 2018 Jul 20 0000:00
   201  2018.55031        2        0        0        0        0        0        2        0        0        0        2        0        0        0        2        0        0        0        0 2018 Jul 21 0000:00
   202  2018.55305        2        0        0        0        0        0        2        0        0        0        2        0        0        0        2        0        0        0        0 2018 Jul 22 0000:00
   203  2018.55578        2        0        0        0        0        0        2        0        0        0        2        0        0        0        2        0        0        0        0 2018 Jul 23 0000:00
   204  2018.55852        2        0        0        0        0        0        2        0        0        0        2        0        0        0        2        0        0        0        0 2018 Jul 24 0000:00
   205  2018.56126        2        0        0        0        0        0        2        0        0        0        2        0        0        0        2        0        0        0        0 2018 Jul 25 0000:00
   206  2018.56400        2        0        0        0        0        0        2        0        0        0        2        0        0        0        2        0        0        0        0 2018 Jul 26 0000:00
   207  2018.56674        2        0        0        0        0        0        2        0        0        0        2        0        0        0        2        0        0        0        0 2018 Jul 27 0000:00
   208  2018.56947        2        0        0        0        0        0        2        0        0        0        2        0        0        0        2        0        0        0        0 2018 Jul 28 0000:00
   209  2018.57221        2        0        0        0        0        0        2        0        0        0        2        0        0        0        2        0        0        0        0 2018 Jul 29 0000:00
   210  2018.57495        2        0        0        0        0        0        2        0        0        0        2        0        0        0        2        0        0        0        0 2018 Jul 30 0000:00
   211  2018.57769        2        0        0        0        0        0        2        0        0        0        2        0        0        0        2        0        0        0        0 2018 Jul 31 0000:00
   212  2018.58042        2        0        0        0        0        0        2        0        0        0        2        0        0        0        2        0        0        0        0 2018 Aug  1 0000:00
   213  2018.58316        2        0        0        0        0        0        2        0        0        0        2        0        0        0        2        0        0        0        0 2018 Aug  2 0000:00
   214  2018.58590        2        0        0        0        0        0        2        0        0        0        2        0        0        0        2        0        0        0        0 2018 Aug  3 0000:00
   215  2018.58864        2        0        0        0        0        0        2        0        0        0        2        0        0        0        2        0        0        0        0 2018 Aug  4 0000:00
   216  2018.59138        2        0        0        0        0        0        2        0        0        0        2        0        0        0        2        0        0        0        0 2018 Aug  5 0000:00
   217  2018.59411        2        0        0        0        0        0        2        0        0        0        2        0        0        0        2        0        0        0        0 2018 Aug  6 0000:00
   218  2018.59685        2        0        0        0        0        0        2        0        0        0        2        0        0        0        2        0        0        0        0 2018 Aug  7 0000:00
   219  2018.59959        2        0        0        0        0        0        2        0        0        0        2        0        0        0        2        0        0        0        0 2018 Aug  8 0000:00
   220  2018.60233        2        0        0        0        0        0        2        0        0        0        2        0        0        0        2        0        0        0        0 2018 Aug  9 0000:00
   221  2018.60507        2        0        0        0        0        0        2        0        0        0        2        0        0        0        2        0        0        0        0 2018 Aug 10 0000:00
   222  2018.60780        2        0        0        0        0        0        2        0        0        0        2        0        0        0        2        0        0        0        0 2018 Aug 11 0000:00
   223  2018.61054        2        0        0        0        0        0        2        0        0        0        2        0        0        0        2        0        0        0        0 2018 Aug 12 0000:00
   224  2018.61328        2        0        0        0        0        0        2        0        0        0        2        0        0        0        2        0        0        0        0 2018 Aug 13 0000:00
   225  2018.61602        2        0        0        0        0        0        2        0        0        0        2        0        0        0        2        0        0        0        0 2018 Aug 14 0000:00
   226  2018.61875        2        0        0        0        0        0        2        0        0        0        2        0        0        0        2        0        0        0        0 2018 Aug 15 0000:00
   227  2018.62149        2        0        0        0        0        0        2        0        0        0        2        0        0        0        2        0        0        0        0 2018 Aug 16 0000:00
   228  2018.62423        2        0        0        0        0        0        2        0        0        0        2        0        0        0        2        0        0        0        0 2018 Aug 17 0000:00
   229  2018.62697        2        0        0        0        0        0        2        0        0        0        2        0        0        0        2        0        0        0        0 2018 Aug 18 0000:00
   230  2018.62971        2        0        0        0        0        0        2        0        0        0        2        0        0        0        2        0        0        0        0 2018 Aug 19 0000:00
   231  2018.63244        2        0        0        0        0        0        2        0        0        0        2        0        0        0        2        0        0        0        0 2018 Aug 20 0000:00
   232  2018.63518        2        0        0        0        0        0        2        0        0        0        2        0        0        0        2        0        0        0        0 2018 Aug 21 0000:00
   233  2018.63792        2        0        0        0        0        0        2        0        0        0        2        0        0        0        2        0        0        0        0 2018 Aug 22 0000:00
   234  2018.64066        2        0        0        0        0        0        2        0        0        0        2        0        0        0        2        0        0        0        0 2018 Aug 23 0000:00
   235  2018.64339        2        0        0        0        0        0        2        0        0        0        2        0        0        0        2        0        0        0        0 2018 Aug 24 0000:00
   236  2018.64613        2        0        0        0        0        0        2        0        0        0        2        0        0        0        2        0        0        0        0 2018 Aug 25 0000:00
   237  2018.64887        2        0        0        0        0        0        2        0        0        0        2        0        0        0        2        0        0        0        0 2018 Aug 26 0000:00
   238  2018.65161        2        0        0        0        0        0        2        0        0        0        2        0        0        0        2        0        0        0        0 2018 Aug 27 0000:00
   239  2018.65435        2        0        0        0        0        0        2        0        0        0        2        0        0        0        2        0        0        0        0 2018 Aug 28 0000:00
   240  2018.65708        2        0        0        0        0        0        2        0        0        0        2        0        0        0        2        0        0        0        0 2018 Aug 29 0000:00
   241  2018.65982        2        0        0        0        0        0        2        0        0        0        2        0        0        0        2        0        0        0        0 2018 Aug 30 0000:00
   242  2018.66256        2        0        0        0        0        0        2        0        0        0        2        0        0        0        2        0        0        0        0 2018 Aug 31 0000:00
   243  2018.66530        2        0        0        0        0        0        2        0        0        0        2        0        0        0        2        0        0        0        0 2018 Sep  1 0000:00
   244  2018.66804        2        0        0        0        0        0        2        0        0        0        2        0        0        0        2        0        0        0        0 2018 Sep  2 0000:00
   245  2018.67077        2        0        0        0        0        0        2        0        0        0        2        0        0        0        2        0        0        0        0 2018 Sep  3 0000:00
   246  2018.67351        2        0        0        0        0        0        2        0        0        0        2        0        0        0        2        0        0        0        0 2018 Sep  4 0000:00
   247  2018.67625        2        0        0        0        0        0        2        0        0        0        2        0        0        0        2        0        0        0        0 2018 Sep  5 0000:00
   248  2018.67899        2        0        0        0        0        0        2        0        0        0        2        0        0        0        2        0        0        0        0 2018 Sep  6 0000:00
   249  2018.68172        2        0        0        0        0        0        2        0        0        0        2        0        0        0        2        0        0        0        0 2018 Sep  7 0000:00
   250  2018.68446        2        0        0        0        0        0        2        0        0        0        2        0        0        0        2        0        0        0        0 2018 Sep  8 0000:00
   251  2018.68720        2        0        0        0        0        0        2        0        0        0        2        0        0        0        2        0        0        0        0 2018 Sep  9 0000:00
   252  2018.68994        2        0        0        0        0        0        2        0        0        0        2        0        0        0        2        0        0        0        0 2018 Sep 10 0000:00
   253  2018.69268        2        0        0        0        0        0        2        0        0        0        2        0        0        0        2        0        0        0        0 2018 Sep 11 0000:00
   254  2018.69541        2        0        0        0        0        0        2        0        0        0        2        0        0        0        2        0        0        0        0 2018 Sep 12 0000:00
   255  2018.69815        2        0        0        0        0        0        2        0        0        0        2        0        0        0        2        0        0        0        0 2018 Sep 13 0000:00
   256  2018.70089        2        0        0        0        0        0        2        0        0        0        2        0        0        0        2        0        0        0        0 2018 Sep 14 0000:00
   257  2018.70363        2        0        0        0        0        0        2        0        0        0        2        0        0        0        2        0        0        0        0 2018 Sep 15 0000:00
   258  2018.70637        2        0        0        0        0        0        2        0        0        0        2        0        0        0        2        0        0        0        0 2018 Sep 16 0000:00
   259  2018.70910        2        0        0        0        0        0        2        0        0        0        2        0        0        0        2        0        0        0        0 2018 Sep 17 0000:00
   260  2018.71184        2        0        0        0        0        0        2        0        0        0        2        0        0        0        2        0        0        0        0 2018 Sep 18 0000:00
   261  2018.71458        2        0        0        0        0        0        2        0        0        0        2        0        0        0        2        0        0        0        0 2018 Sep 19 0000:00
   262  2018.71732        2        0        0        0        0        0        2        0        0        0        2        0        0        0        2        0        0        0        0 2018 Sep 20 0000:00
   263  2018.72005        2        0        0        0        0        0        2        0        0        0        2        0        0        0        2        0        0        0        0 2018 Sep 21 0000:00
   264  2018.72279        2        0        0        0        0        0        2        0        0        0        2        0        0        0        2        0        0        0        0 2018 Sep 22 0000:00
   265  2018.72553        2        0        0        0        0        0        2        0        0        0        2        0        0        0        2        0        0        0        0 2018 Sep 23 0000:00
   266  2018.72827        2        0        0        0        0        0        2        0        0        0        2        0        0        0        2        0        0        0        0 2018 Sep 24 0000:00
   267  2018.73101        2        0        0        0        0        0        2        0        0        0        2        0        0        0        2        0        0        0        0 2018 Sep 25 0000:00
   268  2018.73374        2        0        0        0        0        0        2        0        0        0        2        0        0        0        2        0        0        0        0 2018 Sep 26 0000:00
   269  2018.73648        2        0        0        0        0        0        2        0        0        0        2        0        0        0        2        0        0        0        0 2018 Sep 27 0000:00
   270  2018.73922        2        0        0        0        0        0        2        0        0        0        2        0        0        0        2        0        0        0        0 2018 Sep 28 0000:00
   271  2018.74196        2        0        0        0        0        0        2        0        0        0        2        0        0        0        2        0        0        0        0 2018 Sep 29 0000:00
   272  2018.74470        2        0        0        0        0        0        2        0        0        0        2        0        0        0        2        0        0        0        0 2018 Sep 30 0000:00
   273  2018.74743        2        0        0        0        0        0        2        0        0        0        2        0        0        0        2        0        0        0        0 2018 Oct  1 0000:00
   274  2018.75017        2        0        0        0        0        0        2        0        0        0        2        0        0        0        2        0        0        0        0 2018 Oct  2 0000:00
   275  2018.75291        2        0        0        0        0        0        2        0        0        0        2        0        0        0        2        0        0        0        0 2018 Oct  3 0000:00
   276  2018.75565        2        0        0        0        0        0        2        0        0        0        2        0        0        0        2        0        0        0        0 2018 Oct  4 0000:00
   277  2018.75838        2        0        0        0        0        0        2        0        0        0        2        0        0        0        2        0        0        0        0 2018 Oct  5 0000:00
   278  2018.76112        2        0        0        0        0        0        2        0        0        0        2        0        0        0        2        0        0        0        0 2018 Oct  6 0000:00
   279  2018.76386        2        0        0        0        0        0        2        0        0        0        2        0        0        0        2        0        0        0        0 2018 Oct  7 0000:00
   280  2018.76660        2        0        0        0        0        0        2        0        0        0        2        0        0        0        2        0        0        0        0 2018 Oct  8 0000:00
   281  2018.76934        2        0        0        0        0        0        2        0        0        0        2        0        0        0        2        0        0        0        0 2018 Oct  9 0000:00
   282  2018.77207        2        0        0        0        0        0        2        0        0        0        2        0        0        0        2        0        0        0        0 2018 Oct 10 0000:00
   283  2018.77481        2        0        0        0        0        0        2        0        0        0        2        0        0        0        2        0        0        0        0 2018 Oct 11 0000:00
   284  2018.77755        2        0        0        0        0        0        2        0        0        0        2        0        0        0        2        0        0        0        0 2018 Oct 12 0000:00
   285  2018.78029        2        0        0        0        0        0        2        0        0        0        2        0        0        0        2        0        0        0        0 2018 Oct 13 0000:00
   286  2018.78303        2        0        0        0        0        0        2        0        0        0        2        0        0        0        2        0        0        0        0 2018 Oct 14 0000:00
   287  2018.78576        2        0        0        0        0        0        2        0        0        0        2        0        0        0        2        0        0        0        0 2018 Oct 15 0000:00
   288  2018.78850        2        0        0        0        0        0        2        0        0        0        2        0        0        0        2        0        0        0        0 2018 Oct 16 0000:00
   289  2018.79124        2        0        0        0        0        0        2        0        0        0        2        0        0        0        2        0        0        0        0 2018 Oct 17 0000:00
   290  2018.79398        2        0        0        0        0        0        2        0        0        0        2        0        0        0        2        0        0        0        0 2018 Oct 18 0000:00
   291  2018.79671        2        0        0        0        0        0        2        0        0        0        2        0        0        0        2        0        0        0        0 2018 Oct 19 0000:00
   292  2018.79945        2        0        0        0        0        0        2        0        0        0        2        0        0        0        2        0        0        0        0 2018 Oct 20 0000:00
   293  2018.80219        2        0        0        0        0        0        2        0        0        0        2        0        0        0        2        0        0        0        0 2018 Oct 21 0000:00
   294  2018.80493        2        0        0        0        0        0        2        0        0        0        2        0        0        0        2        0        0        0        0 2018 Oct 22 0000:00
   295  2018.80767        2        0        0        0        0        0        2        0        0        0        2        0        0        0        2        0        0        0        0 2018 Oct 23 0000:00
   296  2018.81040        2        0        0        0        0        0        2        0        0        0        2        0        0        0        2        0        0        0        0 2018 Oct 24 0000:00
   297  2018.81314        2        0        0        0        0        0        2        0        0        0        2        0        0        0        2        0        0        0        0 2018 Oct 25 0000:00
   298  2018.81588        2        0        0        0        0        0        2        0        0        0        2        0        0        0        2        0        0        0        0 2018 Oct 26 0000:00
   299  2018.81862        2        0        0        0        0        0        2        0        0        0        2        0        0        0        2        0        0        0        0 2018 Oct 27 0000:00
   300  2018.82136        2        0        0        0        0        0        2        0        0        0        2        0        0        0        2        0        0        0        0 2018 Oct 28 0000:00
   301  2018.82409        2        0        0        0        0        0        2        0        0        0        2        0        0        0        2        0        0        0        0 2018 Oct 29 0000:00
   302  2018.82683        2        0        0        0        0        0        2        0        0        0        2        0        0        0        2        0        0        0        0 2018 Oct 30 0000:00
   303  2018.82957        2        0        0        0        0        0        2        0        0        0        2        0        0        0        2        0        0        0        0 2018 Oct 31 0000:00
   304  2018.83231        2        0        0        0        0        0        2        0        0        0        2        0        0        0        2        0        0        0        0 2018 Nov  1 0000:00
   305  2018.83504        2        0        0        0        0        0        2        0        0        0        2        0        0        0        2        0        0        0        0 2018 Nov  2 0000:00
   306  2018.83778        2        0        0        0        0        0        2        0        0        0        2        0        0        0        2        0        0        0        0 2018 Nov  3 0000:00
   307  2018.84052        2        0        0        0        0        0        2        0        0        0        2        0        0        0        2        0        0        0        0 2018 Nov  4 0000:00
   308  2018.84326        2        0        0        0        0        0        2        0        0        0        2        0        0        0        2        0        0        0        0 2018 Nov  5 0000:00
   309  2018.84600        2        0        0        0        0        0        2        0        0        0        2        0        0        0        2        0        0        0        0 2018 Nov  6 0000:00
   310  2018.84873        2        0        0        0        0        0        2        0        0        0        2        0        0        0        2        0        0        0        0 2018 Nov  7 0000:00
   311  2018.85147        2        0        0        0        0        0        2        0        0        0        2        0        0        0        2        0        0        0        0 2018 Nov  8 0000:00
   312  2018.85421        2        0        0        0        0        0        2        0        0        0        2        0        0        0        2        0        0        0        0 2018 Nov  9 0000:00
   313  2018.85695        2        0        0        0        0        0        2        0        0        0        2        0        0        0        2        0        0        0        0 2018 Nov 10 0000:00
   314  2018.85969        2        0        0        0        0        0        2        0        0        0        2        0        0        0        2        0        0        0        0 2018 Nov 11 0000:00
   315  2018.86242        2        0        0        0        0        0        2        0        0        0        2        0        0        0        2        0        0        0        0 2018 Nov 12 0000:00
   316  2018.86516        2        0        0        0        0        0        2        0        0        0        2        0        0        0        2        0        0        0        0 2018 Nov 13 0000:00
   317  2018.86790        2        0        0        0        0        0        2        0        0        0        2        0        0        0        2        0        0        0        0 2018 Nov 14 0000:00
   318  2018.87064        2        0        0        0        0        0        2        0        0        0        2        0        0        0        2        0        0        0        0 2018 Nov 15 0000:00
   319  2018.87337        2        0        0        0        0        0        2        0        0        0        2        0        0        0        2        0        0        0        0 2018 Nov 16 0000:00
   320  2018.87611        2        0        0        0        0        0        2        0        0        0        2        0        0        0        2        0        0        0        0 2018 Nov 17 0000:00
   321  2018.87885        2        0        0        0        0        0        2        0        0        0        2        0        0        0        2        0        0        0        0 2018 Nov 18 0000:00
   322  2018.88159        2        0        0        0        0        0        2        0        0        0        2        0        0        0        2        0        0        0        0 2018 Nov 19 0000:00
   323  2018.88433        2        0        0        0        0        0        2        0        0        0        2        0        0        0        2        0        0        0        0 2018 Nov 20 0000:00
   324  2018.88706        2        0        0        0        0        0        2        0        0        0        2        0        0        0        2        0        0        0        0 2018 Nov 21 0000:00
   325  2018.88980        2        0        0        0        0        0        2        0        0        0        2        0        0        0        2        0        0        0        0 2018 Nov 22 0000:00
   326  2018.89254        2        0        0        0        0        0        2        0        0        0        2        0        0        0        2        0        0        0        0 2018 Nov 23 0000:00
   327  2018.89528        2        0        0        0        0        0        2        0        0        0        2        0        0        0        2        0        0        0        0 2018 Nov 24 0000:00
   328  2018.89802        2        0        0        0        0        0        2        0        0        0        2        0        0        0        2        0        0        0        0 2018 Nov 25 0000:00
   329  2018.90075        2        0        0        0        0        0        2        0        0        0        2        0        0        0        2        0        0        0        0 2018 Nov 26 0000:00
   330  2018.90349        2        0        0        0        0        0        2        0        0        0        2        0        0        0        2        0        0        0        0 2018 Nov 27 0000:00
   331  2018.90623        2        0        0        0        0        0        2        0        0        0        2        0        0        0        2        0        0        0        0 2018 Nov 28 0000:00
   332  2018.90897        2        0        0        0        0        0        2        0        0        0        2        0        0        0        2        0        0        0        0 2018 Nov 29 0000:00
   333  2018.91170        2        0        0        0        0        0        2        0        0        0        2        0        0        0        2        0        0        0        0 2018 Nov 30 0000:00
   334  2018.91444        2        0        0        0        0        0        2        0        0        0        2        0        0        0        2        0        0        0        0 2018 Dec  1 0000:00
   335  2018.91718        2        0        0        0        0        0        2        0        0        0        2        0        0        0        2        0        0        0        0 2018 Dec  2 0000:00
   336  2018.91992        2        0        0        0        0        0        2        0        0        0        2        0        0        0        2        0        0        0        0 2018 Dec  3 0000:00
   337  2018.92266        2        0        0        0        0        0        2        0        0        0        2        0        0        0        2        0        0        0        0 2018 Dec  4 0000:00
   338  2018.92539        2        0        0        0        0        0        2        0        0        0        2        0        0        0        2        0        0        0        0 2018 Dec  5 0000:00
   339  2018.92813        2        0        0        0        0        0        2        0        0        0        2        0        0        0        2        0        0        0        0 2018 Dec  6 0000:00
   340  2018.93087        2        0        0        0        0        0        2        0        0        0        2        0        0        0        2        0        0        0        0 2018 Dec  7 0000:00
   341  2018.93361        2        0        0        0        0        0        2        0        0        0        2        0        0        0        2        0        0        0        0 2018 Dec  8 0000:00
   342  2018.93634        2        0        0        0        0        0        2        0        0        0        2        0        0        0        2        0        0        0        0 2018 Dec  9 0000:00
   343  2018.93908        2        0        0        0        0        0        2        0        0        0        2        0        0        0        2        0        0        0        0 2018 Dec 10 0000:00
   344  2018.94182        2        0        0        0        0        0        2        0        0        0        2        0        0        0        2        0        0        0        0 2018 Dec 11 0000:00
   345  2018.94456        2        0        0        0        0        0        2        0        0        0        2        0        0        0        2        0        0        0        0 2018 Dec 12 0000:00
   346  2018.94730        2        0        0        0        0        0        2        0        0        0        2        0        0        0        2        0        0        0        0 2018 Dec 13 0000:00
   347  2018.95003        2        0        0        0        0        0        2        0        0        0        2        0        0        0        2        0        0        0        0 2018 Dec 14 0000:00
   348  2018.95277        2        0        0        0        0        0        2        0        0        0        2        0        0        0        2        0        0        0        0 2018 Dec 15 0000:00
   349  2018.95551        2        0        0        0        0        0        2        0        0        0        2        0        0        0        2        0        0        0        0 2018 Dec 16 0000:00
   350  2018.95825        2        0        0        0        0        0        2        0        0        0        2        0        0        0        2        0        0        0        0 2018 Dec 17 0000:00
   351  2018.96099        2        0        0        0        0        0        2        0        0        0        2        0        0        0        2        0        0        0        0 2018 Dec 18 0000:00
   352  2018.96372        2        0        0        0        0        0        2        0        0        0        2        0        0        0        2        0        0        0        0 2018 Dec 19 0000:00
   353  2018.96646        2        0        0        0        0        0        2        0        0        0        2        0        0        0        2        0        0        0        0 2018 Dec 20 0000:00
   354  2018.96920        2        0        0        0        0        0        2        0        0        0        2        0        0        0        2        0        0        0        0 2018 Dec 21 0000:00
   355  2018.97194        2        0        0        0        0        0        2        0        0        0        2        0        0        0        2        0        0        0        0 2018 Dec 22 0000:00
   356  2018.97467        2        0        0        0        0        0        2        0        0        0        2        0        0        0        2        0        0        0        0 2018 Dec 23 0000:00
   357  2018.97741        2        0        0        0        0        0        2        0        0        0        2        0        0        0        2        0        0        0        0 2018 Dec 24 0000:00
   358  2018.98015        2        0        0        0        0        0        2        0        0        0        2        0        0        0        2        0        0        0        0 2018 Dec 25 0000:00
   359  2018.98289        2        0        0        0        0        0        2        0        0        0        2        0        0        0        2        0        0        0        0 2018 Dec 26 0000:00
   360  2018.98563        2        0        0        0        0        0        2        0        0        0        2        0        0        0        2        0        0        0        0 2018 Dec 27 0000:00
   361  2018.98836        2        0        0        0        0        0        2        0        0        0        2        0        0        0        2        0        0        0        0 2018 Dec 28 0000:00
   362  2018.99110        2        0        0        0        0        0        2        0        0        0        2        0        0        0        2        0        0        0        0 2018 Dec 29 0000:00
   363  2018.99384        2        0        0        0        0        0        2        0        0        0        2        0        0        0        2        0        0        0        0 2018 Dec 30 0000:00
   364  2018.99658        2        0        0        0        0        0        2        0        0        0        2        0        0        0        2        0        0        0        0 2018 Dec 31 0000:00
   365  2018.99932        2        0        0        0        0        0        2        0        0        0        2        0        0        0        2        0        0        0        0 2019 Jan  1 0000:00
   366  2019.00205        2        0        0        0        0        0        2        0        0        0        2        0        0        0        2        0        0        0        0 2019 Jan  2 0000:00
   367  2019.00479        2        0        0        0        0        0        2        0        0        0        2        0        0        0        2        0        0        0        0 2019 Jan  3 0000:00
   368  2019.00753        2        0        0        0        0        0        2        0        0        0        2        0        0        0        2        0        0        0        0 2019 Jan  4 0000:00
   369  2019.01027        2        0        0        0        0        0        2        0        0        0        2        0        0        0        2        0        0        0        0 2019 Jan  5 0000:00
   370  2019.01300        2        0        0        0        0        0        2        0        0        0        2        0        0        0        2        0        0        0        0 2019 Jan  6 0000:00
   371  2019.01574        2        0        0        0        0        0        2        0        0        0        2        0        0        0        2        0        0        0        0 2019 Jan  7 0000:00
   372  2019.01848        2        0        0        0        0        0        2        0        0        0        2        0        0        0        2        0        0        0        0 2019 Jan  8 0000:00
   373  2019.02122        2        0        0        0        0        0        2        0        0        0        2        0        0        0        2        0        0        0        0 2019 Jan  9 0000:00
   374  2019.02396        2        0        0        0        0        0        2        0        0        0        2        0        0        0        2        0        0        0        0 2019 Jan 10 0000:00
   375  2019.02669        2        0        0        0        0        0        2        0        0        0        2        0        0        0        2        0        0        0        0 2019 Jan 11 0000:00
   376  2019.02943        2        0        0        0        0        0        2        0        0        0        2        0        0        0        2        0        0        0        0 2019 Jan 12 0000:00
   377  2019.03217        2        0        0        0        0        0        2        0        0        0        2        0        0        0        2        0        0        0        0 2019 Jan 13 0000:00
   378  2019.03491        2        0        0        0        0        0        2        0        0        0        2        0        0        0        2        0        0        0        0 2019 Jan 14 0000:00
   379  2019.03765        2        0        0        0        0        0        2        0        0        0        2        0        0        0        2        0        0        0        0 2019 Jan 15 0000:00
   380  2019.04038        2        0        0        0        0        0        2        0        0        0        2        0        0        0        2        0        0        0        0 2019 Jan 16 0000:00
   381  2019.04312        2        0        0        0        0        0        2        0        0        0        2        0        0        0        2        0        0        0        0 2019 Jan 17 0000:00
   382  2019.04586        2        0        0        0        0        0        2        0        0        0        2        0        0        0        2        0        0        0        0 2019 Jan 18 0000:00
   383  2019.04860        2        0        0        0        0        0        2        0        0        0        2        0        0        0        2        0        0        0        0 2019 Jan 19 0000:00
   384  2019.05133        2        0        0        0        0        0        2        0        0        0        2        0        0        0        2        0        0        0        0 2019 Jan 20 0000:00
   385  2019.05407        2        0        0        0        0        0        2        0        0        0        2        0        0        0        2        0        0        0        0 2019 Jan 21 0000:00
   386  2019.05681        2        0        0        0        0        0        2        0        0        0        2        0        0        0        2        0        0        0        0 2019 Jan 22 0000:00
   387  2019.05955        2        0        0        0        0        0        2        0        0        0        2        0        0        0        2        0        0        0        0 2019 Jan 23 0000:00
   388  2019.06229        2        0        0        0        0        0        2        0        0        0        2        0        0        0        2        0        0        0        0 2019 Jan 24 0000:00
   389  2019.06502        2        0        0        0        0        0        2        0        0        0        2        0        0        0        2        0        0        0        0 2019 Jan 25 0000:00
   390  2019.06776        2        0        0        0        0        0        2        0        0        0        2        0        0        0        2        0        0        0        0 2019 Jan 26 0000:00
   391  2019.07050        2        0        0        0        0        0        2        0        0        0        2        0        0        0        2        0        0        0        0 2019 Jan 27 0000:00
   392  2019.07324        2        0        0        0        0        0        2        0        0        0        2        0        0        0        2        0        0        0        0 2019 Jan 28 0000:00
   393  2019.07598        2        0        0        0        0        0        2        0        0        0        2        0        0        0        2        0        0        0        0 2019 Jan 29 0000:00
   394  2019.07871        2        0        0        0        0        0        2        0        0        0        2        0        0        0        2        0        0        0        0 2019 Jan 30 0000:00
   395  2019.08145        2        0        0        0        0        0        2        0        0        0        2        0        0        0        2        0        0        0        0 2019 Jan 31 0000:00
   396  2019.08419        2        0        0        0        0        0        2        0        0        0        2        0        0        0        2        0        0        0        0 2019 Feb  1 0000:00
   397  2019.08693        2        0        0        0        0        0        2        0        0        0        2        0        0        0        2        0        0        0        0 2019 Feb  2 0000:00
   398  2019.08966        2        0        0        0        0        0        2        0        0        0        2        0        0        0        2        0        0        0        0 2019 Feb  3 0000:00
   399  2019.09240        2        0        0        0        0        0        2        0        0        0        2        0        0        0        2        0        0        0        0 2019 Feb  4 0000:00
   400  2019.09514        2        0        0        0        0        0        2        0        0        0        2        0        0        0        2        0        0        0        0 2019 Feb  5 0000:00
   401  2019.09788        2        0        0        0        0        0        2        0        0        0        2        0        0        0        2        0        0        0        0 2019 Feb  6 0000:00
   402  2019.10062        2        0        0        0        0        0        2        0        0        0        2        0        0        0        2        0        0        0        0 2019 Feb  7 0000:00
   403  2019.10335        2        0        0        0        0        0        2        0        0        0        2        0        0        0        2        0        0        0        0 2019 Feb  8 0000:00
   404  2019.10609        2        0        0        0        0        0        2        0        0        0        2        0        0        0        2        0        0        0        0 2019 Feb  9 0000:00
   405  2019.10883        2        0        0        0        0        0        2        0        0        0        2        0        0        0        2        0        0        0        0 2019 Feb 10 0000:00
   406  2019.11157        2        0        0        0        0        0        2        0        0        0        2        0        0        0        2        0        0        0        0 2019 Feb 11 0000:00
   407  2019.11431        2        0        0        0        0        0        2        0        0        0        2        0        0        0        2        0        0        0        0 2019 Feb 12 0000:00
   408  2019.11704        2        0        0        0        0        0        2        0        0        0        2        0        0        0        2        0        0        0        0 2019 Feb 13 0000:00
   409  2019.11978        2        0        0        0        0        0        2        0        0        0        2        0        0        0        2        0        0        0        0 2019 Feb 14 0000:00
   410  2019.12252        2        0        0        0        0        0        2        0        0        0        2        0        0        0        2        0        0        0        0 2019 Feb 15 0000:00
   411  2019.12526        2        0        0        0        0        0        2        0        0        0        2        0        0        0        2        0        0        0        0 2019 Feb 16 0000:00
   412  2019.12799        2        0        0        0        0        0        2        0        0        0        2        0        0        0        2        0        0        0        0 2019 Feb 17 0000:00
   413  2019.13073        2        0        0        0        0        0        2        0        0        0        2        0        0        0        2        0        0        0        0 2019 Feb 18 0000:00
   414  2019.13347        2        0        0        0        0        0        2        0        0        0        2        0        0        0        2        0        0        0        0 2019 Feb 19 0000:00
   415  2019.13621        2        0        0        0        0        0        2        0        0        0        2        0        0        0        2        0        0        0        0 2019 Feb 20 0000:00
   416  2019.13895        2        0        0        0        0        0        2        0        0        0        2        0        0        0        2        0        0        0        0 2019 Feb 21 0000:00
   417  2019.14168        2        0        0        0        0        0        2        0        0        0        2        0        0        0        2        0        0        0        0 2019 Feb 22 0000:00
   418  2019.14442        2        0        0        0        0        0        2        0        0        0        2        0        0        0        2        0        0        0        0 2019 Feb 23 0000:00
   419  2019.14716        2        0        0        0        0        0        2        0        0        0        2        0        0        0        2        0        0        0        0 2019 Feb 24 0000:00
   420  2019.14990        2        0        0        0        0        0        2        0        0        0        2        0        0        0        2        0        0        0        0 2019 Feb 25 0000:00
   421  2019.15264        2        0        0        0        0        0        2        0        0        0        2        0        0        0        2        0        0        0        0 2019 Feb 26 0000:00
   422  2019.15537        2        0        0        0        0        0        2        0        0        0        2        0        0        0        2        0        0        0        0 2019 Feb 27 0000:00
   423  2019.15811        2        0        0        0        0        0        2        0        0        0        2        0        0        0        2        0        0        0        0 2019 Feb 28 0000:00
   424  2019.16085        2        0        0        0        0        0        2        0        0        0        2        0        0        0        2        0        0        0        0 2019 Mar  1 0000:00
   425  2019.16359        2        0        0        0        0        0        2        0        0        0        2        0        0        0        2        0        0        0        0 2019 Mar  2 0000:00
   426  2019.16632        2        0        0        0        0        0        2        0        0        0        2        0        0        0        2        0        0        0        0 2019 Mar  3 0000:00
   427  2019.16906        2        0        0        0        0        0        2        0        0        0        2        0        0        0        2        0        0        0        0 2019 Mar  4 0000:00
   428  2019.17180        2        0        0        0        0        0        2        0        0        0        2        0        0        0        2        0        0        0        0 2019 Mar  5 0000:00
   429  2019.17454        2        0        0        0        0        0        2        0        0        0        2        0        0        0        2        0        0        0        0 2019 Mar  6 0000:00
   430  2019.17728        2        0        0        0        0        0        2        0        0        0        2        0        0        0        2        0        0        0        0 2019 Mar  7 0000:00
   431  2019.18001        2        0        0        0        0        0        2        0        0        0        2        0        0        0        2        0        0        0        0 2019 Mar  8 0000:00
   432  2019.18275        2        0        0        0        0        0        2        0        0        0        2        0        0        0        2        0        0        0        0 2019 Mar  9 0000:00
   433  2019.18549        2        0        0        0        0        0        2        0        0        0        2        0        0        0        2        0        0        0        0 2019 Mar 10 0000:00
   434  2019.18823        2        0        0        0        0        0        2        0        0        0        2        0        0        0        2        0        0        0        0 2019 Mar 11 0000:00
   435  2019.19097        2        0        0        0        0        0        2        0        0        0        2        0        0        0        2        0        0        0        0 2019 Mar 12 0000:00
   436  2019.19370        2        0        0        0        0        0        2        0        0        0        2        0        0        0        2        0        0        0        0 2019 Mar 13 0000:00
   437  2019.19644        2        0        0        0        0        0        2        0        0        0        2        0        0        0        2        0        0        0        0 2019 Mar 14 0000:00
   438  2019.19918        2        0        0        0        0        0        2        0        0        0        2        0        0        0        2        0        0        0        0 2019 Mar 15 0000:00
   439  2019.20192        2        0        0        0        0        0        2        0        0        0        2        0        0        0        2        0        0        0        0 2019 Mar 16 0000:00
   440  2019.20465        2        0        0        0        0        0        2        0        0        0        2        0        0        0        2        0        0        0        0 2019 Mar 17 0000:00
   441  2019.20739        2        0        0        0        0        0        2        0        0        0        2        0        0        0        2        0        0        0        0 2019 Mar 18 0000:00
   442  2019.21013        2        0        0        0        0        0        2        0        0        0        2        0        0        0        2        0        0        0        0 2019 Mar 19 0000:00
   443  2019.21287        2        0        0        0        0        0        2        0        0        0        2        0        0        0        2        0        0        0        0 2019 Mar 20 0000:00
   444  2019.21561        2        0        0        0        0        0        2        0        0        0        2        0        0        0        2        0        0        0        0 2019 Mar 21 0000:00
   445  2019.21834        2        0        0        0        0        0        2        0        0        0        2        0        0        0        2        0        0        0        0 2019 Mar 22 0000:00
   446  2019.22108        2        0        0        0        0        0        2        0        0        0        2        0        0        0        2        0        0        0        0 2019 Mar 23 0000:00
   447  2019.22382        2        0        0        0        0        0        2        0        0        0        2        0        0        0        2        0        0        0        0 2019 Mar 24 0000:00
   448  2019.22656        2        0        0        0        0        0        2        0        0        0        2        0        0        0        2        0        0        0        0 2019 Mar 25 0000:00
   449  2019.22930        2        0        0        0        0        0        2        0        0        0        2        0        0        0        2        0        0        0        0 2019 Mar 26 0000:00
   450  2019.23203        2        0        0        0        0        0        2        0        0        0        2        0        0        0        2        0        0        0        0 2019 Mar 27 0000:00
   451  2019.23477        2        0        0        0        0        0        2        0        0        0        2        0        0        0        2        0        0        0        0 2019 Mar 28 0000:00
   452  2019.23751        2        0        0        0        0        0        2        0        0        0        2        0        0        0        2        0        0        0        0 2019 Mar 29 0000:00
   453  2019.24025        2        0        0        0        0        0        2        0        0        0        2        0        0        0        2        0        0        0        0 2019 Mar 30 0000:00
   454  2019.24298        2        0        0        0        0        0        2        0        0        0        2        0        0        0        2        0        0        0        0 2019 Mar 31 0000:00
   455  2019.24572        2        0        0        0        0        0        2        0        0        0        2        0        0        0        2        0        0        0        0 2019 Apr  1 0000:00
   456  2019.24846        2        0        0        0        0        0        2        0        0        0        2        0        0        0        2        0        0        0        0 2019 Apr  2 0000:00
   457  2019.25120        2        0        0        0        0        0        2        0        0        0        2        0        0        0        2        0        0        0        0 2019 Apr  3 0000:00
   458  2019.25394        2        0        0        0        0        0        2        0        0        0        2        0        0        0        2        0        0        0        0 2019 Apr  4 0000:00
   459  2019.25667        2        0        0        0        0        0        2        0        0        0        2        0        0        0        2        0        0        0        0 2019 Apr  5 0000:00
   460  2019.25941        2        0        0        0        0        0        2        0        0        0        2        0        0        0        2        0        0        0        0 2019 Apr  6 0000:00
   461  2019.26215        2        0        0        0        0        0        2        0        0        0        2        0        0        0        2        0        0        0        0 2019 Apr  7 0000:00
   462  2019.26489        2        0        0        0        0        0        2        0        0        0        2        0        0        0        2        0        0        0        0 2019 Apr  8 0000:00
   463  2019.26762        2        0        0        0        0        0        2        0        0        0        2        0        0        0        2        0        0        0        0 2019 Apr  9 0000:00
   464  2019.27036        2        0        0        0        0        0        2        0        0        0        2        0        0        0        2        0        0        0        0 2019 Apr 10 0000:00
   465  2019.27310        2        0        0        0        0        0        2        0        0        0        2        0        0        0        2        0        0        0        0 2019 Apr 11 0000:00
   466  2019.27584        2        0        0        0        0        0        2        0        0        0        2        0        0        0        2        0        0        0        0 2019 Apr 12 0000:00
   467  2019.27858        2        0        0        0        0        0        2        0        0        0        2        0        0        0        2        0        0        0        0 2019 Apr 13 0000:00
   468  2019.28131        2        0        0        0        0        0        2        0        0        0        2        0        0        0        2        0        0        0        0 2019 Apr 14 0000:00
   469  2019.28405        2        0        0        0        0        0        2        0        0        0        2        0        0        0        2        0        0        0        0 2019 Apr 15 0000:00
   470  2019.28679        2        0        0        0        0        0        2        0        0        0        2        0        0        0        2        0        0        0        0 2019 Apr 16 0000:00
   471  2019.28953        2        0        0        0        0        0        2        0        0        0        2        0        0        0        2        0        0        0        0 2019 Apr 17 0000:00
   472  2019.29227        2        0        0        0        0        0        2        0        0        0        2        0        0        0        2        0        0        0        0 2019 Apr 18 0000:00
   473  2019.29500        2        0        0        0        0        0        2        0        0        0        2        0        0        0        2        0        0        0        0 2019 Apr 19 0000:00
   474  2019.29774        2        0        0        0        0        0        2        0        0        0        2        0        0        0        2        0        0        0        0 2019 Apr 20 0000:00
   475  2019.30048        2        0        0        0        0        0        2        0        0        0        2        0        0        0        2        0        0        0        0 2019 Apr 21 0000:00
   476  2019.30322        2        0        0        0        0        0        2        0        0        0        2        0        0        0        2        0        0        0        0 2019 Apr 22 0000:00
   477  2019.30595        2        0        0        0        0        0        2        0        0        0        2        0        0        0        2        0        0        0        0 2019 Apr 23 0000:00
   478  2019.30869        2        0        0        0        0        0        2        0        0        0        2        0        0        0        2        0        0        0        0 2019 Apr 24 0000:00
   479  2019.31143        2        0        0        0        0        0        2        0        0        0        2        0        0        0        2        0        0        0        0 2019 Apr 25 0000:00
   480  2019.31417        2        0        0        0        0        0        2        0        0        0        2        0        0        0        2        0        0        0        0 2019 Apr 26 0000:00
   481  2019.31691        2        0        0        0        0        0        2        0        0        0        2        0        0        0        2        0        0        0        0 2019 Apr 27 0000:00
   482  2019.31964        2        0        0        0        0        0        2        0        0        0        2        0        0        0        2        0        0        0        0 2019 Apr 28 0000:00
   483  2019.32238        2        0        0        0        0        0        2        0        0        0        2        0        0        0        2        0        0        0        0 2019 Apr 29 0000:00
   484  2019.32512        2        0        0        0        0        0        2        0        0        0        2        0        0        0        2        0        0        0        0 2019 Apr 30 0000:00
   485  2019.32786        2        0        0        0        0        0        2        0        0        0        2        0        0        0        2        0        0        0        0 2019 May  1 0000:00
   486  2019.33060        2        0        0        0        0        0        2        0        0        0        2        0        0        0        2        0        0        0        0 2019 May  2 0000:00
   487  2019.33333        2        0        0        0        0        0        2        0        0        0        2        0        0        0        2        0        0        0        0 2019 May  3 0000:00
   488  2019.33607        2        0        0        0        0        0        2        0        0        0        2        0        0        0        2        0        0        0        0 2019 May  4 0000:00
   489  2019.33881        2        0        0        0        0        0        2        0        0        0        2        0        0        0        2        0        0        0        0 2019 May  5 0000:00
   490  2019.34155        2        0        0        0        0        0        2        0        0        0        2        0        0        0        2        0        0        0        0 2019 May  6 0000:00
   491  2019.34428        2        0        0        0        0        0        2        0        0        0        2        0        0        0        2        0        0        0        0 2019 May  7 0000:00
   492  2019.34702        2        0        0        0        0        0        2        0        0        0        2        0        0        0        2        0        0        0        0 2019 May  8 0000:00
   493  2019.34976        2        0        0        0        0        0        2        0        0        0        2        0        0        0        2        0        0        0        0 2019 May  9 0000:00
   494  2019.35250        2        0        0        0        0        0        2        0        0        0        2        0        0        0        2        0        0        0        0 2019 May 10 0000:00
   495  2019.35524        2        0        0        0        0        0        2        0        0        0        2        0        0        0        2        0        0        0        0 2019 May 11 0000:00
   496  2019.35797        2        0        0        0        0        0        2        0        0        0        2        0        0        0        2        0        0        0        0 2019 May 12 0000:00
   497  2019.36071        2        0        0        0        0        0        2        0        0        0        2        0        0        0        2        0        0        0        0 2019 May 13 0000:00
   498  2019.36345        2        0        0        0        0        0        2        0        0        0        2        0        0        0        2        0        0        0        0 2019 May 14 0000:00
   499  2019.36619        2        0        0        0        0        0        2        0        0        0        2        0        0        0        2        0        0        0        0 2019 May 15 0000:00
   500  2019.36893        2        0        0        0        0        0        2        0        0        0        2        0        0        0        2        0        0        0        0 2019 May 16 0000:00
   501  2019.37166        2        0        0        0        0        0        2        0        0        0        2        0        0        0        2        0        0        0        0 2019 May 17 0000:00
   502  2019.37440        2        0        0        0        0        0        2        0        0        0        2        0        0        0        2        0        0        0        0 2019 May 18 0000:00
   503  2019.37714        2        0        0        0        0        0        2        0        0        0        2        0        0        0        2        0        0        0        0 2019 May 19 0000:00
   504  2019.37988        2        0        0        0        0        0        2        0        0        0        2        0        0        0        2        0        0        0        0 2019 May 20 0000:00
   505  2019.38261        2        0        0        0        0        0        2        0        0        0        2        0        0        0        2        0        0        0        0 2019 May 21 0000:00
   506  2019.38535        2        0        0        0        0        0        2        0        0        0        2        0        0        0        2        0        0        0        0 2019 May 22 0000:00
   507  2019.38809        2        0        0        0        0        0        2        0        0        0        2        0        0        0        2        0        0        0        0 2019 May 23 0000:00
   508  2019.39083       62        0        0        0        0        0       62        0        0        0       62        0        0        0        2        0       60        0        0 2019 May 24 0000:00
   509  2019.39357       62        0        0        0        0        0       62        0        1        0       61        0        0        0        2        0       59        0        0 2019 May 25 0000:00
   510  2019.39630       62        0        0        0        0        0       62        0        1        0       61        0        0        0        2        0       59        0        0 2019 May 26 0000:00
   511  2019.39904       62        0        0        0        0        0       62        0        1        0       61        1        0        0        2        0       56        2        0 2019 May 27 0000:00
   512  2019.40178       62        0        0        0        0        0       62        0        1        0       61        1        0        0        2        0       56        2        0 2019 May 28 0000:00
   513  2019.40452       62        0        0        0        0        0       62        0        1        0       61        1        0        0        2        0       56        2        0 2019 May 29 0000:00
   514  2019.40726       62        0        0        0        0        0       62        0        1        0       61        2        0        0        2        0        1       56        0 2019 May 30 0000:00
   515  2019.40999       62        0        0        0        0        0       62        0        1        0       61        2        0        0        2        0        1       56        0 2019 May 31 0000:00
   516  2019.41273       62        0        0        0        0        0       62        0        1        0       61        2        0        0        2        0        1       56        0 2019 Jun  1 0000:00
   517  2019.41547       62        0        0        0        0        0       62        0        1        0       61        2        0        0        2        0        1       56        0 2019 Jun  2 0000:00
   518  2019.41821       62        0        0        0        0        0       62        0        1        0       61        2        0        0        2        0        1       56        0 2019 Jun  3 0000:00
   519  2019.42094       62        0        0        0        0        0       62        0        1        0       61        2        0        0        2        0        1       56        0 2019 Jun  4 0000:00
   520  2019.42368       62        0        0        0        0        0       62        0        1        0       61        2        0        0        2        0        1       56        0 2019 Jun  5 0000:00
   521  2019.42642       62        0        0        0        0        0       62        0        1        0       61        1        0        0        2        0        2       56        0 2019 Jun  6 0000:00
   522  2019.42916       62        0        0        0        0        0       62        0        2        0       60        2        0        0        2        0        2       54        0 2019 Jun  7 0000:00
   523  2019.43190       62        0        0        0        0        0       62        0        2        0       60        2        0        0        2        0        3       53        0 2019 Jun  8 0000:00
   524  2019.43463       62        0        0        0        0        0       62        0        2        0       60        5        3        0        2        0        2       48        0 2019 Jun  9 0000:00
   525  2019.43737       62        0        0        0        0        0       62        0        2        0       60        5        2        0        2        0        3       48        0 2019 Jun 10 0000:00
   526  2019.44011       62        0        0        0        0        0       62        0        2        0       60        5        1        0        2        0        1       51        0 2019 Jun 11 0000:00
   527  2019.44285       62        0        0        0        0        0       62        0        2        0       60        4        1        0        2        0        1       52        0 2019 Jun 12 0000:00
   528  2019.44559       62        0        0        0        0        0       62        0        2        0       60        3        0        0        2        0        0       53        2 2019 Jun 13 0000:00
   529  2019.44832       62        0        0        0        0        0       62        0        2        0       60        2        0        0        3        0        0       53        2 2019 Jun 14 0000:00
   530  2019.45106       62        0        0        0        0        0       62        0        2        0       60        3        0        0       12        0        0       41        4 2019 Jun 15 0000:00
   531  2019.45380       62        0        0        0        0        0       62        0        2        0       60        3        0        0       14        0        0       35        8 2019 Jun 16 0000:00
   532  2019.45654       62        0        0        0        0        0       62        0        2        0       60        3        0        0       17        0        0       29       11 2019 Jun 17 0000:00
   533  2019.45927       62        0        0        0        0        0       62        0        3        0       59        2        0        0       18        0        2       21       16 2019 Jun 18 0000:00
   534  2019.46201       62        0        0        0        0        0       62        0        3        0       59        2        0        0       23        0        2       17       15 2019 Jun 19 0000:00
   535  2019.46475       62        0        0        0        0        0       62        0        3        0       59        2        0        0       11        0        2       16       28 2019 Jun 20 0000:00
   536  2019.46749       62        0        0        0        0        0       62        0        3        0       59        2        0        0        6        0        2       15       34 2019 Jun 21 0000:00
   537  2019.47023       62        0        0        0        0        0       62        0        3        0       59        2        0        0        7        0        2       15       33 2019 Jun 22 0000:00
   538  2019.47296       62        0        0        0        0        0       62        0        3        0       59        2        0        0        8        0        2       14       33 2019 Jun 23 0000:00
   539  2019.47570       62        0        0        0        0        0       62        0        3        0       59        2        0        0       10        0        2        8       37 2019 Jun 24 0000:00
   540  2019.47844       62        0        0        0        0        0       62        0        3        0       59        2        0        0       12        0        2        7       36 2019 Jun 25 0000:00
   541  2019.48118       62        0        0        0        0        0       62        0        3        0       59        1        0        0       13        0        3        3       39 2019 Jun 26 0000:00
   542  2019.48392       62        0        0        0        0        0       62        0        3        0       59        2        0        0       12        0        3        3       39 2019 Jun 27 0000:00
   543  2019.48665       62        0        0        0        0        0       62        0        3        0       59        2        0        0       12        0        2        3       40 2019 Jun 28 0000:00
   544  2019.48939       62        0        0        0        0        0       62        0        3        0       59        2        0        0       15        0        2        1       39 2019 Jun 29 0000:00
   545  2019.49213       62        0        0        0        0        0       62        0        3        0       59        2        0        0       14        0        2        1       40 2019 Jun 30 0000:00
   546  2019.49487       62        0        0        0        0        0       62        0        3        0       59        0        0        0       14        0        4        1       40 2019 Jul  1 0000:00
   547  2019.49760       62        0        0        0        0        0       62        0        3        0       59        0        0        0       11        0        4        1       43 2019 Jul  2 0000:00
   548  2019.50034       62        0        0        0        0        0       62        0        3        0       59        0        0        0       10        0        4        1       44 2019 Jul  3 0000:00
   549  2019.50308       62        0        0        0        0        0       62        0        3        0       59        0        0        0       15        0        4        1       39 2019 Jul  4 0000:00
   550  2019.50582       62        0        0        0        0        0       62        0        3        0       59        0        0        0        8        0        4        0       47 2019 Jul  5 0000:00
   551  2019.50856       62        0        0        0        0        0       62        0        3        0       59        0        0        0       16        0        4        0       39 2019 Jul  6 0000:00
   552  2019.51129       62        0        0        0        0        0       62        0        3        0       59        0        0        0       13        0        4        0       42 2019 Jul  7 0000:00
   553  2019.51403       62        0        0        0        0        0       62        0        3        0       59        2        0        0        8        0        4        0       45 2019 Jul  8 0000:00
   554  2019.51677       62        0        0        0        0        0       62        0        3        0       59        1        0        0        7        0        4        0       47 2019 Jul  9 0000:00
   555  2019.51951       62        0        0        0        0        0       62        0        3        0       59        0        0        0        7        0        4        0       48 2019 Jul 10 0000:00
   556  2019.52225       62        0        0        0        0        0       62        0        3        0       59        0        0        0        5        0        4        0       50 2019 Jul 11 0000:00
   557  2019.52498       62        0        0        0        0        0       62        0        3        0       59        0        0        0        5        0        4        0       50 2019 Jul 12 0000:00
   558  2019.52772       62        0        0        0        0        0       62        0        3        0       59        2        0        0        6        0        3        0       48 2019 Jul 13 0000:00
   559  2019.53046       62        0        0        0        0        0       62        0        3        0       59        1        0        0        6        0        3        0       49 2019 Jul 14 0000:00
   560  2019.53320       62        0        0        0        0        0       62        0        3        0       59        2        0        0        6        0        3        0       48 2019 Jul 15 0000:00
   561  2019.53593       62        0        0        0        0        0       62        0        3        0       59        2        0        0        6        0        3        0       48 2019 Jul 16 0000:00
   562  2019.53867       62        0        0        0        0        0       62        0        3        0       59        1        0        0        7        0        3        0       48 2019 Jul 17 0000:00
   563  2019.54141       62        0        0        0        0        0       62        0        3        0       59        2        0        0        6        0        3        0       48 2019 Jul 18 0000:00
   564  2019.54415       62        0        0        0        0        0       62        0        3        0       59        1        0        0        7        0        3        0       48 2019 Jul 19 0000:00
   565  2019.54689       62        0        0        0        0        0       62        0        3        0       59        2        0        0        7        0        3        0       47 2019 Jul 20 0000:00
   566  2019.54962       62        0        0        0        0        0       62        0        3        0       59        2        0        0        7        0        3        0       47 2019 Jul 21 0000:00
   567  2019.55236       62        0        0        0        0        0       62        0        3        0       59        3        0        0        6        0        3        0       47 2019 Jul 22 0000:00
   568  2019.55510       62        0        0        0        0        0       62        0        3        0       59        3        0        0        6        0        3        0       47 2019 Jul 23 0000:00
   569  2019.55784       62        0        0        0        0        0       62        0        3        0       59        3        0        0        6        0        3        0       47 2019 Jul 24 0000:00
   570  2019.56057       62        0        0        0        0        0       62        0        3        0       59        3        0        0        5        0        3        0       48 2019 Jul 25 0000:00
   571  2019.56331       62        0        0        0        0        0       62        0        3        0       59        2        0        0        5        0        4        0       48 2019 Jul 26 0000:00
   572  2019.56605       62        0        0        0        0        0       62        0        3        0       59        1        0        0        5        0        4        1       48 2019 Jul 27 0000:00
   573  2019.56879       62        0        0        0        0        0       62        0        3        0       59        1        0        0        5        0        4        1       48 2019 Jul 28 0000:00
   574  2019.57153       62        0        0        0        0        0       62        0        3        0       59        1        0        0        5        0        4        1       48 2019 Jul 29 0000:00
   575  2019.57426       62        0        0        0        0        0       62        0        3        0       59        1        0        0        5        0        3        2       48 2019 Jul 30 0000:00
   576  2019.57700       62        0        0        0        0        0       62        0        3        0       59        0        0        0        5        0        4        2       48 2019 Jul 31 0000:00
   577  2019.57974       62        0        0        0        0        0       62        0        3        0       59        1        0        0        5        0        3        2       48 2019 Aug  1 0000:00
   578  2019.58248       62        0        0        0        0        0       62        0        3        0       59        1        0        0        5        0        4        1       48 2019 Aug  2 0000:00
   579  2019.58522       62        0        0        0        0        0       62        0        3        0       59        1        0        0        5        0        4        1       48 2019 Aug  3 0000:00
   580  2019.58795       62        0        0        0        0        0       62        0        3        0       59        1        0        0        5        0        4        1       48 2019 Aug  4 0000:00
   581  2019.59069       62        0        0        0        0        0       62        0        3        0       59        1        0        0        6        0        4        1       47 2019 Aug  5 0000:00
   582  2019.59343       62        0        0        0        0        0       62        0        3        0       59        1        0        0        5        0        4        1       48 2019 Aug  6 0000:00
   583  2019.59617       62        0        0        0        0        0       62        0        3        0       59        1        1        0        5        0        3        1       48 2019 Aug  7 0000:00
   584  2019.59890       62        0        0        0        0        0       62        0        3        0       59        1        1        0        5        0        3        1       48 2019 Aug  8 0000:00
   585  2019.60164       62        0        0        0        0        0       62        0        3        0       59        1        1        0        5        0        4        0       48 2019 Aug  9 0000:00
   586  2019.60438       62        0        0        0        0        0       62        0        3        0       59        1        1        0        5        0        4        0       48 2019 Aug 10 0000:00
   587  2019.60712       62        0        0        0        0        0       62        0        3        0       59        1        1        0        5        0        4        0       48 2019 Aug 11 0000:00
   588  2019.60986       62        0        0        0        0        0       62        0        3        0       59        1        1        0        5        0        4        0       48 2019 Aug 12 0000:00
   589  2019.61259       62        0        0        0        0        0       62        0        3        0       59        0        0        0        6        0        5        1       47 2019 Aug 13 0000:00
   590  2019.61533       62        0        0        0        0        0       62        0        3        0       59        0        0        0        5        0        5        1       48 2019 Aug 14 0000:00
   591  2019.61807       62        0        0        0        0        0       62        0        3        0       59        0        0        0        5        0        5        1       48 2019 Aug 15 0000:00
   592  2019.62081       62        0        0        0        0        0       62        0        3        0       59        0        0        0        6        0        5        1       47 2019 Aug 16 0000:00
   593  2019.62355       62        0        0        0        0        0       62        0        3        0       59        0        0        0        6        0        5        1       47 2019 Aug 17 0000:00
   594  2019.62628       62        0        0        0        0        0       62        0        3        0       59        0        0        0        6        0        6        0       47 2019 Aug 18 0000:00
   595  2019.62902       62        0        0        0        0        0       62        0        3        0       59        0        0        0        6        0        6        0       47 2019 Aug 19 0000:00
   596  2019.63176       62        0        0        0        0        0       62        0        3        0       59        0        0        0        6        0        6        0       47 2019 Aug 20 0000:00
   597  2019.63450       62        0        0        0        0        0       62        0        3        0       59        0        0        0        5        0        6        0       48 2019 Aug 21 0000:00
   598  2019.63723       62        0        0        0        0        0       62        0        3        0       59        0        0        0        6        0        6        0       47 2019 Aug 22 0000:00
   599  2019.63997       62        0        0        0        0        0       62        0        3        0       59        0        0        0        6        0        6        0       47 2019 Aug 23 0000:00
   600  2019.64271       62        0        0        0        0        0       62        0        3        0       59        0        0        0        5        0        6        0       48 2019 Aug 24 0000:00
   601  2019.64545       62        0        0        0        0        0       62        0        3        0       59        0        0        0        6        0        6        0       47 2019 Aug 25 0000:00
   602  2019.64819       62        0        0        0        0        0       62        0        3        0       59        0        0        0        6        0        6        0       47 2019 Aug 26 0000:00
   603  2019.65092       62        0        0        0        0        0       62        0        3        0       59        0        0        0        6        0        6        0       47 2019 Aug 27 0000:00
   604  2019.65366       62        0        0        0        0        0       62        0        3        0       59        0        0        0        6        0        6        0       47 2019 Aug 28 0000:00
   605  2019.65640       62        0        0        0        0        0       62        0        3        0       59        0        0        0        5        0        6        0       48 2019 Aug 29 0000:00
   606  2019.65914       62        0        0        0        0        0       62        0        3        0       59        0        0        0        5        0        6        0       48 2019 Aug 30 0000:00
   607  2019.66188       62        0        0        0        0        0       62        0        3        0       59        0        0        0        5        0        6        0       48 2019 Aug 31 0000:00
   608  2019.66461       62        0        0        0        0        0       62        0        3        0       59        0        0        0        5        0        6        0       48 2019 Sep  1 0000:00
   609  2019.66735       62        0        0        0        0        0       62        0        3        0       59        0        0        0        5        0        6        0       48 2019 Sep  2 0000:00
   610  2019.67009       62        0        0        0        0        0       62        0        3        0       59        0        0        0        5        0        6        0       48 2019 Sep  3 0000:00
   611  2019.67283       62        0        0        0        0        0       62        0        3        0       59        0        0        0        5        0        6        0       48 2019 Sep  4 0000:00
   612  2019.67556       62        0        0        0        0        0       62        0        3        0       59        0        0        0        5        0        6        0       48 2019 Sep  5 0000:00
   613  2019.67830       62        0        0        0        0        0       62        0        3        0       59        0        0        0        5        0        6        0       48 2019 Sep  6 0000:00
   614  2019.68104       62        0        0        0        0        0       62        0        3        0       59        0        0        0        5        0        6        0       48 2019 Sep  7 0000:00
   615  2019.68378       62        0        0        0        0        0       62        0        3        0       59        0        0        0        5        0        6        0       48 2019 Sep  8 0000:00
   616  2019.68652       62        0        0        0        0        0       62        0        3        0       59        0        0        0        5        0        6        0       48 2019 Sep  9 0000:00
   617  2019.68925       62        0        0        0        0        0       62        0        3        0       59        0        0        0        5        0        6        0       48 2019 Sep 10 0000:00
   618  2019.69199       62        0        0        0        0        0       62        0        3        0       59        0        0        0        5        0        6        0       48 2019 Sep 11 0000:00
   619  2019.69473       62        0        0        0        0        0       62        0        3        0       59        0        0        0        5        0        6        0       48 2019 Sep 12 0000:00
   620  2019.69747       62        0        0        0        0        0       62        0        3        0       59        0        0        0        5        0        6        0       48 2019 Sep 13 0000:00
   621  2019.70021       62        0        0        0        0        0       62        0        3        0       59        0        0        0        5        0        6        0       48 2019 Sep 14 0000:00
   622  2019.70294       62        0        0        0        0        0       62        0        3        0       59        0        0        0        5        0        6        0       48 2019 Sep 15 0000:00
   623  2019.70568       62        0        0        0        0        0       62        0        3        0       59        0        0        0        5        0        6        0       48 2019 Sep 16 0000:00
   624  2019.70842       62        0        0        0        0        0       62        0        3        0       59        0        0        0        5        0        6        0       48 2019 Sep 17 0000:00
   625  2019.71116       62        0        0        0        0        0       62        0        3        0       59        0        0        0        5        0        6        0       48 2019 Sep 18 0000:00
   626  2019.71389       62        0        0        0        0        0       62        0        3        0       59        0        0        0        5        0        6        0       48 2019 Sep 19 0000:00
   627  2019.71663       62        0        0        0        0        0       62        0        3        0       59        0        0        0        5        0        6        0       48 2019 Sep 20 0000:00
   628  2019.71937       62        0        0        0        0        0       62        0        3        0       59        0        0        0        5        0        6        0       48 2019 Sep 21 0000:00
   629  2019.72211       62        0        0        0        0        0       62        0        3        0       59        0        0        0        5        0        6        0       48 2019 Sep 22 0000:00
   630  2019.72485       62        0        0        0        0        0       62        0        3        0       59        0        0        0        5        0        6        0       48 2019 Sep 23 0000:00
   631  2019.72758       62        0        0        0        0        0       62        0        3        0       59        0        0        0        5        0        6        0       48 2019 Sep 24 0000:00
   632  2019.73032       62        0        0        0        0        0       62        0        3        0       59        0        0        0        5        0        6        0       48 2019 Sep 25 0000:00
   633  2019.73306       62        0        0        0        0        0       62        0        3        0       59        0        0        0        5        0        6        0       48 2019 Sep 26 0000:00
   634  2019.73580       62        0        0        0        0        0       62        0        3        0       59        0        0        0        5        0        6        0       48 2019 Sep 27 0000:00
   635  2019.73854       62        0        0        0        0        0       62        0        3        0       59        0        0        0        5        0        6        0       48 2019 Sep 28 0000:00
   636  2019.74127       62        0        0        0        0        0       62        0        3        0       59        0        0        0        5        0        6        0       48 2019 Sep 29 0000:00
   637  2019.74401       62        0        0        0        0        0       62        0        3        0       59        0        0        0        5        0        6        0       48 2019 Sep 30 0000:00
   638  2019.74675       62        0        0        0        0        0       62        0        3        0       59        0        0        0        5        0        6        0       48 2019 Oct  1 0000:00
   639  2019.74949       62        0        0        0        0        0       62        0        3        0       59        0        0        0        5        0        6        0       48 2019 Oct  2 0000:00
   640  2019.75222       62        0        0        0        0        0       62        0        3        0       59        0        0        0        5        0        6        0       48 2019 Oct  3 0000:00
   641  2019.75496       62        0        0        0        0        0       62        0        3        0       59        0        0        0        5        0        6        0       48 2019 Oct  4 0000:00
   642  2019.75770       62        0        0        0        0        0       62        0        3        0       59        0        0        0        5        0        6        0       48 2019 Oct  5 0000:00
   643  2019.76044       62        0        0        0        0        0       62        0        3        0       59        0        0        0        5        0        6        0       48 2019 Oct  6 0000:00
   644  2019.76318       62        0        0        0        0        0       62        0        3        0       59        0        0        0        5        0        6        0       48 2019 Oct  7 0000:00
   645  2019.76591       62        0        0        0        0        0       62        0        3        0       59        0        0        0        5        0        6        0       48 2019 Oct  8 0000:00
   646  2019.76865       62        0        0        0        0        0       62        0        3        0       59        0        0        0        5        0        6        0       48 2019 Oct  9 0000:00
   647  2019.77139       62        0        0        0        0        0       62        0        3        0       59        0        0        0        5        0        6        0       48 2019 Oct 10 0000:00
   648  2019.77413       62        0        0        0        0        0       62        0        3        0       59        0        0        0        5        0        6        0       48 2019 Oct 11 0000:00
   649  2019.77687       62        0        0        0        0        0       62        0        3        0       59        0        0        0        5        0        6        0       48 2019 Oct 12 0000:00
   650  2019.77960       62        0        0        0        0        0       62        0        3        0       59        0        0        0        5        0        6        0       48 2019 Oct 13 0000:00
   651  2019.78234       62        0        0        0        0        0       62        0        3        0       59        0        0        0        5        0        6        0       48 2019 Oct 14 0000:00
   652  2019.78508       62        0        0        0        0        0       62        0        3        0       59        0        0        0        5        0        6        0       48 2019 Oct 15 0000:00
   653  2019.78782       62        0        0        0        0        0       62        0        3        0       59        0        0        0        5        0        6        0       48 2019 Oct 16 0000:00
   654  2019.79055       62        0        0        0        0        0       62        0        3        0       59        0        0        0        5        0        6        0       48 2019 Oct 17 0000:00
   655  2019.79329       62        0        0        0        0        0       62        0        3        0       59        0        0        0        5        0        6        0       48 2019 Oct 18 0000:00
   656  2019.79603       62        0        0        0        0        0       62        0        3        0       59        0        0        0        6        0        6        0       47 2019 Oct 19 0000:00
   657  2019.79877       62        0        0        0        0        0       62        0        3        0       59        0        0        0        7        0        6        0       46 2019 Oct 20 0000:00
   658  2019.80151       62        0        0        0        0        0       62        0        3        0       59        0        0        0        8        0        6        0       45 2019 Oct 21 0000:00
   659  2019.80424       62        0        0        0        0        0       62        0        3        0       59        0        0        0        6        0        6        0       47 2019 Oct 22 0000:00
   660  2019.80698       62        0        0        0        0        0       62        0        3        0       59        0        0        0        4        0        6        0       49 2019 Oct 23 0000:00
   661  2019.80972       62        0        0        0        0        0       62        0        3        0       59        0        0        0        4        0        6        0       49 2019 Oct 24 0000:00
   662  2019.81246       62        0        0        0        0        0       62        0        3        0       59        0        0        0        4        0        6        0       49 2019 Oct 25 0000:00
   663  2019.81520       62        0        0        0        0        0       62        0        3        0       59        0        0        0        4        0        6        0       49 2019 Oct 26 0000:00
   664  2019.81793       62        0        0        0        0        0       62        0        3        0       59        0        0        0        3        0        6        0       50 2019 Oct 27 0000:00
   665  2019.82067       62        0        0        0        0        0       62        0        3        0       59        0        1        0        3        0        6        0       49 2019 Oct 28 0000:00
   666  2019.82341       62        0        0        0        0        0       62        0        3        0       59        0        1        0        3        0        6        0       49 2019 Oct 29 0000:00
   667  2019.82615       62        0        0        0        0        0       62        0        3        0       59        0        0        0        3        0        6        0       50 2019 Oct 30 0000:00
   668  2019.82888       62        0        0        0        0        0       62        0        3        0       59        1        0        0        3        0        5        0       50 2019 Oct 31 0000:00
   669  2019.83162       62        0        0        0        0        0       62        0        3        0       59        1        0        0        3        0        5        0       50 2019 Nov  1 0000:00
   670  2019.83436       62        0        0        0        0        0       62        0        3        0       59        1        0        0        3        0        5        0       50 2019 Nov  2 0000:00
   671  2019.83710       62        0        0        0        0        0       62        0        3        0       59        1        0        0        4        0        5        0       49 2019 Nov  3 0000:00
   672  2019.83984       62        0        0        0        0        0       62        0        3        0       59        1        0        0        4        0        5        0       49 2019 Nov  4 0000:00
   673  2019.84257       62        0        0        0        0        0       62        0        3        0       59        0        0        0        3        0        6        0       50 2019 Nov  5 0000:00
   674  2019.84531       62        0        0        0        0        0       62        0        3        0       59        0        0        0        3        0        7        0       49 2019 Nov  6 0000:00
   675  2019.84805       62        0        0        0        0        0       62        0        3        0       59        0        1        0        4        0        6        0       48 2019 Nov  7 0000:00
   676  2019.85079       62        0        0        0        0        0       62        0        3        0       59        0        1        0        4        0        6        0       48 2019 Nov  8 0000:00
   677  2019.85352       62        0        0        0        0        0       62        0        3        0       59        0        1        0        4        0        6        0       48 2019 Nov  9 0000:00
   678  2019.85626       62        0        0        0        0        0       62        0        3        0       59        0        1        0        3        0        6        0       49 2019 Nov 10 0000:00
   679  2019.85900      122        0        0        0        0        0      122        1        3        0      118        0        0        0        4        0       66        0       48 2019 Nov 11 0000:00
   680  2019.86174      122        0        0        0        0        0      122        1        3        0      118        0        0        0        5        0       66        0       47 2019 Nov 12 0000:00
   681  2019.86448      122        0        0        0        0        0      122        1        3        0      118        0        0        0        5        0       66        0       47 2019 Nov 13 0000:00
   682  2019.86721      122        0        0        0        0        0      122        1        3        0      118        0        0        0        5        0       66        0       47 2019 Nov 14 0000:00
   683  2019.86995      122        0        0        0        0        0      122        1        3        0      118        0        0        0        6        0        7       59       46 2019 Nov 15 0000:00
   684  2019.87269      122        0        0        0        0        0      122        1        3        0      118        0        0        0        7        0        7       59       45 2019 Nov 16 0000:00
   685  2019.87543      122        0        0        0        0        0      122        1        3        0      118        0        0        0        7        0        7       59       45 2019 Nov 17 0000:00
   686  2019.87817      122        0        0        0        0        0      122        1        3        0      118        0        0        0        7        0        7       59       45 2019 Nov 18 0000:00
   687  2019.88090      122        0        0        0        0        0      122        1        3        0      118        0        0        0        7        0        7       59       45 2019 Nov 19 0000:00
   688  2019.88364      122        0        0        0        0        0      122        1        3        0      118        0        0        0        6        0        7       59       46 2019 Nov 20 0000:00
   689  2019.88638      122        0        0        0        0        0      122        1        3        0      118        0        0        0        6        0        7       59       46 2019 Nov 21 0000:00
   690  2019.88912      122        0        0        0        0        0      122        1        3        0      118        0        1        0        6        0        6       59       46 2019 Nov 22 0000:00
   691  2019.89185      122        0        0        0        0        0      122        1        3        0      118        1        2        0        6        0        4       59       46 2019 Nov 23 0000:00
   692  2019.89459      122        0        0        0        0        0      122        1        3        0      118        1        2        0        7        0        4       59       45 2019 Nov 24 0000:00
   693  2019.89733      122        0        0        0        0        0      122        1        3        0      118        2        2        0       43        0        4       59        8 2019 Nov 25 0000:00
   694  2019.90007      122        0        0        0        0        0      122        1        3        0      118       42        7        0        3        0        4       59        3 2019 Nov 26 0000:00
   695  2019.90281      122        0        0        0        0        0      122        1        3        0      118       41        6        0        2        0        5       59        5 2019 Nov 27 0000:00
   696  2019.90554      122        0        0        0        0        0      122        1        3        0      118       42        7        0        2        0       12       51        4 2019 Nov 28 0000:00
   697  2019.90828      122        0        0        0        0        0      122        1        3        0      118       43        6        0        2        0       40       23        4 2019 Nov 29 0000:00
   698  2019.91102      122        0        0        0        0        0      122        1        3        0      118       42        6        0        2        0       40       24        4 2019 Nov 30 0000:00
   699  2019.91376      122        0        0        0        0        0      122        1        3        0      118       44        6        0        2        0       39       23        4 2019 Dec  1 0000:00
   700  2019.91650      122        0        0        0        0        0      122        1        3        0      118       41        6        0        2        0       42       23        4 2019 Dec  2 0000:00
   701  2019.91923      122        0        0        0        0        0      122        1        3        0      118       41        6        0        2        0       43       22        4 2019 Dec  3 0000:00
   702  2019.92197      122        0        0        0        0        0      122        1        3        0      118       39        6        0        2        0       46       22        3 2019 Dec  4 0000:00
   703  2019.92471      122        0        0        0        0        0      122        1        3        0      118       21        6        0        2        0       63       22        4 2019 Dec  5 0000:00
   704  2019.92745      122        0        0        0        0        0      122        1        3        0      118        2        1        0        5        0       87       22        1 2019 Dec  6 0000:00
   705  2019.93018      122        0        0        0        0        0      122        1        3        0      118        7        1        0        2        0       86       22        0 2019 Dec  7 0000:00
   706  2019.93292      122        0        0        0        0        0      122        1        3        0      118        9        1        0        2        0       84       22        0 2019 Dec  8 0000:00
   707  2019.93566      122        0        0        0        0        0      122        1        3        0      118        9        1        0        2        0       86       20        0 2019 Dec  9 0000:00
   708  2019.93840      122        0        0        0        0        0      122        1        3        0      118        9        1        0        2        0       86       20        0 2019 Dec 10 0000:00
   709  2019.94114      122        0        0        0        0        0      122        1        3        0      118        8        2        0        2        0       86       20        0 2019 Dec 11 0000:00
   710  2019.94387      122        0        0        0        0        0      122        1        3        0      118        6        3        0        2        0       87       20        0 2019 Dec 12 0000:00
   711  2019.94661      122        0        0        0        0        0      122        1        3        0      118        5        3        0        2        0       88       20        0 2019 Dec 13 0000:00
   712  2019.94935      122        0        0        0        0        0      122        1        3        0      118        5        3        0        2        0       88       20        0 2019 Dec 14 0000:00
   713  2019.95209      122        0        0        0        0        0      122        1        3        0      118        3        3        0        3        0       89       20        0 2019 Dec 15 0000:00
   714  2019.95483      122        0        0        0        0        0      122        1        3        0      118        3        3        0        3        0       88       21        0 2019 Dec 16 0000:00
   715  2019.95756      122        0        0        0        0        0      122        1        3        0      118        0        2        0        3        0       93       20        0 2019 Dec 17 0000:00
   716  2019.96030      122        0        0        0        0        0      122        1        3        0      118        0        1        0        3        0       94       20        0 2019 Dec 18 0000:00
   717  2019.96304      122        0        0        0        0        0      122        1        3        0      118        0        0        0        3        0       95       20        0 2019 Dec 19 0000:00
   718  2019.96578      122        0        0        0        0        0      122        1        3        0      118        1        0        0        3        0       94       20        0 2019 Dec 20 0000:00
   719  2019.96851      122        0        0        0        0        0      122        1        3        0      118        1        0        0        3        0       94       20        0 2019 Dec 21 0000:00
   720  2019.97125      122        0        0        0        0        0      122        1        3        0      118        1        0        0        3        0       94       20        0 2019 Dec 22 0000:00
   721  2019.97399      122        0        0        0        0        0      122        1        4        0      117        1        0        0        3        0       93       20        0 2019 Dec 23 0000:00
   722  2019.97673      122        0        0        0        0        0      122        1        4        0      117        1        0        0        3        0       93       20        0 2019 Dec 24 0000:00
   723  2019.97947      122        0        0        0        0        0      122        1        4        0      117        1        0        0        3        0       93       20        0 2019 Dec 25 0000:00
   724  2019.98220      122        0        0        0        0        0      122        1        4        0      117        1        0        0        3        0       93       16        4 2019 Dec 26 0000:00
   725  2019.98494      122        0        0        0        0        0      122        1        4        0      117        1        0        0       12        0       93        8        3 2019 Dec 27 0000:00
   726  2019.98768      122        0        0        0        0        0      122        1        4        0      117        1        0        0        6        0       93        5       12 2019 Dec 28 0000:00
   727  2019.99042      122        0        0        0        0        0      122        1        4        0      117        1        0        0       11        0       93        1       11 2019 Dec 29 0000:00
   728  2019.99316      122        0        0        0        0        0      122        1        4        0      117        3        1        0        7        0       91        0       15 2019 Dec 30 0000:00
   729  2019.99589      122        0        0        0        0        0      122        1        4        0      117        4        1        0        8        0       90        0       14 2019 Dec 31 0000:00
   730  2019.99863      122        0        0        0        0        0      122        1        4        0      117        5        1        0        6        0       89        0       16 2020 Jan  1 0000:00
   731  2020.00137      122        0        0        0        0        0      122        1        4        0      117        6        1        0        6        0       88        0       16 2020 Jan  2 0000:00
   732  2020.00411      122        0        0        0        0        0      122        1        4        0      117       15        2        0        4        0       77        1       18 2020 Jan  3 0000:00
   733  2020.00684      122        0        0        0        0        0      122        1        4        0      117       15        2        0        4        0       67       11       18 2020 Jan  4 0000:00
   734  2020.00958      122        0        0        0        0        0      122        1        4        0      117       15        2        0        5        0       64       14       17 2020 Jan  5 0000:00
   735  2020.01232      122        0        0        0        0        0      122        1        4        0      117       15        2        0        6        0       64       14       16 2020 Jan  6 0000:00
   736  2020.01506      182        0        0        0        0        0      182        3        4        0      175       15        3        0        6        0      115       20       16 2020 Jan  7 0000:00
   737  2020.01780      182        0        0        0        0        0      182        3        4        0      175       15        3        0        6        0      115       20       16 2020 Jan  8 0000:00
   738  2020.02053      182        0        0        0        0        0      182        3        4        0      175       16        3        0        4        0      115       19       18 2020 Jan  9 0000:00
   739  2020.02327      182        0        0        0        0        0      182        3        4        0      175       10        1        0        4        0      122       20       18 2020 Jan 10 0000:00
   740  2020.02601      182        0        0        0        0        0      182        3        4        0      175        6        1        0        2        0      125       21       20 2020 Jan 11 0000:00
   741  2020.02875      182        0        0        0        0        0      182        3        4        0      175        7        2        0        2        0       66       78       20 2020 Jan 12 0000:00
   742  2020.03149      182        0        0        0        0        0      182        3        4        0      175        7        1        0        3        0       63       82       19 2020 Jan 13 0000:00
   743  2020.03422      182        0        0        0        0        0      182        3        4        0      175        6        1        0        3        0       62       84       19 2020 Jan 14 0000:00
   744  2020.03696      182        0        0        0        0        0      182        3        4        0      175        8        1        0        3        0       61       83       19 2020 Jan 15 0000:00
   745  2020.03970      182        0        0        0        0        0      182        3        4        0      175       10        1        0        2        0       57       85       20 2020 Jan 16 0000:00
   746  2020.04244      182        0        0        0        0        0      182        3        4        0      175       11        1        0        2        0       57       84       20 2020 Jan 17 0000:00
   747  2020.04517      182        0        0        0        0        0      182        3        4        0      175       11        1        0        3        0       58       83       19 2020 Jan 18 0000:00
   748  2020.04791      182        0        0        0        0        0      182        3        4        0      175        9        1        0        3        0       59       84       19 2020 Jan 19 0000:00
   749  2020.05065      182        0        0        0        0        0      182        3        4        0      175        9        1        0        3        0       62       81       19 2020 Jan 20 0000:00
   750  2020.05339      182        0        0        0        0        0      182        3        4        0      175        8        1        0        2        0       64       80       20 2020 Jan 21 0000:00
   751  2020.05613      182        0        0        0        0        0      182        3        4        0      175        8        2        0        2        0       63       80       20 2020 Jan 22 0000:00
   752  2020.05886      182        0        0        0        0        0      182        3        4        0      175        8        2        0        2        0       64       79       20 2020 Jan 23 0000:00
   753  2020.06160      182        0        0        0        0        0      182        3        4        0      175        9        2        0        2        0       64       78       20 2020 Jan 24 0000:00
   754  2020.06434      182        0        0        0        0        0      182        3        4        0      175       11        2        0        5        0       83       56       18 2020 Jan 25 0000:00
   755  2020.06708      182        0        0        0        0        0      182        3        4        0      175       11        2        0       13        0       99       40       10 2020 Jan 26 0000:00
   756  2020.06982      182        0        0        0        0        0      182        3        4        0      175       13        1        0       14        0       98       40        9 2020 Jan 27 0000:00
   757  2020.07255      182        0        0        0        0        0      182        3        4        0      175       12        1        0       14        0       99       40        9 2020 Jan 28 0000:00
   758  2020.07529      242        0        0        0        0        0      242        4        4        0      234       11        0        0       14        0      160       40        9 2020 Jan 29 0000:00
   759  2020.07803      242        0        0        0        0        0      242        4        4        0      234        9        0        0       15        0      162       40        8 2020 Jan 30 0000:00
   760  2020.08077      242        0        0        0        0        0      242        4        5        0      233       10        0        0       15        0      156       44        8 2020 Jan 31 0000:00
   761  2020.08350      242        0        0        0        0        0      242        4        5        0      233       10        0        0       15        0      140       60        8 2020 Feb  1 0000:00
   762  2020.08624      242        0        0        0        0        0      242        4        5        0      233       10        0        0       15        0      140       60        8 2020 Feb  2 0000:00
   763  2020.08898      242        0        0        0        0        0      242        4        5        0      233       26        5        0       15        0      108       71        8 2020 Feb  3 0000:00
   764  2020.09172      242        0        0        0        0        0      242        4        5        0      233       17        1        0       15        0       96       96        8 2020 Feb  4 0000:00
   765  2020.09446      242        0        0        0        0        0      242        4        5        0      233       17        0        0       18        0       97       91       10 2020 Feb  5 0000:00
   766  2020.09719      242        0        0        0        0        0      242        4        5        0      233       15        0        0       19        0       97       85       17 2020 Feb  6 0000:00
   767  2020.09993      242        0        0        0        0        0      242        4        5        0      233       15        0        0       14        0       97       84       23 2020 Feb  7 0000:00
   768  2020.10267      242        0        0        0        0        0      242        4        5        0      233       15        0        0       14        0       98       83       23 2020 Feb  8 0000:00
   769  2020.10541      242        0        0        0        0        0      242        4        5        0      233       16        0        0       15        0      101       78       23 2020 Feb  9 0000:00
   770  2020.10815      242        0        0        0        0        0      242        4        6        0      232       16        0        0       16        0      101       78       21 2020 Feb 10 0000:00
   771  2020.11088      242        0        0        0        0        0      242        4        6        0      232       22        0        0       17        0       99       72       22 2020 Feb 11 0000:00
   772  2020.11362      242        0        0        0        0        0      242        4        6        0      232       21        0        0       18        0      102       69       22 2020 Feb 12 0000:00
   773  2020.11636      242        0        0        0        0        0      242        4        6        0      232       22        0        0       19        0      101       69       21 2020 Feb 13 0000:00
   774  2020.11910      242        0        0        0        0        0      242        4        6        0      232       17        0        0       19        0       96       79       21 2020 Feb 14 0000:00
   775  2020.12183      242        0        0        0        0        0      242        4        6        0      232       16        0        0       19        0       88       88       21 2020 Feb 15 0000:00
   776  2020.12457      242        0        0        0        0        0      242        4        6        0      232       15        0        0       19        0       81       96       21 2020 Feb 16 0000:00
   777  2020.12731      302        0        0        0        0        0      302        5        6        0      291       15        1        0       19        0      138       97       21 2020 Feb 17 0000:00
   778  2020.13005      302        0        0        0        0        0      302        5        6        0      291       15        0        0       19        0      146       90       21 2020 Feb 18 0000:00
   779  2020.13279      302        0        0        0        0        0      302        5        6        0      291       15        0        0       19        0      165       71       21 2020 Feb 19 0000:00
   780  2020.13552      302        0        0        1        0        1      301        5        7        0      289       32        7        0       19        0      129       79       23 2020 Feb 20 0000:00
   781  2020.13826      302        0        0        1        0        1      301        5        7        0      289       32        7        0       27        0      130       68       25 2020 Feb 21 0000:00
   782  2020.14100      302        0        0        1        0        1      301        5        7        0      289       45        7        0       24        0      110       69       34 2020 Feb 22 0000:00
   783  2020.14374      302        0        0        1        0        1      301        5        7        0      289       43        7        0       26        0      113       68       32 2020 Feb 23 0000:00
   784  2020.14648      302        0        0        1        0        1      301        5        7        0      289       40        7        0       23        0      113       71       35 2020 Feb 24 0000:00
   785  2020.14921      302        0        0        1        0        1      301        5        7        0      289       38        7        0       24        0      115       71       34 2020 Feb 25 0000:00
   786  2020.15195      302        0        0        1        0        1      301        5        7        0      289       18        4        0       24        0      137       72       34 2020 Feb 26 0000:00
   787  2020.15469      302        0        0        1        0        1      301        5        7        0      289        8        1        0       24        0      122      100       34 2020 Feb 27 0000:00
   788  2020.15743      302        0        1        1        0        2      300        4        7        0      289        8        1        0       25        0      114      107       34 2020 Feb 28 0000:00
   789  2020.16016      302        0        1        1        0        2      300        4        7        0      289        7        1        0       24        0      101      121       35 2020 Feb 29 0000:00
   790  2020.16290      302        0        1        1        0        2      300        4        7        0      289        7        0        0       25        0      102      121       34 2020 Mar  1 0000:00
   791  2020.16564      302        0        1        1        0        2      300        4        7        0      289        8        0        0       26        0      105      116       34 2020 Mar  2 0000:00
   792  2020.16838      302        0        1        1        0        2      300        4        7        0      289        8        0        0       26        0      104      117       34 2020 Mar  3 0000:00
   793  2020.17112      302        0        1        1        0        2      300        4        7        0      289        8        0        0       29        0      105      114       33 2020 Mar  4 0000:00
   794  2020.17385      302        0        1        1        0        2      300        4        7        0      289        7        0        0       28        0      108      112       34 2020 Mar  5 0000:00
   795  2020.17659      302        0        1        1        0        2      300        4        7        0      289        7        0        0       29        0      108      111       34 2020 Mar  6 0000:00
   796  2020.17933      302        0        1        1        0        2      300        4        7        0      289        6        0        0       29        0      109      111       34 2020 Mar  7 0000:00
   797  2020.18207      302        0        1        1        0        2      300        4        7        0      289        8        0        0       28        0      106      112       35 2020 Mar  8 0000:00
   798  2020.18480      302        0        1        1        0        2      300        4        7        0      289        6        0        0       28        0      108      112       35 2020 Mar  9 0000:00
   799  2020.18754      302        0        1        1        0        2      300        4        7        0      289        6        0        0       28        0      109      111       35 2020 Mar 10 0000:00
   800  2020.19028      302        0        1        1        0        2      300        4        8        0      288        3        0        0       28        0      110      112       35 2020 Mar 11 0000:00
   801  2020.19302      302        0        1        1        0        2      300        4        8        0      288        3        0        0       28        0      108      114       35 2020 Mar 12 0000:00
   802  2020.19576      302        0        1        1        0        2      300        4        8        0      288        3        0        0       27        0       52      169       37 2020 Mar 13 0000:00
   803  2020.19849      302        0        1        1        0        2      300        4        8        0      288        4        0        0       33        0       51      164       36 2020 Mar 14 0000:00
   804  2020.20123      302        0        1        1        0        2      300        4        8        0      288        9        0        0       28        0       47      161       43 2020 Mar 15 0000:00
   805  2020.20397      302        0        1        1        0        2      300        4        8        0      288       10        0        0       30        0       45      153       50 2020 Mar 16 0000:00
   806  2020.20671      302        0        1        1        0        2      300        4        8        0      288       10        0        0       36        0       46      149       47 2020 Mar 17 0000:00
   807  2020.20945      362        0        1        1        0        2      360        6        8        0      346       10        0        0       44        0      104      142       46 2020 Mar 18 0000:00
   808  2020.21218      362        0        1        1        0        2      360        6        8        0      346        9        0        0       40        0      105      138       54 2020 Mar 19 0000:00
   809  2020.21492      362        0        1        1        0        2      360        6        8        0      346        9        0        0       44        0      106      130       57 2020 Mar 20 0000:00
   810  2020.21766      362        0        1        1        0        2      360        6        8        0      346       43       14        0       45        0       53      133       58 2020 Mar 21 0000:00
   811  2020.22040      362        0        1        1        0        2      360        6        8        0      346       35       11        0       40        0       50      146       64 2020 Mar 22 0000:00
   812  2020.22313      362        0        1        1        0        2      360        6        8        0      346       33       11        0       40        0      113       85       64 2020 Mar 23 0000:00
   813  2020.22587      362        0        1        1        0        2      360        6        8        0      346       16        8        0       42        0      160       58       62 2020 Mar 24 0000:00
   814  2020.22861      362        0        1        1        0        2      360        6        8        0      346       14        8        0       41        0      157       63       63 2020 Mar 25 0000:00
   815  2020.23135      362        0        1        1        0        2      360        6        8        0      346       15        8        0       42        0      156       62       63 2020 Mar 26 0000:00
   816  2020.23409      362        0        1        1        0        2      360        6        8        0      346        5        2        0       42        0      139       95       63 2020 Mar 27 0000:00
   817  2020.23682      362        0        1        1        0        2      360        6        8        0      346        5        2        0       41        0      136       97       65 2020 Mar 28 0000:00
   818  2020.23956      362        0        1        1        0        2      360        6        8        0      346        7        1        0       40        0      128      104       66 2020 Mar 29 0000:00
   819  2020.24230      362        0        1        1        0        2      360        6        8        0      346        6        1        0       40        0      126      107       66 2020 Mar 30 0000:00
   820  2020.24504      362        0        1        1        0        2      360        6        8        0      346        6        1        0       37        0      126      101       75 2020 Mar 31 0000:00
   821  2020.24778      362        0        1        1        0        2      360        6        8        0      346        3        0        0       45        0      127       95       76 2020 Apr  1 0000:00
   822  2020.25051      362        0        1        1        0        2      360        6        8        0      346        4        0        0       36        0      127       83       96 2020 Apr  2 0000:00
   823  2020.25325      362        0        2        1        0        3      359        5        8        0      346        4        0        0       37        0      126       83       96 2020 Apr  3 0000:00
   824  2020.25599      362        0        2        1        0        3      359        5        8        0      346        4        0        0       36        0      126       82       98 2020 Apr  4 0000:00
   825  2020.25873      362        0        2        1        0        3      359        5        8        0      346        4        0        0       37        0      127       81       97 2020 Apr  5 0000:00
   826  2020.26146      362        0        2        1        0        3      359        5        8        0      346        4        0        0       35        0      126       82       99 2020 Apr  6 0000:00
   827  2020.26420      362        0        2        1        0        3      359        5        8        0      346        4        0        0       35        0      127       81       99 2020 Apr  7 0000:00
   828  2020.26694      362        0        2        1        0        3      359        5        8        0      346        5        0        0       35        0      125       82       99 2020 Apr  8 0000:00
   829  2020.26968      362        0        2        1        0        3      359        5        8        0      346        5        0        0       34        0      125       82      100 2020 Apr  9 0000:00
   830  2020.27242      362        0        2        1        0        3      359        5        8        0      346        4        0        0       35        0      126       81      100 2020 Apr 10 0000:00
   831  2020.27515      362        0        2        1        0        3      359        5        8        0      346        4        0        0       36        0      126       80      100 2020 Apr 11 0000:00
   832  2020.27789      362        0        2        1        0        3      359        5        8        0      346        3        0        0       35        0      127       81      100 2020 Apr 12 0000:00
   833  2020.28063      362        0        2        1        0        3      359        5        8        0      346        1        0        0       37        0      131       77      100 2020 Apr 13 0000:00
   834  2020.28337      362        0        2        1        0        3      359        5        8        0      346        1        0        0       37        0      133       72      103 2020 Apr 14 0000:00
   835  2020.28611      362        0        2        1        0        3      359        5        8        0      346        1        0        0       37        0      159       46      103 2020 Apr 15 0000:00
   836  2020.28884      362        0        2        1        0        3      359        5        8        0      346        1        0        0       37        0      153       52      103 2020 Apr 16 0000:00
   837  2020.29158      362        0        2        1        0        3      359        5        8        0      346        1        0        0       38        0      146       59      102 2020 Apr 17 0000:00
   838  2020.29432      362        0        2        1        0        3      359        5        8        0      346        1        0        0       36        0      144       61      104 2020 Apr 18 0000:00
   839  2020.29706      362        0        2        1        0        3      359        5        8        0      346        3        0        0       36        0      144       58      105 2020 Apr 19 0000:00
   840  2020.29979      362        0        2        1        0        3      359        5        8        0      346        2        0        0       37        0      143       59      105 2020 Apr 20 0000:00
   841  2020.30253      362        0        2        1        0        3      359        5        8        0      346        3        1        0       37        0      134       63      108 2020 Apr 21 0000:00
   842  2020.30527      422        0        2        1        0        3      419        5        8        0      406        3        1        0       35        0      185       71      111 2020 Apr 22 0000:00
   843  2020.30801      422        0        2        1        0        3      419        5        8        0      406        3        0        0       33        0      189       67      114 2020 Apr 23 0000:00
   844  2020.31075      422        0        2        1        0        3      419        5        8        0      406        2        0        0       33        0      190       67      114 2020 Apr 24 0000:00
   845  2020.31348      422        0        2        1        0        3      419        5        8        0      406       36        8        0       35        0      129       81      117 2020 Apr 25 0000:00
   846  2020.31622      422        0        2        1        0        3      419        5        8        0      406       37        7        0       25        0      130       77      130 2020 Apr 26 0000:00
   847  2020.31896      422        0        2        1        0        3      419        5        8        0      406       37        8        0       23        0      127       79      132 2020 Apr 27 0000:00
   848  2020.32170      422        0        2        1        0        3      419        5        8        0      406       36        7        0       19        0      130       78      136 2020 Apr 28 0000:00
   849  2020.32444      422        0        2        1        0        3      419        5        8        0      406       37        7        0       20        0      130       77      135 2020 Apr 29 0000:00
   850  2020.32717      422        0        2        1        0        3      419        5        8        0      406        4        0        0       17        0      131      116      138 2020 Apr 30 0000:00
   851  2020.32991      422        0        2        1        0        3      419        5        8        0      406        4        0        0       17        0      131      116      138 2020 May  1 0000:00
   852  2020.33265      422        0        2        1        0        3      419        5        8        0      406        4        0        0       22        0      131      111      138 2020 May  2 0000:00
   853  2020.33539      422        0        2        1        0        3      419        5        8        0      406        4        0        0       25        0      131      102      144 2020 May  3 0000:00
   854  2020.33812      422        0        2        1        0        3      419        5        8        0      406        4        0        0       18        0      131      101      152 2020 May  4 0000:00
   855  2020.34086      422        0        2        1        0        3      419        5        8        0      406        4        0        0       19        0      131      100      152 2020 May  5 0000:00
   856  2020.34360      422        0        2        1        0        3      419        5        8        0      406        4        0        0       19        0      131      100      152 2020 May  6 0000:00
   857  2020.34634      422        0        2        1        0        3      419        5        8        0      406        4        0        0       18        0      131       97      156 2020 May  7 0000:00
   858  2020.34908      422        0        2        1        0        3      419        5        8        0      406        4        0        0       24        0      131       96      151 2020 May  8 0000:00
   859  2020.35181      422        0        2        1        0        3      419        5        8        0      406        4        0        0       24        0      130       97      151 2020 May  9 0000:00
   860  2020.35455      422        0        2        1        0        3      419        5        8        0      406        4        0        0       22        0      130       97      153 2020 May 10 0000:00
   861  2020.35729      422        0        2        1        0        3      419        5        8        0      406        4        0        0       19        0      129       98      156 2020 May 11 0000:00
   862  2020.36003      422        0        2        1        0        3      419        5        8        0      406        6        0        0       19        0      127       97      157 2020 May 12 0000:00
   863  2020.36277      422        0        2        1        0        3      419        5        8        0      406        3        0        0       26        0      148       74      155 2020 May 13 0000:00
   864  2020.36550      422        0        2        1        0        3      419        5        8        0      406        4        0        0       28        0      146       65      163 2020 May 14 0000:00
   865  2020.36824      422        0        2        1        0        3      419        5        8        0      406        4        0        0       22        0      143       67      170 2020 May 15 0000:00
   866  2020.37098      422        0        2        1        0        3      419        5        8        0      406       12        1        0       18        0      169       32      174 2020 May 16 0000:00
   867  2020.37372      422        0        2        1        0        3      419        5        8        0      406        6        2        0       17        0      167       39      175 2020 May 17 0000:00
   868  2020.37645      422        0        2        1        0        3      419        5        8        0      406        5        0        0       21        0      164       39      177 2020 May 18 0000:00
   869  2020.37919      422        0        2        1        0        3      419        5        8        0      406        5        0        0       31        0      150       40      180 2020 May 19 0000:00
   870  2020.38193      422        0        2        1        0        3      419        5        8        0      406        6        0        0       19        0      146       43      192 2020 May 20 0000:00
   871  2020.38467      422        0        2        1        0        3      419        5        8        0      406        5        0        0       17        0      145       45      194 2020 May 21 0000:00
   872  2020.38741      422        0        2        1        0        3      419        5        8        0      406        6        0        0       17        0      144       45      194 2020 May 22 0000:00
   873  2020.39014      422        0        2        1        0        3      419        5        8        0      406        6        0        0       16        0      138       51      195 2020 May 23 0000:00
   874  2020.39288      422        0        2        1        0        3      419        5        8        0      406        6        0        0       15        0      129       60      196 2020 May 24 0000:00
   875  2020.39562      422        0        2        1        0        3      419        5        8        0      406       33        2        0       15        0       99       61      196 2020 May 25 0000:00
   876  2020.39836      422        0        2        1        0        3      419        5        8        0      406       36        3        0       14        0       96       60      197 2020 May 26 0000:00
   877  2020.40110      422        0        2        1        0        3      419        5        8        0      406       36        3        0       16        0       95       61      195 2020 May 27 0000:00
   878  2020.40383      422        0        2        2        0        4      418        5        8        0      405       35        3        0       16        0       95       61      195 2020 May 28 0000:00
   879  2020.40657      422        0        2        2        0        4      418        5        8        0      405       35        4        0       15        0       94       61      196 2020 May 29 0000:00
   880  2020.40931      422        0        3        2        0        5      417        4        8        0      405       35        4        0       16        0       93       60      197 2020 May 30 0000:00
   881  2020.41205      422        0        3        2        0        5      417        4        8        0      405       36        3        0       18        0       93       59      196 2020 May 31 0000:00
   882  2020.41478      422        0        3        2        0        5      417        4        9        0      404       36        3        0       18        0       92       60      195 2020 Jun  1 0000:00
   883  2020.41752      422        0        3        2        0        5      417        4        9        0      404       36        3        0       19        0       93       57      196 2020 Jun  2 0000:00
   884  2020.42026      422        0        3        2        0        5      417        4        9        0      404       36        4        0       19        0       92       57      196 2020 Jun  3 0000:00
   885  2020.42300      482        0        3        2        0        5      477        6        9        0      462       38        3        0       19        0      149       57      196 2020 Jun  4 0000:00
   886  2020.42574      482        0        3        2        0        5      477        6        9        0      462       42        3        0       17        0      144       58      198 2020 Jun  5 0000:00
   887  2020.42847      482        0        3        2        0        5      477        6        9        0      462       45        4        0       18        0      128       69      198 2020 Jun  6 0000:00
   888  2020.43121      482        0        3        2        0        5      477        6        9        0      462       44        3        0       19        0      112       83      201 2020 Jun  7 0000:00
   889  2020.43395      482        0        3        2        0        5      477        6        9        0      462       44        3        0       18        0       86      108      203 2020 Jun  8 0000:00
   890  2020.43669      482        0        3        2        0        5      477        6       10        0      461       44        4        0       22        0       83      103      205 2020 Jun  9 0000:00
   891  2020.43943      482        0        3        2        0        5      477        6       10        0      461       44        4        0       18        0       81      101      213 2020 Jun 10 0000:00
   892  2020.44216      482        0        3        2        0        5      477        6       10        0      461       43        3        0       19        0       83       88      225 2020 Jun 11 0000:00
   893  2020.44490      482        0        3        2        0        5      477        6       10        0      461       45        3        0       20        0       81       84      228 2020 Jun 12 0000:00
   894  2020.44764      540        0        3        2        0        5      535        8       10        0      517       40        2        0       18        0      130       95      232 2020 Jun 13 0000:00
   895  2020.45038      540        0        3        2        0        5      535        8       10        0      517       42        2        0       17        0      126       96      234 2020 Jun 14 0000:00
   896  2020.45311      540        0        3        2        0        5      535        8       10        0      517       39        2        0       17        0      130       94      235 2020 Jun 15 0000:00
   897  2020.45585      540        0        3        2        0        5      535        8       10        0      517       40        2        0       22        0      123       93      237 2020 Jun 16 0000:00
   898  2020.45859      540        0        3        2        0        5      535        8       10        0      517       40        2        0       18        0      115       96      246 2020 Jun 17 0000:00
   899  2020.46133      540        0        3        2        0        5      535        8       10        0      517       42       16        0       17        0       87      108      247 2020 Jun 18 0000:00
   900  2020.46407      540        0        3        2        0        5      535        8       10        0      517       33       15        0       19        0       87      117      246 2020 Jun 19 0000:00
   901  2020.46680      540        0        3        2        0        5      535        8       10        0      517       34       14        0       24        0       87      113      245 2020 Jun 20 0000:00
   902  2020.46954      540        0        3        2        0        5      535        8       10        0      517       13        1        0       22        0      109      124      248 2020 Jun 21 0000:00
   903  2020.47228      540        0        3        2        0        5      535        8       10        0      517       12        1        0       26        0       87      145      246 2020 Jun 22 0000:00
   904  2020.47502      540        0        3        2        0        5      535        8       10        0      517       11        0        0       24        0       87      146      249 2020 Jun 23 0000:00
   905  2020.47775      540        0        3        2        0        5      535        8       10        0      517       10        0        0       23        0       91      143      250 2020 Jun 24 0000:00
   906  2020.48049      540        0        3        2        0        5      535        8       10        0      517        8        0        0       23        0      141       95      250 2020 Jun 25 0000:00
   907  2020.48323      540        0        3        2        0        5      535        8       10        0      517       10        0        0       23        0      139       95      250 2020 Jun 26 0000:00
   908  2020.48597      540        0        3        2        0        5      535        8       10        0      517        8        0        0       22        0      132      103      252 2020 Jun 27 0000:00
   909  2020.48871      540        0        3        2        0        5      535        8       10        0      517        8        0        0       23        0      122      113      251 2020 Jun 28 0000:00
   910  2020.49144      540        0        3        2        0        5      535        8       10        0      517       11        0        0       26        0      115      113      252 2020 Jun 29 0000:00
   911  2020.49418      540        0        3        2        0        5      535        8       10        0      517       11        0        0       27        0      116      103      260 2020 Jun 30 0000:00
   912  2020.49692      540        0        3        2        0        5      535        8       10        0      517       11        0        0       20        0      117       99      270 2020 Jul  1 0000:00
   913  2020.49966      540        0        3        2        0        5      535        8       10        0      517       10        0        0       23        0      116      100      268 2020 Jul  2 0000:00
   914  2020.50240      540        0        3        2        0        5      535        8       10        0      517       11        0        0       21        0      114      101      270 2020 Jul  3 0000:00
   915  2020.50513      540        0        3        2        0        5      535        8       10        0      517       10        0        0       22        0      103      113      269 2020 Jul  4 0000:00
   916  2020.50787      540        0        3        2        0        5      535        8       11        0      516       12        0        0       21        0       97      117      269 2020 Jul  5 0000:00
   917  2020.51061      540        0        3        2        0        5      535        8       12        0      515       11        0        0       20        0      100      116      268 2020 Jul  6 0000:00
   918  2020.51335      540        0        3        2        0        5      535        8       13        0      514       11        0        0       19        0      100      116      268 2020 Jul  7 0000:00
   919  2020.51608      540        0        3        2        0        5      535        8       13        0      514        9        0        0       20        0      105      110      270 2020 Jul  8 0000:00
   920  2020.51882      540        0        3        2        0        5      535        8       13        0      514       10        0        0       19        0      139       75      271 2020 Jul  9 0000:00
   921  2020.52156      540        0        3        2        0        5      535        8       13        0      514       14        0        0       23        0      136       71      270 2020 Jul 10 0000:00
   922  2020.52430      540        0        3        2        0        5      535        8       13        0      514       12        0        0       19        0      140       61      282 2020 Jul 11 0000:00
   923  2020.52704      540        0        3        2        0        5      535        8       13        0      514       16        0        0       17        0      136       59      286 2020 Jul 12 0000:00
   924  2020.52977      540        0        3        2        0        5      535        8       13        0      514       15        0        0       17        0      137       59      286 2020 Jul 13 0000:00
   925  2020.53251      540        0        3        2        0        5      535        8       13        0      514       15        0        0       17        0      137       59      286 2020 Jul 14 0000:00
   926  2020.53525      540        0        4        2        0        6      534        7       13        0      514       19        0        0       17        0      131       61      286 2020 Jul 15 0000:00
   927  2020.53799      540        0        4        2        0        6      534        7       13        0      514       41        1        0       17        0      108       60      287 2020 Jul 16 0000:00
   928  2020.54073      540        0        4        2        0        6      534        7       13        0      514       44        1        0       17        0      112       52      288 2020 Jul 17 0000:00
   929  2020.54346      540        0        4        2        0        6      534        7       13        0      514       44        1        0       17        0      116       48      288 2020 Jul 18 0000:00
   930  2020.54620      540        0        4        2        0        6      534        7       13        0      514       44        1        0       17        0      110       54      288 2020 Jul 19 0000:00
   931  2020.54894      540        0        4        2        0        6      534        7       13        0      514       44        1        0       17        0      106       58      288 2020 Jul 20 0000:00
   932  2020.55168      540        0        4        2        0        6      534        7       13        0      514       44        1        0       24        0      106       51      288 2020 Jul 21 0000:00
   933  2020.55441      540        0        4        2        0        6      534        7       13        0      514       44        1        0       19        0       94       55      301 2020 Jul 22 0000:00
   934  2020.55715      540        0        4        2        0        6      534        7       13        0      514       46        0        0       17        0       84       61      306 2020 Jul 23 0000:00
   935  2020.55989      540        0        4        2        0        6      534        7       13        0      514       46        1        0       16        0       83       62      306 2020 Jul 24 0000:00
   936  2020.56263      540        0        4        2        0        6      534        7       13        0      514       44        0        0       17        0       86       59      308 2020 Jul 25 0000:00
   937  2020.56537      540        0        4        2        0        6      534        7       13        0      514       43        0        0       17        0       78       59      317 2020 Jul 26 0000:00
   938  2020.56810      540        0        4        2        0        6      534        7       13        0      514       43        0        0       12        0       73       59      327 2020 Jul 27 0000:00
   939  2020.57084      540        0        4        2        0        6      534        7       13        0      514       39        0        0       11        0       76       60      328 2020 Jul 28 0000:00
   940  2020.57358      540        0        4        2        0        6      534        7       13        0      514       40        0        0       12        0       76       58      328 2020 Jul 29 0000:00
   941  2020.57632      540        0        4        2        0        6      534        7       13        0      514       39        0        0       10        0       78       56      331 2020 Jul 30 0000:00
   942  2020.57906      540        0        4        2        0        6      534        7       13        0      514       40        0        0       11        0       77       52      334 2020 Jul 31 0000:00
   943  2020.58179      540        0        4        2        0        6      534        7       13        0      514       41        0        0       15        0       76       46      336 2020 Aug  1 0000:00
   944  2020.58453      540        0        4        2        0        6      534        7       13        0      514       40        0        0       16        0       78       39      341 2020 Aug  2 0000:00
   945  2020.58727      540        0        4        2        0        6      534        7       13        0      514       40        1        0       13        0       77       39      344 2020 Aug  3 0000:00
   946  2020.59001      540        0        4        2        0        6      534        7       13        0      514       39        0        0       14        0       82       35      344 2020 Aug  4 0000:00
   947  2020.59274      540        0        4        2        0        6      534        7       13        0      514       40        0        0       17        0       84       30      343 2020 Aug  5 0000:00
   948  2020.59548      540        0        4        2        0        6      534        7       14        0      513       42        0        0       17        0       82       29      343 2020 Aug  6 0000:00
   949  2020.59822      597        0        4        2        0        6      591        7       14        0      570       46        0        0       18        0      135       29      342 2020 Aug  7 0000:00
   950  2020.60096      597        0        4        2        0        6      591        7       14        0      570       45        0        0       18        0      136       29      342 2020 Aug  8 0000:00
   951  2020.60370      597        0        4        3        0        7      590        7       14        0      569       44        0        0       18        0      130       35      342 2020 Aug  9 0000:00
   952  2020.60643      597        0        4        5        0        9      588        7       14        0      567       40        0        0       17        0      129       37      344 2020 Aug 10 0000:00
   953  2020.60917      597        0        4        5        0        9      588        7       14        0      567       39        0        0       17        0      130       36      345 2020 Aug 11 0000:00
   954  2020.61191      597        0        4        5        0        9      588        7       14        0      567       43        0        0       15        0      111       51      347 2020 Aug 12 0000:00
   955  2020.61465      597        0        4        5        0        9      588        7       14        0      567       43        0        0       15        0      109       53      347 2020 Aug 13 0000:00
   956  2020.61739      597        0        4        5        0        9      588        7       14        0      567       52       12        0       16        0       89       51      347 2020 Aug 14 0000:00
   957  2020.62012      597        0        4        5        0        9      588        7       15        0      566       56       20        0       14        0       77       45      354 2020 Aug 15 0000:00
   958  2020.62286      597        0        4        5        0        9      588        7       15        0      566       59       22        0       11        0       72       39      363 2020 Aug 16 0000:00
   959  2020.62560      597        0        4        5        0        9      588        7       15        0      566       59       22        0       10        0       72       39      364 2020 Aug 17 0000:00
   960  2020.62834      655        0        4        5        0        9      646        7       15        0      624       59       22        0       10        0      130       39      364 2020 Aug 18 0000:00
   961  2020.63107      655        0        4        5        0        9      646        7       15        0      624       57       22        0       10        0      130       41      364 2020 Aug 19 0000:00
   962  2020.63381      655        0        4        5        0        9      646        7       15        0      624       56       22        0       11        0      129       43      363 2020 Aug 20 0000:00
   963  2020.63655      655        0        4        5        0        9      646        7       15        0      624       94       13        0       22        0      103       25      367 2020 Aug 21 0000:00
   964  2020.63929      655        0        4        7        0       11      644        7       15        0      622       88        5        0       19        0      106       29      375 2020 Aug 22 0000:00
   965  2020.64203      655        0        4        7        0       11      644        7       15        0      622       40        0        0       20        0       96       92      374 2020 Aug 23 0000:00
   966  2020.64476      655        0        4        8        0       12      643        7       15        0      621       40        0        0       21        0       94       91      375 2020 Aug 24 0000:00
   967  2020.64750      655        0        4        8        0       12      643        7       15        0      621       39        0        0       20        0       96       86      380 2020 Aug 25 0000:00
   968  2020.65024      655        0        4        8        0       12      643        7       15        0      621       36        0        0       19        0       95       90      381 2020 Aug 26 0000:00
   969  2020.65298      655        0        4        8        0       12      643        7       15        0      621       38        0        0       21        0       92       90      380 2020 Aug 27 0000:00
   970  2020.65572      655        0        4        8        0       12      643        7       15        0      621       24        0        0       21        0      107       89      380 2020 Aug 28 0000:00
   971  2020.65845      655        0        4       10        0       14      641        7       15        0      619       23        0        0       22        0      106       89      379 2020 Aug 29 0000:00
   972  2020.66119      655        0        4       11        0       15      640        7       15        0      618       24        1        0       18        0      100       91      384 2020 Aug 30 0000:00
   973  2020.66393      655        0        4       11        0       15      640        7       15        0      618       26        1        0       16        0       96       88      391 2020 Aug 31 0000:00
   974  2020.66667      655        0        4       11        0       15      640        7       15        0      618       29        1        0       13        0       85       92      398 2020 Sep  1 0000:00
   975  2020.66940      655        0        4       13        0       17      638        7       15        0      616       31        1        0       15        0       74       99      396 2020 Sep  2 0000:00
   976  2020.67214      715        0        5       15        0       20      695        7       15        0      673       32        1        0       15        0      129      100      396 2020 Sep  3 0000:00
   977  2020.67488      715        0        5       15        0       20      695        7       15        0      673       30        1        0       15        0      131       99      397 2020 Sep  4 0000:00
   978  2020.67762      715        0        5       17        0       22      693        7       15        0      671       68        6        0       14        0       85      100      398 2020 Sep  5 0000:00
   979  2020.68036      715        0        5       18        0       23      692        7       15        0      670       44        1        0       15        0       75      138      397 2020 Sep  6 0000:00
   980  2020.68309      715        0        5       19        0       24      691        7       15        0      669       43        1        0       15        0       72      140      398 2020 Sep  7 0000:00
   981  2020.68583      715        0        5       19        0       24      691        7       15        0      669       43        1        0       15        0       97      115      398 2020 Sep  8 0000:00
   982  2020.68857      715        0        5       19        0       24      691        7       15        0      669       47        1        0       14        0       86      122      399 2020 Sep  9 0000:00
   983  2020.69131      715        0        5       20        0       25      690        7       15        0      668       26        1        0       13        0       95      133      400 2020 Sep 10 0000:00
   984  2020.69405      715        0        5       20        0       25      690        7       15        0      668       26        1        0       12        0       89      139      401 2020 Sep 11 0000:00
   985  2020.69678      715        0        5       20        0       25      690        7       15        0      668       26        0        0       14        0       85      145      398 2020 Sep 12 0000:00
   986  2020.69952      715        0        5       21        0       26      689        7       16        0      666       24        0        0       14        0       86      145      397 2020 Sep 13 0000:00
   987  2020.70226      715        0        5       21        0       26      689        7       16        0      666       22        0        0       16        0       85      145      398 2020 Sep 14 0000:00
   988  2020.70500      715        0        5       23        0       28      687        7       17        0      663       18        0        0       26        0       88      125      406 2020 Sep 15 0000:00
   989  2020.70773      715        0        5       23        0       28      687        7       18        0      662       18        0        0       26        0       87      118      413 2020 Sep 16 0000:00
   990  2020.71047      715        0        5       28        0       33      682        7       18        0      657       11        0        0       25        0       87      119      415 2020 Sep 17 0000:00
   991  2020.71321      715        0        5       31        0       36      679        7       18        0      654       11        0        0       25        0       84      118      416 2020 Sep 18 0000:00
   992  2020.71595      715        0        5       31        0       36      679        7       18        0      654       12        0        0       26        0       87      114      415 2020 Sep 19 0000:00
   993  2020.71869      715        0        5       31        0       36      679        7       18        0      654       14        0        0       27        0       87      112      414 2020 Sep 20 0000:00
   994  2020.72142      715        0        5       31        0       36      679        7       18        0      654       15        0        0       26        0       88      110      415 2020 Sep 21 0000:00
   995  2020.72416      715        0        5       31        0       36      679        7       18        0      654       17        0        0       27        0       82      114      414 2020 Sep 22 0000:00
   996  2020.72690      715        0        5       32        0       37      678        7       18        0      653       14        0        0       27        0       80      118      414 2020 Sep 23 0000:00
   997  2020.72964      715        0        5       32        0       37      678        7       18        0      653       15        0        0       27        0       79      116      416 2020 Sep 24 0000:00
   998  2020.73238      715        0        5       32        0       37      678        7       19        0      652       16        0        0       23        0      112       80      421 2020 Sep 25 0000:00
   999  2020.73511      715        0        6       32        0       38      677        6       19        0      652       20        0        0       25        0      108       77      422 2020 Sep 26 0000:00
  1000  2020.73785      715        0        6       34        0       40      675        6       19        0      650       17        0        0       14        0      111       73      435 2020 Sep 27 0000:00
  1001  2020.74059      715        0        6       35        0       41      674        6       19        0      649       14        0        0       17        0      121       65      432 2020 Sep 28 0000:00
  1002  2020.74333      715        0        6       37        0       43      672        6       19        0      647       14        0        0       16        0      117       66      434 2020 Sep 29 0000:00
  1003  2020.74606      715        0        6       37        0       43      672        6       19        0      647       14        0        0       18        0      117       65      433 2020 Sep 30 0000:00
  1004  2020.74880      715        0        6       37        0       43      672        6       19        0      647       15        0        0       17        0      121       60      434 2020 Oct  1 0000:00
  1005  2020.75154      715        0        6       38        0       44      671        6       19        0      646       13        0        0       15        0      126       56      436 2020 Oct  2 0000:00
  1006  2020.75428      715        0        6       39        0       45      670        6       19        0      645       12        0        0       20        0      125       47      441 2020 Oct  3 0000:00
  1007  2020.75702      715        0        6       40        0       46      669        6       19        0      644        9        0        0       17        0      128       44      446 2020 Oct  4 0000:00
  1008  2020.75975      715        0        6       41        0       47      668        6       19        0      643       10        0        0       23        0      125       37      448 2020 Oct  5 0000:00
  1009  2020.76249      775        0        6       41        0       47      728        7       19        0      702       10        0        0       18        0      182       29      463 2020 Oct  6 0000:00
  1010  2020.76523      775        0        6       41        0       47      728        7       19        0      702        9        0        0       16        0      180       32      465 2020 Oct  7 0000:00
  1011  2020.76797      775        0        6       41        0       47      728        7       19        0      702       13        0        0       19        0      177       31      462 2020 Oct  8 0000:00
  1012  2020.77070      775        0        6       41        0       47      728        7       19        0      702       70        2        0       17        0      113       35      465 2020 Oct  9 0000:00
  1013  2020.77344      775        0        6       41        0       47      728        7       19        0      702       57        1        0       17        0      117       45      465 2020 Oct 10 0000:00
  1014  2020.77618      775        0        6       41        0       47      728        7       19        0      702       19        2        0       20        0      114       85      462 2020 Oct 11 0000:00
  1015  2020.77892      775        0        6       41        0       47      728        7       19        0      702       22        0        0       19        0      100       98      463 2020 Oct 12 0000:00
  1016  2020.78166      775        0        6       42        0       48      727        7       19        0      701       18        0        0       19        0      103       98      463 2020 Oct 13 0000:00
  1017  2020.78439      775        0        6       45        0       51      724        7       19        0      698       11        0        0       21        0      108       95      463 2020 Oct 14 0000:00
  1018  2020.78713      775        0        6       46        0       52      723        7       19        0      697       10        0        0       21        0      104       99      463 2020 Oct 15 0000:00
  1019  2020.78987      775        0        6       47        0       53      722        7       19        0      696        6        0        0       20        0      106      100      464 2020 Oct 16 0000:00
  1020  2020.79261      775        0        6       47        0       53      722        7       19        0      696        7        0        0       19        0      105       99      466 2020 Oct 17 0000:00
  1021  2020.79535      835        0        6       47        0       53      782       11       19        0      752        7        0        0       20        0      161       99      465 2020 Oct 18 0000:00
  1022  2020.79808      835        0        6       47        0       53      782       11       19        0      752        7        0        0       18        0      161       99      467 2020 Oct 19 0000:00
  1023  2020.80082      835        0        6       47        0       53      782       11       19        0      752       18        0        0       19        0      142      106      467 2020 Oct 20 0000:00
  1024  2020.80356      835        0        6       47        0       53      782       11       19        0      752        6        0        0       19        0       88      172      467 2020 Oct 21 0000:00
  1025  2020.80630      835        0        6       48        0       54      781       11       19        0      751        5        0        0       18        0       86      174      468 2020 Oct 22 0000:00
  1026  2020.80903      835        0        6       49        0       55      780       11       19        0      750        4        0        0       20        0       86      166      474 2020 Oct 23 0000:00
  1027  2020.81177      895        0        6       49        0       55      840       13       19        0      808        3        0        0       20        0      144      161      480 2020 Oct 24 0000:00
  1028  2020.81451      895        0        6       49        0       55      840       13       19        0      808        4        0        0       19        0      143      157      485 2020 Oct 25 0000:00
  1029  2020.81725      895        0        7       49        0       56      839       12       19        0      808       29        2        0       20        0      116      156      485 2020 Oct 26 0000:00
  1030  2020.81999      895        0        7       49        0       56      839       12       19        0      808       59        2        0       20        0       84      157      486 2020 Oct 27 0000:00
  1031  2020.82272      895        0        7       49        0       56      839       12       19        0      808       59        2        0       21        0       83      158      485 2020 Oct 28 0000:00
  1032  2020.82546      895        0        7       49        0       56      839       12       19        0      808       59        2        0       21        0       75      166      485 2020 Oct 29 0000:00
  1033  2020.82820      895        0        7       49        0       56      839       12       19        0      808        3        0        0       22        0      126      172      485 2020 Oct 30 0000:00
  1034  2020.83094      895        0        7       49        0       56      839       12       19        0      808        3        1        0       19        0      108      189      488 2020 Oct 31 0000:00
  1035  2020.83368      895        0        7       49        0       56      839       12       20        0      807        3        0        0       20        0      116      181      487 2020 Nov  1 0000:00
  1036  2020.83641      895        0        7       49        0       56      839       12       20        0      807        3        2        0       22        0      108      185      487 2020 Nov  2 0000:00
  1037  2020.83915      895        0        7       49        0       56      839       12       20        0      807        4        1        0       23        0      101      188      490 2020 Nov  3 0000:00
  1038  2020.84189      895        0        7       49        0       56      839       12       20        0      807        4        1        0       24        0      101      181      496 2020 Nov  4 0000:00
  1039  2020.84463      895        0        7       49        0       56      839       12       20        0      807        4        1        0       20        0      104      175      503 2020 Nov  5 0000:00
  1040  2020.84736      895        0        7       49        0       56      839       12       20        0      807        7        1        0       20        0      101      173      505 2020 Nov  6 0000:00
  1041  2020.85010      895        0        9       49        0       58      837       10       20        0      807        4        1        0       18        0      104      173      507 2020 Nov  7 0000:00
  1042  2020.85284      895        0        9       49        0       58      837       10       20        0      807        4        1        0       19        0      105      172      506 2020 Nov  8 0000:00
  1043  2020.85558      895        0        9       50        0       59      836       10       20        0      806        4        1        0       20        0      103      173      505 2020 Nov  9 0000:00
  1044  2020.85832      895        0        9       50        0       59      836       10       20        0      806        3        1        0       20        0      105      172      505 2020 Nov 10 0000:00
  1045  2020.86105      895        0        9       50        0       59      836       10       20        0      806        3        1        0       19        0      104      173      506 2020 Nov 11 0000:00
  1046  2020.86379      895        0        9       50        0       59      836       10       20        0      806        6        1        0       18        0      149      125      507 2020 Nov 12 0000:00
  1047  2020.86653      895        0        9       50        0       59      836       10       20        0      806        3        1        0       17        0      156      114      515 2020 Nov 13 0000:00
  1048  2020.86927      895        0        9       50        0       59      836       10       20        0      806        3        1        0       18        0      156      106      522 2020 Nov 14 0000:00
  1049  2020.87201      895        0        9       50        0       59      836       10       20        0      806        4        2        0       24        0      153      107      516 2020 Nov 15 0000:00
  1050  2020.87474      895        0        9       50        0       59      836       10       20        0      806        5        1        0       21        0      134      124      521 2020 Nov 16 0000:00
  1051  2020.87748      895        0        9       50        0       59      836       10       20        0      806        3        2        0       19        0      125      134      523 2020 Nov 17 0000:00
  1052  2020.88022      895        0        9       50        0       59      836       10       20        0      806        3        0        0       16        0      123      138      526 2020 Nov 18 0000:00
  1053  2020.88296      895        0        9       50        0       59      836       10       20        0      806        2        0        0       17        0      123      138      526 2020 Nov 19 0000:00
  1054  2020.88569      895        0       10       50        0       60      835        9       20        0      806        2        0        0       16        0      169       89      530 2020 Nov 20 0000:00
  1055  2020.88843      895        0       10       50        0       60      835        9       20        0      806        3        0        0       19        0      161       94      529 2020 Nov 21 0000:00
  1056  2020.89117      895        0       10       50        0       60      835        9       20        0      806        3        0        0       23        0      162       83      535 2020 Nov 22 0000:00
  1057  2020.89391      895        0       10       50        0       60      835        9       21        0      805        4        0        0       19        0      160       82      540 2020 Nov 23 0000:00
  1058  2020.89665      895        0       10       50        0       60      835        9       21        0      805        3        0        0       20        0      159       83      540 2020 Nov 24 0000:00
  1059  2020.89938      955        0       10       50        0       60      895       12       21        0      862        4        0        0       25        0      217       74      542 2020 Nov 25 0000:00
  1060  2020.90212      955        0       10       50        0       60      895       12       21        0      862        4        0        0       24        0      219       64      551 2020 Nov 26 0000:00
  1061  2020.90486      955        0       10       50        0       60      895       12       21        0      862       51        7        0       22        0      164       62      556 2020 Nov 27 0000:00
  1062  2020.90760      955        0       10       50        0       60      895       12       21        0      862        6        0        0       26        0      200       78      552 2020 Nov 28 0000:00
  1063  2020.91034      955        0       10       50        0       60      895       12       21        0      862        5        0        0       29        0      161      118      549 2020 Nov 29 0000:00
  1064  2020.91307      955        0       10       50        0       60      895       12       21        0      862        6        0        0       30        0      160      118      548 2020 Nov 30 0000:00
  1065  2020.91581      955        0       10       50        0       60      895       12       21        0      862        3        0        0       31        0      161      120      547 2020 Dec  1 0000:00
  1066  2020.91855      955        0       10       50        0       60      895       12       21        0      862        5        0        0       30        0      157      122      548 2020 Dec  2 0000:00
  1067  2020.92129      955        0       10       50        0       60      895       12       21        0      862        5        0        0       25        0      155      124      553 2020 Dec  3 0000:00
  1068  2020.92402      955        0       10       50        0       60      895       12       21        0      862        4        1        0       22        0      158      121      556 2020 Dec  4 0000:00
  1069  2020.92676      955        0       10       50        0       60      895       12       21        0      862        3        1        0       23        0      158      122      555 2020 Dec  5 0000:00
  1070  2020.92950      955        0       10       51        0       61      894       12       21        0      861        3        1        0       17        0      158      121      561 2020 Dec  6 0000:00
  1071  2020.93224      955        0       10       51        0       61      894       12       21        0      861        4        1        0       18        0      156      122      560 2020 Dec  7 0000:00
  1072  2020.93498      955        0       10       51        0       61      894       12       21        0      861        4        1        0       16        0      156      122      562 2020 Dec  8 0000:00
  1073  2020.93771      955        0       10       51        0       61      894       12       21        0      861        3        1        0       22        0      146      125      564 2020 Dec  9 0000:00
  1074  2020.94045      955        0       10       51        0       61      894       12       21        0      861        3        1        0       36        0      144      108      569 2020 Dec 10 0000:00
  1075  2020.94319      955        0       10       51        0       61      894       12       21        0      861        3        1        0       49        0      145      102      561 2020 Dec 11 0000:00
  1076  2020.94593      955        0       10       51        0       61      894       12       21        0      861        3        1        0       63        0      145       98      551 2020 Dec 12 0000:00
  1077  2020.94867      955        0       10       51        0       61      894       12       21        0      861        3        1        0       79        0      144       92      542 2020 Dec 13 0000:00
  1078  2020.95140      955        0       10       51        0       61      894       12       21        0      861        3        1        0       81        0      139       86      551 2020 Dec 14 0000:00
  1079  2020.95414      955        0       10       51        0       61      894       12       21        0      861        3        1        0       84        0      154       66      553 2020 Dec 15 0000:00
  1080  2020.95688      955        0       10       51        0       61      894       12       21        0      861        3        1        0       87        0      156       63      551 2020 Dec 16 0000:00
  1081  2020.95962      955        0       10       51        0       61      894       12       21        0      861        4        1        0       85        0      148       70      553 2020 Dec 17 0000:00
  1082  2020.96235      955        0       10       51        0       61      894       12       21        0      861        4        1        0       88        0      144       74      550 2020 Dec 18 0000:00
  1083  2020.96509      955        0       10       51        0       61      894       12       21        0      861        4        1        0       70        0      132       86      568 2020 Dec 19 0000:00
  1084  2020.96783      955        0       10       51        0       61      894       12       21        0      861        4        1        0       60        0      118      100      578 2020 Dec 20 0000:00
  1085  2020.97057      955        0       10       51        0       61      894       12       21        0      861        5        1        0       54        0      154       64      583 2020 Dec 21 0000:00
  1086  2020.97331      955        0       10       51        0       61      894       12       21        0      861        3        1        0       41        0      149       70      597 2020 Dec 22 0000:00
  1087  2020.97604      955        0       10       51        0       61      894       12       21        0      861        3        1        0       37        0      142       77      601 2020 Dec 23 0000:00
  1088  2020.97878      955        0       10       51        0       61      894       12       21        0      861        3        1        0       31        0      132       87      607 2020 Dec 24 0000:00
  1089  2020.98152      955        0       10       51        0       61      894       12       21        0      861        3        1        0       34        0      132       87      604 2020 Dec 25 0000:00
  1090  2020.98426      955        0       10       51        0       61      894       12       21        0      861        3        1        0       47        0      134       85      591 2020 Dec 26 0000:00
  1091  2020.98700      955        0       10       51        1       62      893       12       20        0      861        5        1        0       63        0      127       88      577 2020 Dec 27 0000:00
  1092  2020.98973      955        0       11       51        1       63      892       11       20        0      861        4        1        0       82        0      116      100      558 2020 Dec 28 0000:00
  1093  2020.99247      955        0       11       51        1       63      892       11       20        0      861        4        1        0       94        0      113      104      545 2020 Dec 29 0000:00
  1094  2020.99521      955        0       11       51        1       63      892       11       20        0      861        4        1        0      105        0      114      102      535 2020 Dec 30 0000:00
  1095  2020.99795      955        0       11       51        1       63      892       11       20        0      861        4        1        0      103        0      107      107      539 2020 Dec 31 0000:00
  1096  2021.00068      955        0       11       51        1       63      892       11       20        0      861        3        1        0      107        0      108      103      539 2021 Jan  1 0000:00
  1097  2021.00342      955        0       11       51        1       63      892       11       20        0      861        5        1        0      100        0      107       96      552 2021 Jan  2 0000:00
  1098  2021.00616      955        0       11       51        1       63      892       11       20        0      861        3        0        0       88        0      110       93      567 2021 Jan  3 0000:00
  1099  2021.00890      955        0       11       51        1       63      892       11       20        0      861        3        0        0       69        0      109       94      586 2021 Jan  4 0000:00
  1100  2021.01164      955        0       11       51        1       63      892       11       21        0      860        3        0        0       46        0      110       92      609 2021 Jan  5 0000:00
  1101  2021.01437      955        0       11       51        1       63      892       11       21        0      860        3        0        0       37        0      109       93      618 2021 Jan  6 0000:00
  1102  2021.01711      955        0       11       51        1       63      892       11       21        0      860        3        0        0       30        0      108       93      626 2021 Jan  7 0000:00
  1103  2021.01985      955        0       11       51        1       63      892       11       21        0      860        3        0        0       22        0      108       90      637 2021 Jan  8 0000:00
  1104  2021.02259      955        0       11       52        1       64      891       11       21        0      859        3        0        0       20        0      107       88      641 2021 Jan  9 0000:00
  1105  2021.02533      955        0       11       52        1       64      891       11       21        0      859        3        0        0       27        0      108       80      641 2021 Jan 10 0000:00
  1106  2021.02806      955        0       11       52        1       64      891       11       21        0      859        3        0        0       25        0      101       82      648 2021 Jan 11 0000:00
  1107  2021.03080      955        0       11       52        1       64      891       11       21        0      859        4        0        0       30        0       94       79      652 2021 Jan 12 0000:00
  1108  2021.03354      955        0       11       52        1       64      891       11       21        0      859        3        0        0       27        0       88       86      655 2021 Jan 13 0000:00
  1109  2021.03628      955        0       11       52        1       64      891       11       21        0      859        2        0        0       28        0       86       81      662 2021 Jan 14 0000:00
  1110  2021.03901      955        0       11       52        1       64      891       11       21        0      859        2        0        0       42        0       84       77      654 2021 Jan 15 0000:00
  1111  2021.04175      955        0       11       52        1       64      891       11       21        0      859        3        0        0       56        0       80       64      656 2021 Jan 16 0000:00
  1112  2021.04449      955        0       11       52        1       64      891       11       21        0      859        2        0        0       67        0       62       77      651 2021 Jan 17 0000:00
  1113  2021.04723      955        0       11       52        1       64      891       11       21        0      859        3        0        0       70        0       55       84      647 2021 Jan 18 0000:00
  1114  2021.04997      955        0       11       52        1       64      891       11       21        0      859        3        0        0       79        0       56       80      641 2021 Jan 19 0000:00
  1115  2021.05270     1015        0       11       52        1       64      951       11       21        0      919        3        0        0       99        0      116       68      633 2021 Jan 20 0000:00
  1116  2021.05544     1015        0       11       52        1       64      951       11       21        0      919        3        0        0      112        0      104       75      625 2021 Jan 21 0000:00
  1117  2021.05818     1015        0       11       52        1       64      951       11       21        0      919        2        0        0      119        0      104       73      621 2021 Jan 22 0000:00
  1118  2021.06092     1015        0       11       52        1       64      951       11       21        0      919        2        0        0      134        0       43      134      606 2021 Jan 23 0000:00
  1119  2021.06366     1025        0       11       52        1       64      961       11       21        0      929        3        0        0      144        0       63      123      596 2021 Jan 24 0000:00
  1120  2021.06639     1025        0       11       52        1       64      961       11       21        0      929       14        0        0      138        0       45      131      601 2021 Jan 25 0000:00
  1121  2021.06913     1025        0       11       52        1       64      961       11       21        0      929       14        0        0      138        0       46      128      603 2021 Jan 26 0000:00
  1122  2021.07187     1025        0       11       52        1       64      961       11       21        0      929       15        0        0      138        0       47      125      604 2021 Jan 27 0000:00
  1123  2021.07461     1025        0       11       52        1       64      961       11       21        0      929       15        1        0      124        0       50      121      618 2021 Jan 28 0000:00
  1124  2021.07734     1025        0       11       52        1       64      961       11       21        0      929       14        1        0      112        0       52      120      630 2021 Jan 29 0000:00
  1125  2021.08008     1025        0       11       52        1       64      961       11       21        0      929       13        0        0      105        0       51      120      640 2021 Jan 30 0000:00
  1126  2021.08282     1025        0       11       52        1       64      961       11       21        0      929       13        0        0      104        0       52      119      641 2021 Jan 31 0000:00
  1127  2021.08556     1025        0       11       52        1       64      961       11       21        0      929       10        0        0      104        0       56      116      643 2021 Feb  1 0000:00
  1128  2021.08830     1025        0       11       52        1       64      961       11       21        0      929       10        0        0       92        0       56      117      654 2021 Feb  2 0000:00
  1129  2021.09103     1025        0       11       52        1       64      961       11       21        0      929        5        0        0       85        0       60      114      665 2021 Feb  3 0000:00
  1130  2021.09377     1085        0       11       52        1       64     1021       12       21        0      988        3        0        0       87        0      117      112      669 2021 Feb  4 0000:00
  1131  2021.09651     1085        0       11       52        1       64     1021       12       21        0      988        2        0        0       87        0       99      127      673 2021 Feb  5 0000:00
  1132  2021.09925     1085        0       11       52        1       64     1021       12       21        0      988       15        1        0       77        0       85      124      686 2021 Feb  6 0000:00
  1133  2021.10198     1085        0       11       52        1       64     1021       12       21        0      988       16        1        0       75        0       83      121      692 2021 Feb  7 0000:00
  1134  2021.10472     1085        0       11       52        1       64     1021       12       21        0      988        4        1        0       69        0       36      178      700 2021 Feb  8 0000:00
  1135  2021.10746     1085        0       11       52        1       64     1021       12       21        0      988        4        1        0       63        0       40      169      711 2021 Feb  9 0000:00
  1136  2021.11020     1085        0       11       52        1       64     1021       12       21        0      988        4        1        0       60        0       42      159      722 2021 Feb 10 0000:00
  1137  2021.11294     1085        0       11       52        1       64     1021       12       21        0      988        5        1        0       51        0       42      158      731 2021 Feb 11 0000:00
  1138  2021.11567     1085        0       11       52        1       64     1021       12       21        0      988        4        1        0       39        0       44      156      744 2021 Feb 12 0000:00
  1139  2021.11841     1085        0       11       52        1       64     1021       12       21        0      988        4        1        0       33        0       52      144      754 2021 Feb 13 0000:00
  1140  2021.12115     1085        0       11       52        1       64     1021       12       21        0      988        3        1        0       24        0      100       93      767 2021 Feb 14 0000:00
  1141  2021.12389     1085        0       11       52        1       64     1021       12       21        0      988        4        1        0       20        0       85      107      771 2021 Feb 15 0000:00
  1142  2021.12663     1145        0       11       52        1       64     1081       14       21        0     1046        4        2        0       20        0      130      120      770 2021 Feb 16 0000:00
  1143  2021.12936     1145        0       11       52        1       64     1081       14       21        0     1046        4        2        0       18        0      128      121      773 2021 Feb 17 0000:00
  1144  2021.13210     1145        0       11       52        1       64     1081       14       21        0     1046        4        2        0       19        0      129      120      772 2021 Feb 18 0000:00
  1145  2021.13484     1145        0       11       52        1       64     1081       14       21        0     1046       24        5        0       19        0       85      141      772 2021 Feb 19 0000:00
  1146  2021.13758     1145        0       11       52        1       64     1081       14       21        0     1046        3        2        0       21        0       72      178      770 2021 Feb 20 0000:00
  1147  2021.14031     1145        0       11       52        1       64     1081       14       21        0     1046        3        2        0       21        0       72      178      770 2021 Feb 21 0000:00
  1148  2021.14305     1145        0       11       52        1       64     1081       14       21        0     1046        4        2        0       22        0       71      177      770 2021 Feb 22 0000:00
  1149  2021.14579     1145        0       11       52        1       64     1081       14       21        0     1046        3        2        0       23        0       71      178      769 2021 Feb 23 0000:00
  1150  2021.14853     1145        0       11       52        1       64     1081       14       21        0     1046        3        2        0       24        0       71      177      769 2021 Feb 24 0000:00
  1151  2021.15127     1145        0       11       52        1       64     1081       14       22        0     1045        3        1        0       24        0       70      179      768 2021 Feb 25 0000:00
  1152  2021.15400     1145        0       11       52        1       64     1081       14       22        0     1045        4        1        0       24        0       68      179      769 2021 Feb 26 0000:00
  1153  2021.15674     1145        0       11       52        1       64     1081       14       22        0     1045        1        1        0       25        0       71      179      768 2021 Feb 27 0000:00
  1154  2021.15948     1145        0       11       52        1       64     1081       14       22        0     1045        1        0        0       27        0       71      176      770 2021 Feb 28 0000:00
  1155  2021.16222     1145        0       11       52        1       64     1081       14       22        0     1045        1        1        0       33        0       71      165      774 2021 Mar  1 0000:00
  1156  2021.16496     1145        0       11       52        1       64     1081       14       22        0     1045        3        1        0       39        0      108      117      777 2021 Mar  2 0000:00
  1157  2021.16769     1145        0       11       52        1       64     1081       14       22        0     1045       29        7        0       35        0      112       80      782 2021 Mar  3 0000:00
  1158  2021.17043     1205        0       11       52        1       64     1141       14       22        0     1105        2        1        0       35        0      169      114      784 2021 Mar  4 0000:00
  1159  2021.17317     1205        0       11       52        1       64     1141       14       22        0     1105        3        2        0       35        0      166      115      784 2021 Mar  5 0000:00
  1160  2021.17591     1205        0       11       52        1       64     1141       14       22        0     1105        3        3        0       36        0      166      114      783 2021 Mar  6 0000:00
  1161  2021.17864     1205        0       12       52        1       65     1140       13       22        0     1105        4        4        0       37        0      164      114      782 2021 Mar  7 0000:00
  1162  2021.18138     1205        0       12       52        1       65     1140       13       22        0     1105        4        5        0       36        0      132      145      783 2021 Mar  8 0000:00
  1163  2021.18412     1205        0       12       52        1       65     1140       13       22        0     1105        4        5        0       35        0      103      174      784 2021 Mar  9 0000:00
  1164  2021.18686     1205        0       12       53        1       66     1139       13       22        0     1104        3        5        0       31        0      103      170      792 2021 Mar 10 0000:00
  1165  2021.18960     1265        0       12       53        1       66     1199       13       22        0     1164        3        5        0       29        0      184      141      802 2021 Mar 11 0000:00
  1166  2021.19233     1265        0       12       53        1       66     1199       13       22        0     1164        3        6        0       22        0      183      139      811 2021 Mar 12 0000:00
  1167  2021.19507     1265        0       12       53        1       66     1199       13       22        0     1164        3        6        0       23        0      183      139      810 2021 Mar 13 0000:00
  1168  2021.19781     1325        0       12       53        1       66     1259       14       22        0     1223       19       41        0       23        0      226      104      810 2021 Mar 14 0000:00
  1169  2021.20055     1325        0       12       53        1       66     1259       14       22        0     1223        5        5        0       18        0      205      174      816 2021 Mar 15 0000:00
  1170  2021.20329     1325        0       12       53        1       66     1259       14       23        0     1222       38       20        0       18        0      148      182      816 2021 Mar 16 0000:00
  1171  2021.20602     1325        0       12       53        1       66     1259       14       23        0     1222        6        4        0       17        0      195      183      817 2021 Mar 17 0000:00
  1172  2021.20876     1325        0       12       53        1       66     1259       14       25        0     1220        5        1        0       18        0      138      242      816 2021 Mar 18 0000:00
  1173  2021.21150     1325        0       12       53        1       66     1259       14       25        0     1220        6        1        0       18        0      139      240      816 2021 Mar 19 0000:00
  1174  2021.21424     1325        0       13       53        1       67     1258       13       25        0     1220        6        1        0       19        0      140      234      820 2021 Mar 20 0000:00
  1175  2021.21697     1325        0       13       53        1       67     1258       13       27        0     1218        6        1        0       18        0      140      236      817 2021 Mar 21 0000:00
  1176  2021.21971     1325        0       13       53        1       67     1258       13       27        0     1218        4        1        0       16        0      144      228      825 2021 Mar 22 0000:00
  1177  2021.22245     1325        0       13       53        1       67     1258       13       27        0     1218        5        1        0       17        0      142      228      825 2021 Mar 23 0000:00
  1178  2021.22519     1385        0       13       53        1       67     1318       26       27        0     1265        6        1        0       17        0      246      170      825 2021 Mar 24 0000:00
  1179  2021.22793     1385        0       13       53        1       67     1318       26       27        0     1265        4        1        0       17        0      245      171      827 2021 Mar 25 0000:00
  1180  2021.23066     1385        0       13       53        1       67     1318       26       27        0     1265       20        7        0       14        0      221      170      833 2021 Mar 26 0000:00
  1181  2021.23340     1385        0       13       53        1       67     1318       26       27        0     1265       20        8        0       15        0      219      162      841 2021 Mar 27 0000:00
  1182  2021.23614     1385        0       13       54        1       68     1317       26       27        0     1264        3        2        0       18        0      198      197      846 2021 Mar 28 0000:00
  1183  2021.23888     1385        0       13       54        1       68     1317       26       27        0     1264        3        2        0       19        0      197      196      847 2021 Mar 29 0000:00
  1184  2021.24162     1385        0       13       54        1       68     1317       26       27        0     1264        3        2        0       18        0      194      199      848 2021 Mar 30 0000:00
  1185  2021.24435     1385        0       13       54        1       68     1317       26       27        0     1264        3        1        0       18        0      252      142      848 2021 Mar 31 0000:00
  1186  2021.24709     1385        0       13       54        1       68     1317       26       27        0     1264        2        1        0       19        0      246      149      847 2021 Apr  1 0000:00
  1187  2021.24983     1385        0       13       54        1       68     1317       26       27        0     1264        2        1        0       18        0      243      152      848 2021 Apr  2 0000:00
  1188  2021.25257     1385        0       13       54        1       68     1317       26       27        0     1264        1        1        0       17        0      238      158      849 2021 Apr  3 0000:00
  1189  2021.25530     1385        0       13       54        1       68     1317       26       28        0     1263        1        0        0       17        0      247      149      849 2021 Apr  4 0000:00
  1190  2021.25804     1385        0       13       54        1       68     1317       26       28        0     1263        1        0        0       16        0      291      106      849 2021 Apr  5 0000:00
  1191  2021.26078     1385        0       13       54        1       68     1317       26       28        0     1263        2        0        0       14        0      289      107      851 2021 Apr  6 0000:00
  1192  2021.26352     1445        0       13       54        1       68     1377       26       28        0     1323        2        0        0       13        0      345      105      858 2021 Apr  7 0000:00
  1193  2021.26626     1445        0       13       54        1       68     1377       26       28        0     1323        2        0        0       13        0      345       98      865 2021 Apr  8 0000:00
  1194  2021.26899     1445        0       13       54        1       68     1377       26       28        0     1323        4        0        0        9        0      344       92      874 2021 Apr  9 0000:00
  1195  2021.27173     1445        0       13       54        1       68     1377       26       28        0     1323       10       41        0        9        0      296       96      871 2021 Apr 10 0000:00
  1196  2021.27447     1445        0       13       54        2       69     1376       26       27        0     1323        3        0        0       10        0      283      151      876 2021 Apr 11 0000:00
  1197  2021.27721     1445        0       13       54        2       69     1376       26       27        0     1323        3        0        0       10        0      279      154      877 2021 Apr 12 0000:00
  1198  2021.27995     1445        0       13       54        2       69     1376       26       27        0     1323        3        0        0        9        0      281      152      878 2021 Apr 13 0000:00
  1199  2021.28268     1445        0       13       54        2       69     1376       26       27        0     1323        4        0        0        9        0      278      154      878 2021 Apr 14 0000:00
  1200  2021.28542     1445        0       13       54        2       69     1376       26       28        0     1322        4        0        0        9        0      278      154      877 2021 Apr 15 0000:00
  1201  2021.28816     1445        0       13       54        2       69     1376       26       28        0     1322        4        0        0       11        0      325      107      875 2021 Apr 16 0000:00
  1202  2021.29090     1445        0       13       54        2       69     1376       26       28        0     1322        2        0        0       10        0      310      124      876 2021 Apr 17 0000:00
  1203  2021.29363     1445        0       14       54        2       70     1375       25       28        0     1322        3        0        0       10        0      306      128      875 2021 Apr 18 0000:00
  1204  2021.29637     1445        0       14       55        2       71     1374       25       28        0     1321        3        0        0       16        0      304      125      873 2021 Apr 19 0000:00
  1205  2021.29911     1445        0       14       55        2       71     1374       25       28        0     1321        3        0        0       14        0      296      131      877 2021 Apr 20 0000:00
  1206  2021.30185     1445        0       14       55        2       71     1374       25       28        0     1321        3        0        0       17        0      289      133      879 2021 Apr 21 0000:00
  1207  2021.30459     1445        0       14       55        2       71     1374       25       28        0     1321        3        0        0       16        0      274      148      880 2021 Apr 22 0000:00
  1208  2021.30732     1445        0       14       55        2       71     1374       25       28        0     1321        3        0        0       18        0      266      153      881 2021 Apr 23 0000:00
  1209  2021.31006     1445        0       14       56        2       72     1373       25       28        0     1320        2        0        0       16        0      260      158      884 2021 Apr 24 0000:00
  1210  2021.31280     1445        0       14       56        2       72     1373       25       28        0     1320        2        0        0       17        0      245      173      883 2021 Apr 25 0000:00
  1211  2021.31554     1445        0       14       56        2       72     1373       25       28        0     1320        2        0        0       17        0      258      160      883 2021 Apr 26 0000:00
  1212  2021.31828     1445        0       14       56        2       72     1373       25       28        0     1320        2        0        0       17        0      303      114      884 2021 Apr 27 0000:00
  1213  2021.32101     1445        0       14       56        2       72     1373       25       28        0     1320        2        0        0       17        0      300      115      886 2021 Apr 28 0000:00
  1214  2021.32375     1505        0       14       56        2       72     1433       25       28        0     1380        2        0        0       13        0      356      117      892 2021 Apr 29 0000:00
  1215  2021.32649     1505        0       14       56        2       72     1433       25       28        0     1380        3        0        0       14        0      349      120      894 2021 Apr 30 0000:00
  1216  2021.32923     1505        0       14       56        2       72     1433       25       28        0     1380        5        4        0       15        0      323      140      893 2021 May  1 0000:00
  1217  2021.33196     1505        0       14       56        2       72     1433       25       28        0     1380        5        4        0       13        0      330      132      896 2021 May  2 0000:00
  1218  2021.33470     1505        0       14       56        2       72     1433       25       28        0     1380        2        1        0       13        0      269      199      896 2021 May  3 0000:00
  1219  2021.33744     1565        0       14       56        2       72     1493       25       28        0     1440        2        0        0       16        0      327      199      896 2021 May  4 0000:00
  1220  2021.34018     1565        0       14       56        2       72     1493       25       28        0     1440        4        0        0       15        0      326      198      897 2021 May  5 0000:00
  1221  2021.34292     1565        0       14       56        2       72     1493       25       28        0     1440       13        1        0       17        0      315      196      898 2021 May  6 0000:00
  1222  2021.34565     1565        0       14       56        2       72     1493       25       28        0     1440        9        0        0       20        0      267      255      889 2021 May  7 0000:00
  1223  2021.34839     1565        0       14       56        2       72     1493       25       28        0     1440       11        0        0       17        0      266      256      890 2021 May  8 0000:00
  1224  2021.35113     1625        0       14       56        2       72     1553       27       28        0     1498       10        0        0       20        0      313      264      891 2021 May  9 0000:00
  1225  2021.35387     1625        0       14       56        2       72     1553       27       28        0     1498       13        0        0       25        0      303      267      890 2021 May 10 0000:00
  1226  2021.35661     1625        0       14       56        2       72     1553       27       28        0     1498       20       15        0       29        0      279      263      892 2021 May 11 0000:00
  1227  2021.35934     1625        0       14       56        2       72     1553       27       28        0     1498       29       43        0       32        0      243      258      893 2021 May 12 0000:00
  1228  2021.36208     1625        0       14       56        2       72     1553       27       28        0     1498       30       43        0       39        0      241      247      898 2021 May 13 0000:00
  1229  2021.36482     1625        0       14       56        2       72     1553       27       28        0     1498       21        2        0       40        0      252      286      897 2021 May 14 0000:00
  1230  2021.36756     1677        0       14       56        2       72     1605       28       28        0     1549       24        1        0       95        0      213      316      900 2021 May 15 0000:00
  1231  2021.37029     1677        0       14       56        2       72     1605       28       28        0     1549       28        0        0       98        0      199      320      904 2021 May 16 0000:00
  1232  2021.37303     1677        0       14       56        2       72     1605       28       28        0     1549       30        0        0       95        0      198      315      911 2021 May 17 0000:00
  1233  2021.37577     1677        0       14       56        2       72     1605       28       28        0     1549       29        3        0       95        0      232      275      915 2021 May 18 0000:00
  1234  2021.37851     1677        0       14       56        2       72     1605       28       28        0     1549       34        1        0       93        0      255      253      913 2021 May 19 0000:00
  1235  2021.38125     1677        0       14       56        2       72     1605       28       28        0     1549       33        0        0       88        0      239      267      922 2021 May 20 0000:00
  1236  2021.38398     1677        0       14       57        2       73     1604       28       28        0     1548       33        0        0       87        0      239      258      931 2021 May 21 0000:00
  1237  2021.38672     1677        0       14       57        2       73     1604       28       28        0     1548       30        0        0       55        0      244      253      966 2021 May 22 0000:00
  1238  2021.38946     1677        0       14       57        2       73     1604       28       28        0     1548       36        1        0       74        0      294      199      944 2021 May 23 0000:00
  1239  2021.39220     1677        0       14       57        2       73     1604       28       28        0     1548       38        2        0       74        0      280      201      953 2021 May 24 0000:00
  1240  2021.39493     1677        0       14       57        2       73     1604       28       28        0     1548       36        2        0       74        0      276      200      960 2021 May 25 0000:00
  1241  2021.39767     1737        0       14       57        2       73     1664       28       28        0     1608       36        2        0       74        0      332      200      964 2021 May 26 0000:00
  1242  2021.40041     1737        0       14       57        2       73     1664       28       28        0     1608       32        2        0       86        0      333      190      965 2021 May 27 0000:00
  1243  2021.40315     1737        0       14       57        2       73     1664       28       28        0     1608       33        2        0       92        0      331      184      966 2021 May 28 0000:00
  1244  2021.40589     1737        0       15       57        2       74     1663       27       28        0     1608       48       49        0       89        0      270      179      973 2021 May 29 0000:00
  1245  2021.40862     1737        0       15       57        2       74     1663       27       28        0     1608       46       48        0       88        0      271      182      973 2021 May 30 0000:00
  1246  2021.41136     1737        0       15       57        2       74     1663       26       28        0     1609       35        2        0       87        0      266      245      974 2021 May 31 0000:00
  1247  2021.41410     1737        0       15       57        2       74     1663       27       28        0     1608       34        5        0       86        0      266      242      975 2021 Jun  1 0000:00
  1248  2021.41684     1737        0       15       57        2       74     1663       27       28        0     1608       36       21        0       72        0      312      190      977 2021 Jun  2 0000:00
  1249  2021.41958     1737        0       16       57        2       75     1662       26       28        0     1608       36       21        0       74        0      303      195      979 2021 Jun  3 0000:00
  1250  2021.42231     1737        0       16       57        2       75     1662       26       28        0     1608       36       20        0       73        0      293      204      982 2021 Jun  4 0000:00
  1251  2021.42505     1737        0       16       57        2       75     1662       26       28        0     1608       35       20        0       72        0      290      205      986 2021 Jun  5 0000:00
  1252  2021.42779     1737        0       16       57        2       75     1662       26       28        0     1608       35       19        0       63        0      285      204     1002 2021 Jun  6 0000:00
  1253  2021.43053     1737        0       16       57        2       75     1662       26       28        0     1608       35       19        0       64        0      283      189     1018 2021 Jun  7 0000:00
  1254  2021.43326     1737        0       16       57        2       75     1662       26       28        0     1608       34       19        0       66        0      283      182     1024 2021 Jun  8 0000:00
  1255  2021.43600     1737        0       16       57        2       75     1662       26       28        0     1608       33       19        0       74        0      276      180     1026 2021 Jun  9 0000:00
  1256  2021.43874     1737        0       16       57        2       75     1662       26       28        0     1608       32       20        0       75        0      257      194     1030 2021 Jun 10 0000:00
  1257  2021.44148     1737        0       16       57        2       75     1662       26       28        0     1608       24        2        0       79        0      284      189     1030 2021 Jun 11 0000:00
  1258  2021.44422     1737        0       16       57        2       75     1662       26       28        0     1608       26        3        0       79        0      283      180     1037 2021 Jun 12 0000:00
  1259  2021.44695     1737        0       16       57        2       75     1662       26       28        0     1608       25        3        0       74        0      285      177     1044 2021 Jun 13 0000:00
  1260  2021.44969     1737        0       16       57        2       75     1662       26       28        0     1608       28        4        0       81        0      263      189     1043 2021 Jun 14 0000:00
  1261  2021.45243     1737        0       16       57        2       75     1662       26       28        0     1608       32        4        0       80        0      256      192     1044 2021 Jun 15 0000:00
  1262  2021.45517     1737        0       16       57        2       75     1662       26       28        0     1608       30        3        0       78        0      249      200     1048 2021 Jun 16 0000:00
  1263  2021.45791     1737        0       16       58        2       76     1661       26       28        0     1607       30        4        0       74        0      241      204     1054 2021 Jun 17 0000:00
  1264  2021.46064     1737        0       16       58        2       76     1661       26       28        0     1607       29        5        0       78        0      267      166     1062 2021 Jun 18 0000:00
  1265  2021.46338     1737        0       16       58        2       76     1661       26       28        0     1607       34        5        0       76        0      255      172     1065 2021 Jun 19 0000:00
  1266  2021.46612     1737        0       17       58        2       77     1660       25       28        0     1607       34        4        0       75        0      246      178     1070 2021 Jun 20 0000:00
  1267  2021.46886     1737        0       17       58        2       77     1660       25       28        0     1607       35        5        0       73        0      240      175     1079 2021 Jun 21 0000:00
  1268  2021.47159     1737        0       17       58        2       77     1660       25       28        0     1607       35        3        0       73        0      241      169     1086 2021 Jun 22 0000:00
  1269  2021.47433     1737        0       17       58        2       77     1660       25       28        0     1607       35        1        0       74        0      218      191     1088 2021 Jun 23 0000:00
  1270  2021.47707     1737        0       17       58        2       77     1660       25       28        0     1607       33        1        0       69        0      233      176     1095 2021 Jun 24 0000:00
  1271  2021.47981     1737        0       17       58        2       77     1660       25       28        0     1607       29        1        0       66        0      225      186     1100 2021 Jun 25 0000:00
  1272  2021.48255     1737        0       17       58        2       77     1660       25       28        0     1607       33        0        0       65        0      218      187     1104 2021 Jun 26 0000:00
  1273  2021.48528     1737        0       18       58        3       79     1658       24       27        0     1607       34        1        0       60        0      212      188     1112 2021 Jun 27 0000:00
  1274  2021.48802     1737        0       18       58        3       79     1658       24       27        0     1607       35        3        0       65        0      206      180     1118 2021 Jun 28 0000:00
  1275  2021.49076     1737        0       19       58        3       80     1657       23       27        0     1607       33        1        0       73        0      209      175     1116 2021 Jun 29 0000:00
  1276  2021.49350     1740        0       19       58        3       80     1660       23       27        0     1610       35        1        0       78        0      204      173     1119 2021 Jun 30 0000:00
  1277  2021.49624     1740        0       19       58        3       80     1660       23       27        0     1610       31        1        0       77        0      191      179     1131 2021 Jul  1 0000:00
  1278  2021.49897     1740        0       19       58        3       80     1660       23       27        0     1610       37        1        0       80        0      186      167     1139 2021 Jul  2 0000:00
  1279  2021.50171     1740        0       19       58        3       80     1660       23       27        0     1610       35        1        0       78        0      187      163     1146 2021 Jul  3 0000:00
  1280  2021.50445     1740        0       19       58        3       80     1660       23       27        0     1610       32        3        0       84        0      184      161     1146 2021 Jul  4 0000:00
  1281  2021.50719     1740        0       19       58        3       80     1660       23       27        0     1610       31        3        0       99        0      158      167     1152 2021 Jul  5 0000:00
  1282  2021.50992     1740        0       20       58        3       81     1659       22       27        0     1610       29        3        0      105        0      143      176     1154 2021 Jul  6 0000:00
  1283  2021.51266     1740        0       20       58        3       81     1659       22       27        0     1610       29        3        0      101        0      130      187     1160 2021 Jul  7 0000:00
  1284  2021.51540     1740        0       20       58        3       81     1659       22       27        0     1610       25        3        0      114        0      122      178     1168 2021 Jul  8 0000:00
  1285  2021.51814     1740        0       20       58        3       81     1659       22       27        0     1610       25        2        0      116        0      123      171     1173 2021 Jul  9 0000:00
  1286  2021.52088     1740        0       20       58        3       81     1659       22       27        0     1610       25        3        0      117        0      123      162     1180 2021 Jul 10 0000:00
  1287  2021.52361     1740        0       20       58        3       81     1659       22       27        0     1610       28        2        0      106        0      121      153     1200 2021 Jul 11 0000:00
  1288  2021.52635     1740        0       21       58        3       82     1658       21       27        0     1610       25        2        0      104        0      124      143     1212 2021 Jul 12 0000:00
  1289  2021.52909     1740        0       21       58        3       82     1658       21       27        0     1610       28        2        0      102        0      121      140     1217 2021 Jul 13 0000:00
  1290  2021.53183     1740        0       21       58        3       82     1658       21       28        0     1609       31        2        0       95        0      119      135     1227 2021 Jul 14 0000:00
  1291  2021.53457     1740        0       21       58        4       83     1657       21       27        0     1609       28        2        0       83        0      122      129     1245 2021 Jul 15 0000:00
  1292  2021.53730     1740        0       21       58        4       83     1657       21       27        0     1609       31        2        0       74        0      121      122     1259 2021 Jul 16 0000:00
  1293  2021.54004     1740        0       21       58        4       83     1657       21       27        0     1609       31        1        0       81        0      119      123     1254 2021 Jul 17 0000:00
  1294  2021.54278     1740        0       21       58        4       83     1657       21       27        0     1609       34        1        0       74        0      117      116     1267 2021 Jul 18 0000:00
  1295  2021.54552     1740        0       21       59        4       84     1656       21       27        0     1608       31        1        0       70        0      120      105     1281 2021 Jul 19 0000:00
  1296  2021.54825     1740        0       21       59        4       84     1656       21       27        0     1608       27        1        0       71        0      124      101     1284 2021 Jul 20 0000:00
  1297  2021.55099     1740        0       21       59        4       84     1656       21       27        0     1608       26        1        0       70        0      123       93     1295 2021 Jul 21 0000:00
  1298  2021.55373     1740        0       21       59        4       84     1656       21       27        0     1608       27        1        0       62        0      123       91     1304 2021 Jul 22 0000:00
  1299  2021.55647     1740        0       21       59        4       84     1656       21       27        0     1608       25        1        0       66        0      124       89     1303 2021 Jul 23 0000:00
  1300  2021.55921     1740        0       21       59        4       84     1656       21       27        0     1608       29        1        0       66        0      124       86     1302 2021 Jul 24 0000:00
  1301  2021.56194     1740        0       21       59        4       84     1656       21       27        0     1608       28        1        0       71        0      123       75     1310 2021 Jul 25 0000:00
  1302  2021.56468     1740        0       21       60        4       85     1655       21       27        0     1607       29        1        0       85        0      123       59     1310 2021 Jul 26 0000:00
  1303  2021.56742     1740        0       21       60        4       85     1655       21       27        0     1607       33        2        0       81        0      121       59     1311 2021 Jul 27 0000:00
  1304  2021.57016     1740        0       21       60        4       85     1655       21       27        0     1607       34        1        0       83        0      122       55     1312 2021 Jul 28 0000:00
  1305  2021.57290     1740        0       22       60        4       86     1654       20       27        0     1607       34        1        0       82        0      123       44     1323 2021 Jul 29 0000:00
  1306  2021.57563     1740        0       22       61        4       87     1653       20       27        0     1606       31        1        0       80        0      125       41     1328 2021 Jul 30 0000:00
  1307  2021.57837     1740        0       22       62        4       88     1652       20       27        0     1605       31        1        0       76        0      124       39     1334 2021 Jul 31 0000:00
  1308  2021.58111     1740        0       22       63        4       89     1651       20       27        0     1604       29        1        0       84        0      125       38     1327 2021 Aug  1 0000:00
  1309  2021.58385     1740        0       22       64        4       90     1650       20       27        0     1603       27        1        0       85        0      125       36     1329 2021 Aug  2 0000:00
  1310  2021.58658     1740        0       22       64        4       90     1650       20       27        0     1603       37        1        0       83        0      120       30     1332 2021 Aug  3 0000:00
  1311  2021.58932     1740        0       22       64        4       90     1650       20       27        0     1603       38        1        0       76        0      119       26     1343 2021 Aug  4 0000:00
  1312  2021.59206     1740        0       22       64        4       90     1650       20       27        0     1603       41        1        0       59        0      120       21     1361 2021 Aug  5 0000:00
  1313  2021.59480     1740        0       22       64        4       90     1650       20       27        0     1603       37        1        0       56        0      123       17     1369 2021 Aug  6 0000:00
  1314  2021.59754     1740        0       22       64        4       90     1650       20       27        0     1603       34        1        0       47        0      125       12     1384 2021 Aug  7 0000:00
  1315  2021.60027     1740        0       22       64        4       90     1650       20       27        0     1603       33        1        0       45        0      127       10     1387 2021 Aug  8 0000:00
  1316  2021.60301     1740        0       22       64        4       90     1650       20       27        0     1603       32        2        0       47        0      127        9     1386 2021 Aug  9 0000:00
  1317  2021.60575     1740        0       22       64        4       90     1650       20       27        0     1603       32        1        0       39        0      126       11     1394 2021 Aug 10 0000:00
  1318  2021.60849     1740        0       22       64        4       90     1650       20       27        0     1603       32        1        0       41        0      126        9     1394 2021 Aug 11 0000:00
  1319  2021.61123     1740        0       22       64        4       90     1650       20       27        0     1603       33        1        0       43        0      125        8     1393 2021 Aug 12 0000:00
  1320  2021.61396     1740        0       22       64        4       90     1650       20       27        0     1603       33        1        0       39        0      124        7     1399 2021 Aug 13 0000:00
  1321  2021.61670     1740        0       22       64        4       90     1650       20       27        0     1603       37        1        0       39        0      122        7     1397 2021 Aug 14 0000:00
  1322  2021.61944     1740        0       22       64        4       90     1650       20       27        0     1603       40        1        0       37        0      120        7     1398 2021 Aug 15 0000:00
  1323  2021.62218     1740        0       22       64        4       90     1650       20       27        0     1603       41        1        0       35        0      118        9     1399 2021 Aug 16 0000:00
  1324  2021.62491     1740        0       22       64        4       90     1650       20       27        0     1603       44        1        0       34        0      115        8     1401 2021 Aug 17 0000:00
  1325  2021.62765     1740        0       22       65        4       91     1649       20       27        0     1602       39        1        0       31        0      118        8     1405 2021 Aug 18 0000:00
  1326  2021.63039     1740        0       22       67        4       93     1647       20       27        0     1600       39        2        0       32        0      117        5     1405 2021 Aug 19 0000:00
  1327  2021.63313     1740        0       22       68        4       94     1646       20       27        0     1599       39        1        0       31        0      116        7     1405 2021 Aug 20 0000:00
  1328  2021.63587     1740        0       22       69        4       95     1645       20       27        0     1598       39        1        0       33        0      114        7     1404 2021 Aug 21 0000:00
  1329  2021.63860     1740        0       22       69        4       95     1645       20       27        0     1598       34        1        0       30        0      116        9     1408 2021 Aug 22 0000:00
  1330  2021.64134     1740        0       22       69        4       95     1645       20       27        0     1598       34        1        0       29        0      116        9     1409 2021 Aug 23 0000:00
  1331  2021.64408     1740        0       22       70        4       96     1644       20       27        0     1597       32        1        0       28        0      120        9     1407 2021 Aug 24 0000:00
  1332  2021.64682     1740        0       22       71        4       97     1643       20       27        0     1596       30        1        0       28        0      117       12     1408 2021 Aug 25 0000:00
  1333  2021.64956     1740        0       23       71        4       98     1642       19       27        0     1596       32        1        0       28        0      117       10     1408 2021 Aug 26 0000:00
  1334  2021.65229     1740        0       23       73        4      100     1640       19       27        0     1594       29        1        0       30        0      115       12     1407 2021 Aug 27 0000:00
  1335  2021.65503     1740        0       23       73        4      100     1640       19       27        0     1594       32        1        0       28        0      111       13     1409 2021 Aug 28 0000:00
  1336  2021.65777     1740        0       23       74        4      101     1639       19       27        0     1593       30        1        0       29        0      110       15     1408 2021 Aug 29 0000:00
  1337  2021.66051     1740        0       23       74        4      101     1639       19       27        0     1593       30        1        0       26        0      110       15     1411 2021 Aug 30 0000:00
  1338  2021.66324     1740        0       23       74        4      101     1639       19       27        0     1593       30        1        0       21        0      110       15     1416 2021 Aug 31 0000:00
  1339  2021.66598     1740        0       23       74        4      101     1639       19       27        0     1593       28        2        0       23        0      111       13     1416 2021 Sep  1 0000:00
  1340  2021.66872     1740        0       23       74        4      101     1639       19       27        0     1593       27        1        0       21        0      113       13     1418 2021 Sep  2 0000:00
  1341  2021.67146     1740        0       23       74        4      101     1639       19       27        0     1593       32        1        0       23        0      108       13     1416 2021 Sep  3 0000:00
  1342  2021.67420     1740        0       23       74        4      101     1639       19       27        0     1593       35        2        0       21        0      105       13     1417 2021 Sep  4 0000:00
  1343  2021.67693     1740        0       23       75        4      102     1638       19       27        0     1592       37        2        0       21        0      102       15     1415 2021 Sep  5 0000:00
  1344  2021.67967     1740        0       23       75        4      102     1638       19       27        0     1592       35        2        0       20        0      100       18     1417 2021 Sep  6 0000:00
  1345  2021.68241     1740        0       23       76        4      103     1637       19       27        0     1591       35        1        0       19        0       97       20     1419 2021 Sep  7 0000:00
  1346  2021.68515     1740        0       23       76        4      103     1637       19       27        0     1591       36        1        0       20        0       97       20     1417 2021 Sep  8 0000:00
  1347  2021.68789     1740        0       23       76        4      103     1637       19       27        0     1591       35        2        0       20        0       96       21     1417 2021 Sep  9 0000:00
  1348  2021.69062     1740        0       23       76        4      103     1637       19       27        0     1591       34        2        0       16        0       96       22     1421 2021 Sep 10 0000:00
  1349  2021.69336     1740        0       23       77        4      104     1636       19       27        0     1590       34        2        0       16        0       95       22     1421 2021 Sep 11 0000:00
  1350  2021.69610     1740        0       23       78        4      105     1635       19       27        0     1589       34        2        0       16        0       93       23     1421 2021 Sep 12 0000:00
  1351  2021.69884     1740        0       24       80        4      108     1632       18       27        0     1587       33        2        0       17        0       92       24     1419 2021 Sep 13 0000:00
  1352  2021.70157     1791        0       24       80        4      108     1683       18       27        0     1638       29        2        0       17        0      147       24     1419 2021 Sep 14 0000:00
  1353  2021.70431     1791        0       24       80        4      108     1683       18       27        0     1638       29        2        0       19        0      146       23     1419 2021 Sep 15 0000:00
  1354  2021.70705     1791        0       24       80        4      108     1683       18       27        0     1638       26        2        0       22        0      146       23     1419 2021 Sep 16 0000:00
  1355  2021.70979     1791        0       24       80        4      108     1683       18       27        0     1638       25        4        0       21        0      107       60     1421 2021 Sep 17 0000:00
  1356  2021.71253     1791        0       24       80        4      108     1683       18       27        0     1638       25        2        0       21        0       95       73     1422 2021 Sep 18 0000:00
  1357  2021.71526     1791        0       24       80        4      108     1683       18       27        0     1638       25        2        0       21        0       93       75     1422 2021 Sep 19 0000:00
  1358  2021.71800     1791        0       24       80        4      108     1683       18       27        0     1638       23        2        0       22        0       93       76     1422 2021 Sep 20 0000:00
  1359  2021.72074     1791        0       24       81        4      109     1682       18       27        0     1637       21        2        0       21        0       92       78     1423 2021 Sep 21 0000:00
  1360  2021.72348     1791        0       24       81        4      109     1682       18       27        0     1637       21        2        0       21        0       90       80     1423 2021 Sep 22 0000:00
  1361  2021.72621     1791        0       24       81        4      109     1682       18       27        0     1637       20        2        0       22        0       91       80     1422 2021 Sep 23 0000:00
  1362  2021.72895     1791        0       24       81        4      109     1682       18       27        0     1637       21        2        0       22        0       90       80     1422 2021 Sep 24 0000:00
  1363  2021.73169     1791        0       24       81        4      109     1682       18       27        0     1637       25        2        0       22        0       86       80     1422 2021 Sep 25 0000:00
  1364  2021.73443     1791        0       24       81        4      109     1682       18       27        0     1637       27        2        0       20        0       81       81     1426 2021 Sep 26 0000:00
  1365  2021.73717     1791        0       24       81        5      110     1681       18       26        0     1637       28        2        0       20        0       77       84     1426 2021 Sep 27 0000:00
  1366  2021.73990     1791        0       24       81        5      110     1681       18       26        0     1637       27        2        0       19        0       78       84     1427 2021 Sep 28 0000:00
  1367  2021.74264     1791        0       24       81        5      110     1681       18       26        0     1637       27        2        0       19        0       76       85     1428 2021 Sep 29 0000:00
  1368  2021.74538     1791        0       24       82        5      111     1680       18       26        0     1636       26        2        0       19        0       75       86     1428 2021 Sep 30 0000:00
  1369  2021.74812     1791        0       24       84        5      113     1678       18       26        0     1634       23        2        0       19        0       76       85     1429 2021 Oct  1 0000:00
  1370  2021.75086     1791        0       24       84        5      113     1678       18       26        0     1634       28        4        0       23        0       67       85     1427 2021 Oct  2 0000:00
  1371  2021.75359     1791        0       24       85        5      114     1677       18       26        0     1633       25        2        0       24        0       70       86     1426 2021 Oct  3 0000:00
  1372  2021.75633     1791        0       25       86        6      117     1674       17       25        0     1632       25        2        0       22        0      119       37     1427 2021 Oct  4 0000:00
  1373  2021.75907     1791        0       25       86        6      117     1674       17       25        0     1632       23        2        0       23        0      121       36     1427 2021 Oct  5 0000:00
  1374  2021.76181     1791        0       25       86        6      117     1674       17       25        0     1632       23        2        0       23        0      119       35     1430 2021 Oct  6 0000:00
  1375  2021.76454     1791        0       25       86        6      117     1674       17       25        0     1632       23        3        0       25        0      116       34     1431 2021 Oct  7 0000:00
  1376  2021.76728     1791        0       25       86        6      117     1674       17       25        0     1632       25        4        0       23        0      115       33     1432 2021 Oct  8 0000:00
  1377  2021.77002     1791        0       25       86        6      117     1674       17       25        0     1632       24        2        0       22        0      115       34     1435 2021 Oct  9 0000:00
  1378  2021.77276     1791        0       25       86        6      117     1674       17       25        0     1632       22        2        0       25        0      117       33     1433 2021 Oct 10 0000:00
  1379  2021.77550     1791        0       25       86        6      117     1674       17       25        0     1632       22        2        0       26        0      117       30     1435 2021 Oct 11 0000:00
  1380  2021.77823     1791        0       25       86        6      117     1674       17       25        0     1632       21        2        0       27        0      118       28     1436 2021 Oct 12 0000:00
  1381  2021.78097     1791        0       25       86        6      117     1674       17       25        0     1632       20        2        0       26        0      118       29     1437 2021 Oct 13 0000:00
  1382  2021.78371     1791        0       25       86        6      117     1674       17       25        0     1632       20        2        0       27        0      118       29     1436 2021 Oct 14 0000:00
  1383  2021.78645     1791        0       25       86        6      117     1674       17       25        0     1632       20        2        0       26        0      117       28     1439 2021 Oct 15 0000:00
  1384  2021.78919     1791        0       25       87        6      118     1673       17       25        0     1631       17        2        0       28        0      117       29     1438 2021 Oct 16 0000:00
  1385  2021.79192     1791        0       25       87        6      118     1673       17       25        0     1631       20        2        0       32        0      116       29     1432 2021 Oct 17 0000:00
  1386  2021.79466     1791        0       25       88        6      119     1672       17       25        0     1630       17        3        0       30        0      117       28     1435 2021 Oct 18 0000:00
  1387  2021.79740     1791        0       25       88        6      119     1672       17       25        0     1630       18        2        0       28        0      116       26     1440 2021 Oct 19 0000:00
  1388  2021.80014     1791        0       25       88        6      119     1672       17       25        0     1630       19        2        0       28        0      112       27     1442 2021 Oct 20 0000:00
  1389  2021.80287     1791        0       25       88        6      119     1672       17       25        0     1630       20        2        0       28        0      110       28     1442 2021 Oct 21 0000:00
  1390  2021.80561     1791        0       25       88        6      119     1672       17       26        0     1629       20        3        0       29        0      108       27     1442 2021 Oct 22 0000:00
  1391  2021.80835     1791        0       25       89        6      120     1671       17       26        0     1628       19        3        0       30        0      108       27     1441 2021 Oct 23 0000:00
  1392  2021.81109     1791        0       26       89        6      121     1670       16       26        0     1628       21        4        0       28        0      104       29     1442 2021 Oct 24 0000:00
  1393  2021.81383     1791        0       26       89        6      121     1670       16       26        0     1628       23        4        0       31        0      102       27     1441 2021 Oct 25 0000:00
  1394  2021.81656     1791        0       26       90        6      122     1669       16       26        0     1627       22        4        0       29        0      103       27     1442 2021 Oct 26 0000:00
  1395  2021.81930     1791        0       26       90        6      122     1669       16       26        0     1627       22        4        0       29        0      102       24     1446 2021 Oct 27 0000:00
  1396  2021.82204     1791        0       26       90        6      122     1669       16       26        0     1627       22        5        0       28        0      102       22     1448 2021 Oct 28 0000:00
  1397  2021.82478     1791        0       26       90        6      122     1669       16       26        0     1627       29        5        0       29        0       95       21     1448 2021 Oct 29 0000:00
  1398  2021.82752     1791        0       26       91        6      123     1668       16       26        0     1626       30        5        0       30        0       94       19     1448 2021 Oct 30 0000:00
  1399  2021.83025     1791        0       26       91        6      123     1668       16       26        0     1626       37        4        0       28        0       86       18     1453 2021 Oct 31 0000:00
  1400  2021.83299     1791        0       27       92        6      125     1666       15       26        0     1625       41        4        0       29        0       85       17     1449 2021 Nov  1 0000:00
  1401  2021.83573     1791        0       27       92        6      125     1666       15       26        0     1625       41        4        0       28        0       84       17     1451 2021 Nov  2 0000:00
  1402  2021.83847     1791        0       27       92        6      125     1666       15       26        0     1625       39        4        0       27        0       86       17     1452 2021 Nov  3 0000:00
  1403  2021.84120     1791        0       27       92        6      125     1666       15       26        0     1625       38        4        0       28        0       87       17     1451 2021 Nov  4 0000:00
  1404  2021.84394     1791        0       27       92        6      125     1666       15       26        0     1625       42        4        0       28        0       82       16     1453 2021 Nov  5 0000:00
  1405  2021.84668     1791        0       27       92        6      125     1666       15       26        0     1625       42        4        0       27        0       83       17     1452 2021 Nov  6 0000:00
  1406  2021.84942     1791        0       27       92        6      125     1666       15       26        0     1625       44        4        0       31        0       83       13     1450 2021 Nov  7 0000:00
  1407  2021.85216     1791        0       27       92        6      125     1666       15       26        0     1625       47        4        0       33        0       82       13     1446 2021 Nov  8 0000:00
  1408  2021.85489     1791        0       27       92        6      125     1666       15       26        0     1625       46        4        0       36        0       77       19     1443 2021 Nov  9 0000:00
  1409  2021.85763     1791        0       27       92        6      125     1666       15       26        0     1625       45        5        0       32        0       73       26     1444 2021 Nov 10 0000:00
  1410  2021.86037     1791        0       27       92        6      125     1666       15       26        0     1625       47        7        0       29        0       68       30     1444 2021 Nov 11 0000:00
  1411  2021.86311     1791        0       27       93        6      126     1665       15       26        0     1624       48        7        0       32        0       65       32     1440 2021 Nov 12 0000:00
  1412  2021.86585     1844        0       27       93        6      126     1718       16       26        0     1676       40        6        0       33        0      125       31     1441 2021 Nov 13 0000:00
  1413  2021.86858     1844        0       27       94        6      127     1717       16       26        0     1675       38        5        0       32        0      127       31     1442 2021 Nov 14 0000:00
  1414  2021.87132     1844        0       27       95        6      128     1716       16       26        0     1674       42        3        0       31        0      124       33     1441 2021 Nov 15 0000:00
  1415  2021.87406     1844        0       27       95        6      128     1716       16       26        0     1674       40        3        0       38        0       74       82     1437 2021 Nov 16 0000:00
  1416  2021.87680     1844        0       27       95        6      128     1716       16       26        0     1674       44        3        0       28        0       71       82     1446 2021 Nov 17 0000:00
  1417  2021.87953     1844        0       27       95        6      128     1716       16       26        0     1674       42        4        0       29        0       72       80     1447 2021 Nov 18 0000:00
  1418  2021.88227     1844        0       27       95        6      128     1716       16       26        0     1674       42        4        0       24        0       73       80     1451 2021 Nov 19 0000:00
  1419  2021.88501     1844        0       27       95        6      128     1716       16       26        0     1674       43        3        0       29        0       70       79     1450 2021 Nov 20 0000:00
  1420  2021.88775     1844        0       27       95        6      128     1716       16       26        0     1674       47        3        0       22        0       65       78     1459 2021 Nov 21 0000:00
  1421  2021.89049     1844        0       27       95        6      128     1716       16       26        0     1674       50        4        0       23        0       58       81     1458 2021 Nov 22 0000:00
  1422  2021.89322     1844        0       27       96        6      129     1715       16       26        0     1673       48        5        0       20        0       57       83     1460 2021 Nov 23 0000:00
  1423  2021.89596     1844        0       27       98        6      131     1713       16       26        0     1671       46        4        0       20        0       58       83     1460 2021 Nov 24 0000:00
  1424  2021.89870     1844        0       27       98        6      131     1713       16       26        0     1671       47        4        0       20        0       57       84     1459 2021 Nov 25 0000:00
  1425  2021.90144     1844        0       27       98        6      131     1713       16       26        0     1671       44        3        0       20        0       63       83     1458 2021 Nov 26 0000:00
  1426  2021.90418     1844        0       27       99        6      132     1712       16       26        0     1670       50        2        0       21        0       55       82     1460 2021 Nov 27 0000:00
  1427  2021.90691     1844        0       27       99        6      132     1712       16       26        0     1670       54        2        0       19        0       53       80     1462 2021 Nov 28 0000:00
  1428  2021.90965     1844        0       27       99        6      132     1712       16       26        0     1670       51        2        0       22        0       55       81     1459 2021 Nov 29 0000:00
  1429  2021.91239     1844        0       29      100        6      135     1709       14       26        0     1669       51        2        0       20        0       58       80     1458 2021 Nov 30 0000:00
  1430  2021.91513     1844        0       30      100        6      136     1708       13       26        0     1669       49        2        0       19        0       56       82     1461 2021 Dec  1 0000:00
  1431  2021.91786     1892        0       30      100        6      136     1756       13       26        0     1717       47        4        0       16        0      106       83     1461 2021 Dec  2 0000:00
  1432  2021.92060     1892        0       30      100        6      136     1756       13       27        0     1716       43        3        0       19        0      111       82     1458 2021 Dec  3 0000:00
  1433  2021.92334     1892        0       30      100        6      136     1756       13       27        0     1716       39        3        0       16        0      115       81     1462 2021 Dec  4 0000:00
  1434  2021.92608     1892        0       30      101        6      137     1755       13       27        0     1715       37        7        0       19        0      124       67     1461 2021 Dec  5 0000:00
  1435  2021.92882     1892        0       30      101        6      137     1755       13       27        0     1715       40        7        0       17        0      153       36     1462 2021 Dec  6 0000:00
  1436  2021.93155     1892        0       30      101        6      137     1755       13       27        0     1715       41        2        0       15        0      134       61     1462 2021 Dec  7 0000:00
  1437  2021.93429     1892        0       30      101        6      137     1755       13       27        0     1715       39        2        0       14        0      123       71     1466 2021 Dec  8 0000:00
  1438  2021.93703     1892        0       30      101        6      137     1755       13       28        0     1714       37        2        0       13        0      119       79     1464 2021 Dec  9 0000:00
  1439  2021.93977     1892        0       30      101        6      137     1755       13       28        0     1714       37        0        0       16        0      121       77     1463 2021 Dec 10 0000:00
  1440  2021.94251     1892        0       30      101        6      137     1755       13       28        0     1714       38        0        0       15        0      121       76     1464 2021 Dec 11 0000:00
  1441  2021.94524     1892        0       30      101        6      137     1755       13       28        0     1714       40        0        0       15        0      128       67     1464 2021 Dec 12 0000:00
  1442  2021.94798     1892        0       30      102        6      138     1754       13       28        0     1713       38        0        0       15        0      131       66     1463 2021 Dec 13 0000:00
  1443  2021.95072     1892        0       30      103        6      139     1753       13       28        0     1712       36        0        0       14        0      141       56     1465 2021 Dec 14 0000:00
  1444  2021.95346     1892        0       30      104        6      140     1752       13       28        0     1711       35        1        0       14        0      146       51     1464 2021 Dec 15 0000:00
  1445  2021.95619     1892        0       30      104        6      140     1752       13       28        0     1711       36        0        0       14        0      143       53     1465 2021 Dec 16 0000:00
  1446  2021.95893     1892        0       30      104        6      140     1752       13       28        0     1711       35        0        0       15        0      144       52     1465 2021 Dec 17 0000:00
  1447  2021.96167     1944        0       30      106        6      142     1802       14       28        0     1760       32        0        0       14        0      195       52     1467 2021 Dec 18 0000:00
  1448  2021.96441     1944        0       30      106        6      142     1802       14       28        0     1760       38        0        0       13        0      189       52     1468 2021 Dec 19 0000:00
  1449  2021.96715     1944        0       30      107        6      143     1801       14       28        0     1759       38        4        0       13        0      184       52     1468 2021 Dec 20 0000:00
  1450  2021.96988     1944        0       32      109        6      147     1797       12       28        0     1757       48       38        0       13        0      138       52     1468 2021 Dec 21 0000:00
  1451  2021.97262     1944        0       32      109        6      147     1797       12       28        0     1757       50       38        0       12        0      136       52     1469 2021 Dec 22 0000:00
  1452  2021.97536     1944        0       32      109        6      147     1797       12       28        0     1757       45       27        0       11        0      152       52     1470 2021 Dec 23 0000:00
  1453  2021.97810     1944        0       32      110        6      148     1796       12       28        0     1756       40        1        0       11        0      132      101     1471 2021 Dec 24 0000:00
  1454  2021.98084     1944        0       32      110        6      148     1796       12       28        0     1756       39        1        0       12        0      133      101     1470 2021 Dec 25 0000:00
  1455  2021.98357     1944        0       32      110        6      148     1796       12       28        0     1756       42        2        0       11        0      131      101     1469 2021 Dec 26 0000:00
  1456  2021.98631     1944        0       32      111        6      149     1795       12       28        0     1755       37        2        0       11        0      133      101     1471 2021 Dec 27 0000:00
  1457  2021.98905     1944        0       33      112        6      151     1793       11       28        0     1754       37        3        0       11        0      131      101     1471 2021 Dec 28 0000:00
  1458  2021.99179     1944        0       33      112        6      151     1793       11       28        0     1754       37        3        0       10        0      131      101     1472 2021 Dec 29 0000:00
  1459  2021.99452     1944        0       33      114        6      153     1791       11       28        0     1752       36        3        0       10        0      130      101     1472 2021 Dec 30 0000:00
  1460  2021.99726     1944        0       33      114        6      153     1791       11       28        0     1752       35        3        0       14        0      132       97     1471 2021 Dec 31 0000:00
  1461  2022.00000     1944        0       33      114        6      153     1791       11       28        0     1752       33        3        0       14        0      132       97     1473 2022 Jan  1 0000:00
  1462  2022.00274     1944        0       33      114        6      153     1791       11       28        0     1752       30        3        0       14        0      135       85     1485 2022 Jan  2 0000:00
  1463  2022.00548     1944        0       33      114        6      153     1791       11       28        0     1752       30        1        0       10        0      127       95     1489 2022 Jan  3 0000:00
  1464  2022.00821     1944        0       33      114        6      153     1791       11       28        0     1752       32        2        0       13        0      114      101     1490 2022 Jan  4 0000:00
  1465  2022.01095     1944        0       33      114        6      153     1791       11       28        0     1752       27        2        0       15        0      118       98     1492 2022 Jan  5 0000:00
  1466  2022.01369     1993        0       33      114        6      153     1840       11       28        0     1801       26        1        0       13        0      169       95     1497 2022 Jan  6 0000:00
  1467  2022.01643     1993        0       33      114        6      153     1840       11       28        0     1801       27        1        0       10        0      168       95     1500 2022 Jan  7 0000:00
  1468  2022.01916     1993        0       33      115        6      154     1839       11       28        0     1800       27        4        0       11        0      166       93     1499 2022 Jan  8 0000:00
  1469  2022.02190     1993        0       33      115        6      154     1839       11       28        0     1800       28       11        0       12        0      158       93     1498 2022 Jan  9 0000:00
  1470  2022.02464     1993        0       34      116        6      156     1837       10       28        0     1799       24        1        0       16        0      121      144     1493 2022 Jan 10 0000:00
  1471  2022.02738     1993        0       36      116        6      158     1835        8       28        0     1799       25        2        0       15        0      120      145     1492 2022 Jan 11 0000:00
  1472  2022.03012     1993        0       36      116        6      158     1835        8       28        0     1799       29        1        0       13        0      119      144     1493 2022 Jan 12 0000:00
  1473  2022.03285     1993        0       36      116        6      158     1835        8       28        0     1799       31        4        0       11        0      152      110     1491 2022 Jan 13 0000:00
  1474  2022.03559     1993        0       36      116        6      158     1835        8       28        0     1799       34        2        0       11        0      164       96     1492 2022 Jan 14 0000:00
  1475  2022.03833     1993        0       36      116        6      158     1835        8       28        0     1799       29        2        0       12        0      169       95     1492 2022 Jan 15 0000:00
  1476  2022.04107     1993        0       37      116        6      159     1834        7       28        0     1799       37        2        0       12        0      160       94     1494 2022 Jan 16 0000:00
  1477  2022.04381     1993        0       41      116        6      163     1830        3       28        0     1799       41        2        0       11        0      151      101     1493 2022 Jan 17 0000:00
  1478  2022.04654     1993        0       41      116        6      163     1830        3       28        0     1799       40        3        0       11        0      152      101     1492 2022 Jan 18 0000:00
  1479  2022.04928     2042        0       41      116        6      163     1879        3       28        0     1848       39        3        0       11        0      200      103     1492 2022 Jan 19 0000:00
  1480  2022.05202     2042        0       41      116        6      163     1879        3       28        0     1848       38        2        0        9        0      202      103     1494 2022 Jan 20 0000:00
  1481  2022.05476     2042        0       41      116        6      163     1879        3       28        0     1848       42       45        0        9        0      147      111     1494 2022 Jan 21 0000:00
  1482  2022.05749     2042        0       41      117        6      164     1878        3       28        0     1847       38        3        0        9        0      172      130     1495 2022 Jan 22 0000:00
  1483  2022.06023     2042        0       41      117        6      164     1878        3       28        0     1847       40        3        0        9        0      136      165     1494 2022 Jan 23 0000:00
  1484  2022.06297     2042        0       41      119        6      166     1876        3       28        0     1845       38        3        0       10        0      137      164     1493 2022 Jan 24 0000:00
  1485  2022.06571     2042        0       41      121        6      168     1874        3       28        0     1843       32        3        0        8        0      137      168     1495 2022 Jan 25 0000:00
  1486  2022.06845     2042        0       41      121        6      168     1874        3       28        0     1843       32        2        0       15        0      126      173     1495 2022 Jan 26 0000:00
  1487  2022.07118     2042        0       41      121        7      169     1873        3       27        0     1843       33        2        0       18        0      126      168     1496 2022 Jan 27 0000:00
  1488  2022.07392     2042        0       41      121        7      169     1873        3       27        0     1843       38        2        0       10        0      120      160     1513 2022 Jan 28 0000:00
  1489  2022.07666     2042        0       41      122        7      170     1872        3       27        0     1842       36        2        0        9        0      126      154     1515 2022 Jan 29 0000:00
  1490  2022.07940     2042        0       42      125        7      174     1868        2       27        0     1839       34        4        0        9        0      150      128     1514 2022 Jan 30 0000:00
  1491  2022.08214     2042        0       42      125        7      174     1868        2       27        0     1839       34        5        0        8        0      145      132     1515 2022 Jan 31 0000:00
  1492  2022.08487     2042        0       42      125        7      174     1868        2       27        0     1839       34        5        0        9        0      143      135     1513 2022 Feb  1 0000:00
  1493  2022.08761     2042        0       42      125        7      174     1868        2       27        0     1839       34        5        0        8        0      144      135     1513 2022 Feb  2 0000:00
  1494  2022.09035     2091        0       42      125        7      174     1917       40       27        0     1850       35        3        0        6        0      156      136     1514 2022 Feb  3 0000:00
  1495  2022.09309     2091        0       42      125        7      174     1917       40       27        0     1850       36        1        0        6        0      159      133     1515 2022 Feb  4 0000:00
  1496  2022.09582     2091        0       74      127        7      208     1883        8       27        0     1848       39        2        0        6        0      141      145     1515 2022 Feb  5 0000:00
  1497  2022.09856     2091        0       74      127        7      208     1883        8       27        0     1848       39       11        0        6        0      126      150     1516 2022 Feb  6 0000:00
  1498  2022.10130     2091        0       77      127        7      211     1880        5       27        0     1848       40       12        0        7        0      115      160     1514 2022 Feb  7 0000:00
  1499  2022.10404     2091        0       78      127        7      212     1879        4       27        0     1848       33        2        0        5        0      116      176     1516 2022 Feb  8 0000:00
  1500  2022.10678     2091        0       78      127        7      212     1879        4       28        0     1847       34        3        0        6        0      111      179     1514 2022 Feb  9 0000:00
  1501  2022.10951     2091        0       79      128        7      214     1877        3       28        0     1846       34        4        0        5        0      109      179     1515 2022 Feb 10 0000:00
  1502  2022.11225     2091        0       79      129        7      215     1876        3       28        0     1845       31        2        0        5        0      157      134     1516 2022 Feb 11 0000:00
  1503  2022.11499     2091        0       79      130        7      216     1875        3       28        0     1844       32        5        0        5        0      151      135     1516 2022 Feb 12 0000:00
  1504  2022.11773     2091        0       80      130        7      217     1874        2       28        0     1844       28        3        0        6        0      155      137     1515 2022 Feb 13 0000:00
  1505  2022.12047     2091        0       80      130        7      217     1874        2       28        0     1844       29        2        0        5        0      157      135     1516 2022 Feb 14 0000:00
  1506  2022.12320     2091        0       80      130        7      217     1874        2       28        0     1844       30        2        0        6        0      155      136     1515 2022 Feb 15 0000:00
  1507  2022.12594     2091        0       80      130        7      217     1874        2       28        0     1844       30        2        0        5        0      151      140     1516 2022 Feb 16 0000:00
  1508  2022.12868     2091        0       80      131        7      218     1873        2       28        0     1843       26        2        0       11        0      153      135     1516 2022 Feb 17 0000:00
  1509  2022.13142     2091        0       80      131        7      218     1873        2       28        0     1843       27        3        0       21        0      150      120     1522 2022 Feb 18 0000:00
  1510  2022.13415     2091        0       80      131        7      218     1873        2       29        0     1842       27        2        0       16        0      152      111     1534 2022 Feb 19 0000:00
  1511  2022.13689     2091        0       80      131        7      218     1873        2       29        0     1842       29        1        0       12        0      150      106     1544 2022 Feb 20 0000:00
  1512  2022.13963     2137        0       80      131        7      218     1919        2       29        0     1888       29        2        0       10        0      195      102     1550 2022 Feb 21 0000:00
  1513  2022.14237     2137        0       80      131        7      218     1919        2       30        0     1887       29        1        0        5        0      199       99     1554 2022 Feb 22 0000:00
  1514  2022.14511     2137        0       80      131        7      218     1919        2       30        0     1887       31        3        0        5        0      196       99     1553 2022 Feb 23 0000:00
  1515  2022.14784     2137        0       80      131        7      218     1919        2       30        0     1887       33        2        0        4        0      191      104     1553 2022 Feb 24 0000:00
  1516  2022.15058     2187        0       80      131        7      218     1969        3       30        0     1936       31       22        0        5        0      220      104     1554 2022 Feb 25 0000:00
  1517  2022.15332     2187        0       80      131        7      218     1969        3       30        0     1936       30        2        0        4        0      188      157     1555 2022 Feb 26 0000:00
  1518  2022.15606     2187        0       80      131        7      218     1969        3       30        0     1936       28        1        0        5        0      193      155     1554 2022 Feb 27 0000:00
  1519  2022.15880     2187        0       80      131        7      218     1969        3       30        0     1936       29        1        0        4        0      192      155     1555 2022 Feb 28 0000:00
  1520  2022.16153     2187        0       80      131        7      218     1969        3       30        0     1936       31        6        0        5        0      136      204     1554 2022 Mar  1 0000:00
  1521  2022.16427     2187        0       80      131        7      218     1969        3       30        0     1936       30        2        0       13        0      136      200     1555 2022 Mar  2 0000:00
  1522  2022.16701     2234        0       81      131        7      219     2015        2       30        0     1983       32        1        0        4        0      173      209     1564 2022 Mar  3 0000:00
  1523  2022.16975     2234        0       81      131        7      219     2015        2       30        0     1983       30        1        0        4        0      167      217     1564 2022 Mar  4 0000:00
  1524  2022.17248     2234        0       81      131        7      219     2015        2       31        0     1982       30        1        0        5        0      189      194     1563 2022 Mar  5 0000:00
  1525  2022.17522     2234        0       81      131        7      219     2015        2       31        0     1982       30        2        0        4        0      159      223     1564 2022 Mar  6 0000:00
  1526  2022.17796     2234        0       81      132        7      220     2014        2       31        0     1981       29        1        0        4        0      159      224     1564 2022 Mar  7 0000:00
  1527  2022.18070     2234        0       82      132        7      221     2013        1       32        0     1980       28        1        0        6        0      159      224     1562 2022 Mar  8 0000:00
  1528  2022.18344     2282        0       82      132        7      221     2061        1       32        0     2028       28        1        0        4        0      204      227     1564 2022 Mar  9 0000:00
  1529  2022.18617     2282        0       82      132        7      221     2061        1       32        0     2028       28        1        0        4        0      192      239     1564 2022 Mar 10 0000:00
  1530  2022.18891     2282        0       82      132        7      221     2061        1       32        0     2028       24        1        0       14        0      193      232     1564 2022 Mar 11 0000:00
  1531  2022.19165     2282        0       82      132        7      221     2061        1       32        0     2028       26        1        0        7        0      229      193     1572 2022 Mar 12 0000:00
  1532  2022.19439     2282        0       82      132        7      221     2061        1       32        0     2028       25        1        0        7        0      234      188     1573 2022 Mar 13 0000:00
  1533  2022.19713     2282        0       82      134        7      223     2059        1       32        0     2026       29       42        0       13        0      185      180     1577 2022 Mar 14 0000:00
  1534  2022.19986     2282        0       82      134        7      223     2059        1       32        0     2026       22        3        0       15        0      182      223     1581 2022 Mar 15 0000:00
  1535  2022.20260     2282        0       82      134        7      223     2059        1       32        0     2026       24        1        0       20        0      174      230     1577 2022 Mar 16 0000:00
  1536  2022.20534     2282        0       82      134        7      223     2059        1       32        0     2026       21        1        0       22        0      164      243     1575 2022 Mar 17 0000:00
  1537  2022.20808     2282        0       82      134        7      223     2059        1       32        0     2026       21        7        0       22        0      218      183     1575 2022 Mar 18 0000:00
  1538  2022.21081     2335        0       82      134        7      223     2112        7       32        0     2073       21        5        0       23        0      262      188     1574 2022 Mar 19 0000:00
  1539  2022.21355     2335        0       82      134        7      223     2112        7       32        0     2073       23        3        0       22        0      226      224     1575 2022 Mar 20 0000:00
  1540  2022.21629     2335        0       82      134        7      223     2112        7       32        0     2073       23        0        0       21        0      224      229     1576 2022 Mar 21 0000:00
  1541  2022.21903     2335        0       82      134        7      223     2112        7       32        0     2073       23        0        0       25        0      210      239     1576 2022 Mar 22 0000:00
  1542  2022.22177     2335        0       82      134        7      223     2112        7       32        0     2073       24        2        0       40        0      177      251     1579 2022 Mar 23 0000:00
  1543  2022.22450     2335        0       82      134        7      223     2112        7       32        0     2073       23        2        0       36        0      170      246     1596 2022 Mar 24 0000:00
  1544  2022.22724     2335        0       82      134        7      223     2112        7       32        0     2073       24        0        0       21        0      171      246     1611 2022 Mar 25 0000:00
  1545  2022.22998     2335        0       82      134        7      223     2112        7       32        0     2073       24        0        0       21        0      168      249     1611 2022 Mar 26 0000:00
  1546  2022.23272     2335        0       82      134        7      223     2112        7       32        0     2073       23        0        0       20        0      215      203     1612 2022 Mar 27 0000:00
  1547  2022.23546     2335        0       82      136        7      225     2110        7       32        0     2071       21        0        0       20        0      217      201     1612 2022 Mar 28 0000:00
  1548  2022.23819     2335        0       82      136        7      225     2110        7       32        0     2071       22        1        0       21        0      217      199     1611 2022 Mar 29 0000:00
  1549  2022.24093     2335        0       82      136        7      225     2110        7       32        0     2071       22        0        0       21        0      219      196     1613 2022 Mar 30 0000:00
  1550  2022.24367     2335        0       82      136        7      225     2110        7       32        0     2071       23        0        0       21        0      213      201     1613 2022 Mar 31 0000:00
  1551  2022.24641     2335        0       82      136        7      225     2110        7       32        0     2071       25        0        0       21        0      187      226     1612 2022 Apr  1 0000:00
  1552  2022.24914     2335        0       83      136        7      226     2109        6       32        0     2071       25        1        0       21        0      178      233     1613 2022 Apr  2 0000:00
  1553  2022.25188     2335        0       83      137        7      227     2108        6       32        0     2070       25        1        0       25        0      214      192     1613 2022 Apr  3 0000:00
  1554  2022.25462     2335        0       83      138        7      228     2107        6       32        0     2069       25        2        0       27        0      196      203     1616 2022 Apr  4 0000:00
  1555  2022.25736     2335        0       83      138        7      228     2107        6       32        0     2069       26        2        0       28        0      194      199     1620 2022 Apr  5 0000:00
  1556  2022.26010     2335        0       83      138        7      228     2107        6       32        0     2069       25        2        0       28        0      193      195     1626 2022 Apr  6 0000:00
  1557  2022.26283     2335        0       83      138        7      228     2107        6       32        0     2069       25        2        0       26        0      182      201     1633 2022 Apr  7 0000:00
  1558  2022.26557     2335        0       83      138        7      228     2107        6       32        0     2069       23        2        0       21        0      185      200     1638 2022 Apr  8 0000:00
  1559  2022.26831     2335        0       83      141        7      231     2104        6       33        0     2065       19        2        0       22        0      198      187     1637 2022 Apr  9 0000:00
  1560  2022.27105     2335        0       83      141        8      232     2103        6       32        0     2065       21        2        0       22        0      181      202     1637 2022 Apr 10 0000:00
  1561  2022.27379     2335        0       83      141        8      232     2103        6       32        0     2065       19        2        0       21        0      173      212     1638 2022 Apr 11 0000:00
  1562  2022.27652     2335        0       83      141        8      232     2103        6       32        0     2065       18        2        0       30        0      162      215     1638 2022 Apr 12 0000:00
  1563  2022.27926     2335        0       83      141        8      232     2103        6       32        0     2065       20        2        0       42        0      159      196     1646 2022 Apr 13 0000:00
  1564  2022.28200     2335        0       83      141        8      232     2103        6       32        0     2065       18        2        0       39        0      163      176     1667 2022 Apr 14 0000:00
  1565  2022.28474     2335        0       83      141        8      232     2103        6       32        0     2065       17        2        0       24        0      142      198     1682 2022 Apr 15 0000:00
  1566  2022.28747     2335        0       83      141        8      232     2103        6       32        0     2065       17        2        0       21        0      141      199     1685 2022 Apr 16 0000:00
  1567  2022.29021     2335        0       84      141        9      234     2101        5       31        0     2065       18        2        0       21        0      140      199     1685 2022 Apr 17 0000:00
  1568  2022.29295     2335        0       86      142        9      237     2098        3       31        0     2064       18        2        0       21        0      139      199     1685 2022 Apr 18 0000:00
  1569  2022.29569     2335        0       88      142        9      239     2096        1       31        0     2064       16        2        0       22        0      140      199     1685 2022 Apr 19 0000:00
  1570  2022.29843     2335        0       88      142        9      239     2096        1       31        0     2064       17        3        0       21        0      138      199     1686 2022 Apr 20 0000:00
  1571  2022.30116     2388        0       88      142        9      239     2149        1       31        0     2117       18        2        0       20        0      193      197     1687 2022 Apr 21 0000:00
  1572  2022.30390     2388        0       88      142        9      239     2149        1       31        0     2117       18        2        0       20        0      193      197     1687 2022 Apr 22 0000:00
  1573  2022.30664     2388        0       88      144        9      241     2147        1       31        0     2115       17        2        0       22        0      194      193     1687 2022 Apr 23 0000:00
  1574  2022.30938     2388        0       88      146        9      243     2145        1       31        0     2113       14        2        0       22        0      169      217     1689 2022 Apr 24 0000:00
  1575  2022.31211     2388        0       88      146        9      243     2145        1       31        0     2113       14        2        0       33        0      149      225     1690 2022 Apr 25 0000:00
  1576  2022.31485     2388        0       88      146        9      243     2145        1       31        0     2113       16        2        0       35        0      117      237     1706 2022 Apr 26 0000:00
  1577  2022.31759     2388        0       88      146        9      243     2145        1       31        0     2113       17        2        0       25        0      113      240     1716 2022 Apr 27 0000:00
  1578  2022.32033     2388        0       88      146        9      243     2145        1       31        0     2113       17        2        0       26        0      101      252     1715 2022 Apr 28 0000:00
  1579  2022.32307     2441        0       88      146        9      243     2198        1       31        0     2166       17        2        0       26        0      144      262     1715 2022 Apr 29 0000:00
  1580  2022.32580     2441        0       88      146        9      243     2198        1       31        0     2166       17        3        0       25        0      157      249     1715 2022 Apr 30 0000:00
  1581  2022.32854     2441        0       88      150        9      247     2194        1       31        0     2162       15        3        0       21        0      157      249     1717 2022 May  1 0000:00
  1582  2022.33128     2441        0       88      150        9      247     2194        1       31        0     2162       13        3        0       22        0      156      249     1719 2022 May  2 0000:00
  1583  2022.33402     2441        0       88      150        9      247     2194        1       31        0     2162       12        2        0       20        0      158      249     1721 2022 May  3 0000:00
  1584  2022.33676     2441        0       88      150        9      247     2194        1       31        0     2162       13        2        0       28        0      147      251     1721 2022 May  4 0000:00
  1585  2022.33949     2441        0       88      150       10      248     2193        1       30        0     2162       12        2        0       31        0       94      296     1727 2022 May  5 0000:00
  1586  2022.34223     2494        0       88      150       10      248     2246        1       30        0     2215       12        2        0       25        0      160      278     1738 2022 May  6 0000:00
  1587  2022.34497     2494        0       88      150       10      248     2246        1       30        0     2215       11        2        0       31        0      160      270     1741 2022 May  7 0000:00
  1588  2022.34771     2494        0       88      150       10      248     2246        1       30        0     2215       11        2        0       27        0      160      264     1751 2022 May  8 0000:00
  1589  2022.35044     2494        0       88      150       10      248     2246        1       30        0     2215       11        2        0       31        0      160      264     1747 2022 May  9 0000:00
  1590  2022.35318     2494        0       88      151       10      249     2245        1       30        0     2214       14       51        0       30        0      107      264     1748 2022 May 10 0000:00
  1591  2022.35592     2494        0       88      151       10      249     2245        1       30        0     2214       10        3        0       30        0      113      310     1748 2022 May 11 0000:00
  1592  2022.35866     2494        0       88      151       10      249     2245        1       30        0     2214       10        3        0       31        0       84      338     1748 2022 May 12 0000:00
  1593  2022.36140     2547        0       88      151       10      249     2298        1       30        0     2267       10        3        0       39        0      137      337     1741 2022 May 13 0000:00
  1594  2022.36413     2600        0       88      151       10      249     2351        1       30        0     2320       11        4        0       43        0      189      338     1735 2022 May 14 0000:00
  1595  2022.36687     2600        0       88      151       10      249     2351        1       30        0     2320       13        5        0       40        0      205      321     1736 2022 May 15 0000:00
  1596  2022.36961     2600        0       88      151       10      249     2351        1       30        0     2320       16       14        0       46        0      229      279     1736 2022 May 16 0000:00
  1597  2022.37235     2600        0       88      151       10      249     2351        1       30        0     2320       17       29        0       59        0      194      279     1742 2022 May 17 0000:00
  1598  2022.37509     2653        0       88      151       10      249     2404        1       30        0     2373       17       28        0       68        0      242      257     1761 2022 May 18 0000:00
  1599  2022.37782     2653        0       88      151       10      249     2404        1       30        0     2373       15        3        0       46        0      164      359     1786 2022 May 19 0000:00
  1600  2022.38056     2653        0       88      151       10      249     2404        1       31        0     2372       16        2        0       47        0      164      358     1785 2022 May 20 0000:00
  1601  2022.38330     2653        0       88      151       10      249     2404        1       32        0     2371       23       44        0       63        0      118      353     1770 2022 May 21 0000:00
  1602  2022.38604     2653        0       88      151       10      249     2404        1       32        0     2371       13        1        0       61        0      137      387     1772 2022 May 22 0000:00
  1603  2022.38877     2653        0       88      151       10      249     2404        1       32        0     2371       13        2        0       83        0      153      362     1758 2022 May 23 0000:00
  1604  2022.39151     2653        0       88      151       10      249     2404        1       32        0     2371       14        1        0       88        0      141      364     1763 2022 May 24 0000:00
  1605  2022.39425     2653        0       88      151       10      249     2404        1       32        0     2371       13        1        0       89        0      139      355     1774 2022 May 25 0000:00
  1606  2022.39699     2653        0       88      151       10      249     2404        1       32        0     2371       13        2        0      109        0      138      340     1769 2022 May 26 0000:00
  1607  2022.39973     2653        0       88      151       10      249     2404        1       32        0     2371       13        1        0      121        0      139      330     1767 2022 May 27 0000:00
  1608  2022.40246     2653        0       88      151       10      249     2404        1       32        0     2371       14        1        0      122        0      139      327     1768 2022 May 28 0000:00
  1609  2022.40520     2653        0       88      151       10      249     2404        1       32        0     2371       14        1        0      119        0      181      280     1776 2022 May 29 0000:00
  1610  2022.40794     2653        0       88      151       10      249     2404        1       32        0     2371       14        0        0      129        0      226      228     1774 2022 May 30 0000:00
  1611  2022.41068     2653        0       88      151       10      249     2404        1       32        0     2371       13        2        0      119        0      247      198     1792 2022 May 31 0000:00
  1612  2022.41342     2653        0       88      151       10      249     2404        1       32        0     2371       12        1        0      117        0      223      224     1794 2022 Jun  1 0000:00
  1613  2022.41615     2653        0       88      151       10      249     2404        1       32        0     2371       13        1        0      118        0      210      237     1792 2022 Jun  2 0000:00
  1614  2022.41889     2653        0       88      151       10      249     2404        1       33        0     2370       13        3        0      122        0      255      190     1787 2022 Jun  3 0000:00
  1615  2022.42163     2653        0       88      151       10      249     2404        1       33        0     2370       14        1        0      115        0      257      190     1793 2022 Jun  4 0000:00
  1616  2022.42437     2653        0       88      151       10      249     2404        1       33        0     2370       13        8        0      121        0      235      204     1789 2022 Jun  5 0000:00
  1617  2022.42710     2653        0       88      152       10      250     2403        1       33        0     2369       11        1        0      120        0      203      243     1791 2022 Jun  6 0000:00
  1618  2022.42984     2653        0       88      152       10      250     2403        1       33        0     2369       10        1        0      117        0      204      240     1797 2022 Jun  7 0000:00
  1619  2022.43258     2653        0       88      153       10      251     2402        1       33        0     2368        9        3        0      114        0      203      238     1801 2022 Jun  8 0000:00
  1620  2022.43532     2653        0       88      153       10      251     2402        1       33        0     2368       10        1        0      114        0      205      227     1811 2022 Jun  9 0000:00
  1621  2022.43806     2653        0       88      153       10      251     2402        1       33        0     2368       11        5        0      107        0      177      245     1823 2022 Jun 10 0000:00
  1622  2022.44079     2653        0       88      153       10      251     2402        1       33        0     2368       11        2        0      104        0      184      237     1830 2022 Jun 11 0000:00
  1623  2022.44353     2653        0       88      153       10      251     2402        1       33        0     2368       13        1        0      112        0      187      227     1828 2022 Jun 12 0000:00
  1624  2022.44627     2653        0       88      153       10      251     2402        1       33        0     2368       12        1        0       93        0      187      218     1857 2022 Jun 13 0000:00
  1625  2022.44901     2653        0       88      153       10      251     2402        1       33        0     2368       12        2        0       74        0      186      218     1876 2022 Jun 14 0000:00
  1626  2022.45175     2653        0       88      153       10      251     2402        1       33        0     2368       17        1        0       61        0      186      217     1886 2022 Jun 15 0000:00
  1627  2022.45448     2653        0       88      153       10      251     2402        1       33        0     2368       12        1        0       64        0      186      213     1892 2022 Jun 16 0000:00
  1628  2022.45722     2706        0       88      154       10      252     2454        1       33        0     2420       17        1        0       41        0      242      208     1911 2022 Jun 17 0000:00
  1629  2022.45996     2706        0       88      154       10      252     2454        1       33        0     2420       14        1        0       46        0      241      198     1920 2022 Jun 18 0000:00
  1630  2022.46270     2706        0       88      154       10      252     2454        1       33        0     2420       14        1        0       48        0      241      191     1925 2022 Jun 19 0000:00
  1631  2022.46543     2706        0       88      154       10      252     2454        1       33        0     2420       12        1        0       36        0      231      195     1945 2022 Jun 20 0000:00
  1632  2022.46817     2706        0       88      154       10      252     2454        1       33        0     2420       12        1        0       33        0      169      257     1948 2022 Jun 21 0000:00
  1633  2022.47091     2706        0       88      154       10      252     2454        1       34        0     2419       11        0        0       32        0      169      257     1950 2022 Jun 22 0000:00
  1634  2022.47365     2706        0       88      154       10      252     2454        1       34        0     2419       11        0        0       32        0      169      257     1950 2022 Jun 23 0000:00
  1635  2022.47639     2706        0       88      154       10      252     2454        1       34        0     2419       11        0        0       32        0      164      262     1950 2022 Jun 24 0000:00
  1636  2022.47912     2706        0       88      154       10      252     2454        1       34        0     2419       13        0        0       32        0      163      261     1950 2022 Jun 25 0000:00
  1637  2022.48186     2706        0       88      154       10      252     2454        1       34        0     2419       12        0        0       40        0      162      254     1951 2022 Jun 26 0000:00
  1638  2022.48460     2706        0       88      154       10      252     2454        1       34        0     2419       12        0        0       46        0      162      241     1958 2022 Jun 27 0000:00
  1639  2022.48734     2706        0       88      155       10      253     2453        1       34        0     2418       11        0        0       47        0      162      229     1969 2022 Jun 28 0000:00
  1640  2022.49008     2706        0       88      156       10      254     2452        1       34        0     2417       10        0        0       43        0      162      218     1984 2022 Jun 29 0000:00
  1641  2022.49281     2706        0       88      156       10      254     2452        1       34        0     2417        9        0        0       43        0      143      227     1995 2022 Jun 30 0000:00
  1642  2022.49555     2706        0       88      156       10      254     2452        1       34        0     2417        9        1        0       43        0      141      217     2006 2022 Jul  1 0000:00
  1643  2022.49829     2706        0       88      156       10      254     2452        1       34        0     2417        8        0        0       39        0      131      221     2018 2022 Jul  2 0000:00
  1644  2022.50103     2706        0       88      156       10      254     2452        1       34        0     2417        7        0        0       41        0      121      223     2025 2022 Jul  3 0000:00
  1645  2022.50376     2706        0       88      156       10      254     2452        1       34        0     2417        7        0        0       35        0       92      249     2034 2022 Jul  4 0000:00
  1646  2022.50650     2706        0       88      156       10      254     2452        1       34        0     2417        7        0        0       38        0       91      243     2038 2022 Jul  5 0000:00
  1647  2022.50924     2706        0       88      156       10      254     2452        1       34        0     2417        7        0        0       32        0       92      242     2044 2022 Jul  6 0000:00
  1648  2022.51198     2759        0       88      156       10      254     2505        2       34        0     2469        7        0        0       33        0      127      259     2043 2022 Jul  7 0000:00
  1649  2022.51472     2759        0       88      156       10      254     2505        2       34        0     2469        8        0        0       32        0      132      253     2044 2022 Jul  8 0000:00
  1650  2022.51745     2759        0       88      156       10      254     2505        2       34        0     2469        8        0        0       32        0      178      207     2044 2022 Jul  9 0000:00
  1651  2022.52019     2759        0       88      156       10      254     2505        2       34        0     2469        8        0        0       32        0      130      255     2044 2022 Jul 10 0000:00
  1652  2022.52293     2805        0       88      156       10      254     2551        2       34        0     2515        8        0        0       32        0      177      254     2044 2022 Jul 11 0000:00
  1653  2022.52567     2805        0       88      157       10      255     2550        2       35        0     2513        7        1        0       32        0      171      258     2044 2022 Jul 12 0000:00
  1654  2022.52841     2805        0       88      157       10      255     2550        2       35        0     2513        7        1        0       39        0      134      288     2044 2022 Jul 13 0000:00
  1655  2022.53114     2805        0       88      157       10      255     2550        2       35        0     2513        9        0        0       41        0      103      309     2051 2022 Jul 14 0000:00
  1656  2022.53388     2805        0       88      157       10      255     2550        2       35        0     2513       10        0        0       39        0      102      302     2060 2022 Jul 15 0000:00
  1657  2022.53662     2805        0       88      157       10      255     2550        2       35        0     2513       10        0        0       44        0      102      290     2067 2022 Jul 16 0000:00
  1658  2022.53936     2858        0       88      157       10      255     2603        2       35        0     2566        9        0        0       46        0      136      298     2077 2022 Jul 17 0000:00
  1659  2022.54209     2858        0       88      158       10      256     2602        2       35        0     2565        8        0        0       47        0      136      285     2089 2022 Jul 18 0000:00
  1660  2022.54483     2858        0       88      158       10      256     2602        2       36        0     2564       12        7        0       48        0      125      272     2100 2022 Jul 19 0000:00
  1661  2022.54757     2858        0       88      158       10      256     2602        2       36        0     2564        8        1        0       45        0      116      281     2113 2022 Jul 20 0000:00
  1662  2022.55031     2858        0       88      158       10      256     2602        2       36        0     2564        8        3        0       54        0       81      295     2123 2022 Jul 21 0000:00
  1663  2022.55305     2904        0       88      159       10      257     2647        2       36        0     2609        8        1        0       46        0      126      288     2140 2022 Jul 22 0000:00
  1664  2022.55578     2904        0       88      159       10      257     2647        2       36        0     2609        9        1        0       42        0      157      252     2148 2022 Jul 23 0000:00
  1665  2022.55852     2957        0       88      159       10      257     2700        4       36        0     2660        9        1        0       40        0      232      227     2151 2022 Jul 24 0000:00
  1666  2022.56126     2957        0       88      159       10      257     2700        4       36        0     2660       12       12        0       40        0      203      243     2150 2022 Jul 25 0000:00
  1667  2022.56400     2957        0       88      160       10      258     2699        4       36        0     2659       12       23        0       39        0      182      251     2152 2022 Jul 26 0000:00
  1668  2022.56674     2957        0       88      160       10      258     2699        4       36        0     2659        8        0        0       40        0      107      351     2153 2022 Jul 27 0000:00
  1669  2022.56947     2957        0       88      160       10      258     2699        4       36        0     2659        7        0        0       45        0      107      343     2157 2022 Jul 28 0000:00
  1670  2022.57221     2957        0       88      160       10      258     2699        4       36        0     2659        7        0        0       43        0      106      337     2166 2022 Jul 29 0000:00
  1671  2022.57495     2957        0       88      160       11      259     2698        4       35        0     2659        7        0        0       43        0      106      329     2174 2022 Jul 30 0000:00
  1672  2022.57769     2957        0       88      160       11      259     2698        4       35        0     2659        6        0        0       46        0      108      319     2180 2022 Jul 31 0000:00
  1673  2022.58042     2957        0       89      160       11      260     2697        3       35        0     2659        7        0        0       45        0      107      307     2193 2022 Aug  1 0000:00
  1674  2022.58316     2957        0       89      160       11      260     2697        3       35        0     2659        7        0        0       50        0      159      242     2201 2022 Aug  2 0000:00
  1675  2022.58590     2957        0       89      160       11      260     2697        3       35        0     2659        7        0        0       50        0      156      238     2208 2022 Aug  3 0000:00
  1676  2022.58864     2957        0       89      160       11      260     2697        3       35        0     2659        7        0        0       42        0      156      237     2217 2022 Aug  4 0000:00
  1677  2022.59138     2957        0       89      160       11      260     2697        3       35        0     2659        7        0        0       48        0      202      185     2217 2022 Aug  5 0000:00
  1678  2022.59411     2957        0       89      160       11      260     2697        3       35        0     2659        7        0        0       49        0      203      176     2224 2022 Aug  6 0000:00
  1679  2022.59685     2957        0       89      160       11      260     2697        3       35        0     2659        8        0        0       49        0      176      199     2227 2022 Aug  7 0000:00
  1680  2022.59959     2957        0       89      160       11      260     2697        3       36        0     2658        9        0        0       49        0      150      223     2227 2022 Aug  8 0000:00
  1681  2022.60233     2957        0       89      161       11      261     2696        3       36        0     2657        9        0        0       44        0      178      194     2232 2022 Aug  9 0000:00
  1682  2022.60507     3009        0       89      161       11      261     2748        4       37        0     2707        9        0        0       50        0      219      197     2232 2022 Aug 10 0000:00
  1683  2022.60780     3009        0       90      161       11      262     2747        3       37        0     2707        9        0        0       49        0      219      188     2242 2022 Aug 11 0000:00
  1684  2022.61054     3055        0       90      161       11      262     2793        3       37        0     2753       11       13        0       45        0      246      186     2252 2022 Aug 12 0000:00
  1685  2022.61328     3055        0       90      161       11      262     2793        3       37        0     2753        9        0        0       43        0      211      236     2254 2022 Aug 13 0000:00
  1686  2022.61602     3055        0       90      162       11      263     2792        3       37        0     2752        8        0        0       46        0      190      253     2255 2022 Aug 14 0000:00
  1687  2022.61875     3055        0       90      162       11      263     2792        3       37        0     2752        9        1        0       48        0      188      244     2262 2022 Aug 15 0000:00
  1688  2022.62149     3055        0       90      163       11      264     2791        3       37        0     2751       12        3        0       46        0      179      241     2270 2022 Aug 16 0000:00
  1689  2022.62423     3055        0       90      163       11      264     2791        3       37        0     2751       13        0        0       43        0      153      269     2273 2022 Aug 17 0000:00
  1690  2022.62697     3055        0       91      163       11      265     2790        2       37        0     2751       13        0        0       43        0      183      239     2273 2022 Aug 18 0000:00
  1691  2022.62971     3108        0       91      163       11      265     2843        2       37        0     2804       12        0        0       43        0      212      264     2273 2022 Aug 19 0000:00
  1692  2022.63244     3108        0       91      163       11      265     2843        2       38        0     2803       10        0        0       42        0      193      285     2273 2022 Aug 20 0000:00
  1693  2022.63518     3108        0       91      163       11      265     2843        2       38        0     2803       11        0        0       46        0      193      276     2277 2022 Aug 21 0000:00
  1694  2022.63792     3108        0       91      164       11      266     2842        2       38        0     2802       11        0        0       43        0      186      276     2286 2022 Aug 22 0000:00
  1695  2022.64066     3108        0       91      165       12      268     2840        2       37        0     2801       11        1        0       45        0      178      275     2291 2022 Aug 23 0000:00
  1696  2022.64339     3108        0       91      165       12      268     2840        2       37        0     2801       10        2        0       43        0      133      315     2298 2022 Aug 24 0000:00
  1697  2022.64613     3108        0       91      165       12      268     2840        2       37        0     2801       10        2        0       64        0      133      291     2301 2022 Aug 25 0000:00
  1698  2022.64887     3108        0       91      165       12      268     2840        2       37        0     2801       11        1        0       76        0      200      206     2307 2022 Aug 26 0000:00
  1699  2022.65161     3108        0       91      165       12      268     2840        2       38        0     2800        9        2        0       73        0      230      178     2308 2022 Aug 27 0000:00
  1700  2022.65435     3162        0       91      165       12      268     2894        5       38        0     2851        9        1        0       50        0      247      211     2333 2022 Aug 28 0000:00
  1701  2022.65708     3162        0       91      165       12      268     2894        5       38        0     2851        9        1        0       43        0      210      245     2343 2022 Aug 29 0000:00
  1702  2022.65982     3162        0       91      165       12      268     2894        5       38        0     2851        9        0        0       27        0      188      268     2359 2022 Aug 30 0000:00
  1703  2022.66256     3208        0       91      165       12      268     2940        5       38        0     2897       10        1        0       23        0      229      269     2365 2022 Aug 31 0000:00
  1704  2022.66530     3208        0       91      166       12      269     2939        5       38        0     2896        9        2        0       24        0      161      335     2365 2022 Sep  1 0000:00
  1705  2022.66804     3208        0       91      166       12      269     2939        5       38        0     2896        9        5        0       22        0      157      335     2368 2022 Sep  2 0000:00
  1706  2022.67077     3208        0       91      166       12      269     2939        5       38        0     2896       10        1        0       22        0      146      350     2367 2022 Sep  3 0000:00
  1707  2022.67351     3208        0       91      166       12      269     2939        5       38        0     2896       10        1        0       23        0      116      377     2369 2022 Sep  4 0000:00
  1708  2022.67625     3259        0       91      166       12      269     2990       10       38        0     2942        9        0        0       36        0      187      337     2373 2022 Sep  5 0000:00
  1709  2022.67899     3259        0       91      166       12      269     2990       10       39        0     2941        9        0        0       65        0      184      308     2375 2022 Sep  6 0000:00
  1710  2022.68172     3259        0       91      166       12      269     2990       10       39        0     2941        8        0        0       67        0      186      292     2388 2022 Sep  7 0000:00
  1711  2022.68446     3259        0       91      166       12      269     2990       10       39        0     2941       10       25        0       50        0      160      277     2419 2022 Sep  8 0000:00
  1712  2022.68720     3259        0       91      166       12      269     2990       10       39        0     2941       12       26        0       29        0      157      276     2441 2022 Sep  9 0000:00
  1713  2022.68994     3259        0       91      166       12      269     2990       10       39        0     2941       10        2        0       25        0      143      310     2451 2022 Sep 10 0000:00
  1714  2022.69268     3293        0       91      166       12      269     3024       13       39        0     2972       10        2        0       22        0      171      313     2454 2022 Sep 11 0000:00
  1715  2022.69541     3293        0       91      166       13      270     3023       13       38        0     2972       11        1        0       22        0      187      296     2455 2022 Sep 12 0000:00
  1716  2022.69815     3293        0       91      166       13      270     3023       13       38        0     2972       10        0        0       21        0      190      295     2456 2022 Sep 13 0000:00
  1717  2022.70089     3293        0       91      166       13      270     3023       13       38        0     2972       13       20        0       25        0      240      218     2456 2022 Sep 14 0000:00
  1718  2022.70363     3293        0       92      166       13      271     3022       12       38        0     2972       11        0        0       28        0      215      256     2462 2022 Sep 15 0000:00
  1719  2022.70637     3293        0       93      166       13      272     3021       11       38        0     2972       10        1        0       28        0      158      305     2470 2022 Sep 16 0000:00
  1720  2022.70910     3293        0       93      167       13      273     3020       11       38        0     2971        9        1        0       23        0      157      305     2476 2022 Sep 17 0000:00
  1721  2022.71184     3293        0       93      167       13      273     3020       11       38        0     2971        9        2        0       21        0      156      305     2478 2022 Sep 18 0000:00
  1722  2022.71458     3347        0       93      167       13      273     3074       12       38        0     3024        9        2        0       21        0      208      306     2478 2022 Sep 19 0000:00
  1723  2022.71732     3347        0       93      167       13      273     3074       12       38        0     3024        9        2        0       23        0      253      258     2479 2022 Sep 20 0000:00
  1724  2022.72005     3347        0       93      167       13      273     3074       12       38        0     3024       11       43        0       22        0      208      259     2481 2022 Sep 21 0000:00
  1725  2022.72279     3347        0       93      167       13      273     3074       12       38        0     3024        9        2        0       22        0      212      298     2481 2022 Sep 22 0000:00
  1726  2022.72553     3347        0       93      167       13      273     3074       12       38        0     3024       10        3        0       29        0      226      275     2481 2022 Sep 23 0000:00
  1727  2022.72827     3399        0       93      167       13      273     3126       13       38        0     3075       10        3        0       41        0      254      273     2494 2022 Sep 24 0000:00
  1728  2022.73101     3399        0       93      167       13      273     3126       13       38        0     3075       12        2        0       57        0      232      275     2497 2022 Sep 25 0000:00
  1729  2022.73374     3399        0       93      167       13      273     3126       13       38        0     3075       12        2        0       54        0      220      289     2498 2022 Sep 26 0000:00
  1730  2022.73648     3399        0       93      167       13      273     3126       13       38        0     3075       18       47        0       46        0      168      278     2518 2022 Sep 27 0000:00
  1731  2022.73922     3399        0       93      167       13      273     3126       13       38        0     3075       15       16        0       32        0      203      266     2543 2022 Sep 28 0000:00
  1732  2022.74196     3399        0       93      167       13      273     3126       13       38        0     3075       11        2        0       27        0      202      282     2551 2022 Sep 29 0000:00
  1733  2022.74470     3399        0       93      167       13      273     3126       13       38        0     3075       11        3        0       26        0      174      306     2555 2022 Sep 30 0000:00
  1734  2022.74743     3399        0       93      167       13      273     3126       13       38        0     3075       12        2        0       33        0      164      300     2564 2022 Oct  1 0000:00
  1735  2022.75017     3399        0       93      167       13      273     3126       13       38        0     3075       12        1        0       35        0      160      288     2579 2022 Oct  2 0000:00
  1736  2022.75291     3399        0       93      167       13      273     3126       13       38        0     3075       11        2        0       27        0      161      279     2595 2022 Oct  3 0000:00
  1737  2022.75565     3399        0       93      167       13      273     3126       13       38        0     3075       12        4        0       26        0      158      276     2599 2022 Oct  4 0000:00
  1738  2022.75838     3451        0       93      167       13      273     3178       13       38        0     3127       10        3        0       24        0      263      222     2605 2022 Oct  5 0000:00
  1739  2022.76112     3451        0       93      167       13      273     3178       13       38        0     3127       10        1        0       29        0      263      216     2608 2022 Oct  6 0000:00
  1740  2022.76386     3451        0       93      167       13      273     3178       13       38        0     3127       11        1        0       28        0      249      221     2617 2022 Oct  7 0000:00
  1741  2022.76660     3451        0       95      167       13      275     3176       11       38        0     3127       11        2        0       17        0      246      222     2629 2022 Oct  8 0000:00
  1742  2022.76934     3451        0       95      167       13      275     3176       11       38        0     3127       11        2        0       11        0      241      226     2636 2022 Oct  9 0000:00
  1743  2022.77207     3451        0       95      167       13      275     3176       11       39        0     3126       11        2        0        7        0      181      284     2641 2022 Oct 10 0000:00
  1744  2022.77481     3451        0       95      167       13      275     3176       11       39        0     3126       11        0        0        9        0      175      293     2638 2022 Oct 11 0000:00
  1745  2022.77755     3451        0       95      167       13      275     3176       11       39        0     3126       12        0        0       12        0      217      246     2639 2022 Oct 12 0000:00
  1746  2022.78029     3451        0       95      167       13      275     3176       11       39        0     3126       12        0        0       23        0      222      225     2644 2022 Oct 13 0000:00
  1747  2022.78303     3451        0       95      167       13      275     3176       11       41        0     3124       12        0        0       47        0      222      196     2647 2022 Oct 14 0000:00
  1748  2022.78576     3451        0       95      167       13      275     3176       11       41        0     3124       13        0        0       47        0      219      195     2650 2022 Oct 15 0000:00
  1749  2022.78850     3451        0       95      168       13      276     3175       11       41        0     3123       11        0        0       41        0      220      193     2658 2022 Oct 16 0000:00
  1750  2022.79124     3451        0       95      168       13      276     3175       11       41        0     3123       12        1        0       27        0      216      187     2680 2022 Oct 17 0000:00
  1751  2022.79398     3451        0       96      168       13      277     3174       10       41        0     3123       10        0        0       18        0      207      188     2700 2022 Oct 18 0000:00
  1752  2022.79671     3451        0       96      168       13      277     3174       10       41        0     3123        9        4        0       15        0      200      186     2709 2022 Oct 19 0000:00
  1753  2022.79945     3505        0       96      168       13      277     3228       10       41        0     3177        9        2        0       10        0      276      166     2714 2022 Oct 20 0000:00
  1754  2022.80219     3505        0       96      168       13      277     3228       10       41        0     3177       10        2        0       11        0      269      172     2713 2022 Oct 21 0000:00
  1755  2022.80493     3505        0       96      168       13      277     3228       10       41        0     3177       10        2        0       18        0      271      162     2714 2022 Oct 22 0000:00
  1756  2022.80767     3505        0       96      168       13      277     3228       10       41        0     3177       14       48        0       18        0      222      146     2729 2022 Oct 23 0000:00
  1757  2022.81040     3505        0       96      169       14      279     3226       10       40        0     3176        7        2        0       13        0      220      192     2742 2022 Oct 24 0000:00
  1758  2022.81314     3505        0       98      169       15      282     3223        8       39        0     3176        8        2        0       11        0      199      209     2747 2022 Oct 25 0000:00
  1759  2022.81588     3505        0       99      169       15      283     3222        7       39        0     3176        7        2        0       16        0      200      201     2750 2022 Oct 26 0000:00
  1760  2022.81862     3505        0       99      169       15      283     3222        7       39        0     3176        7        1        0       23        0      201      183     2761 2022 Oct 27 0000:00
  1761  2022.82136     3558        0       99      169       15      283     3275        7       39        0     3229        7        1        0       12        0      257      176     2776 2022 Oct 28 0000:00
  1762  2022.82409     3558        0       99      169       15      283     3275        7       39        0     3229        8        3        0       10        0      228      201     2779 2022 Oct 29 0000:00
  1763  2022.82683     3558        0      100      169       15      284     3274        6       39        0     3229       13       50        0        9        0      177      198     2782 2022 Oct 30 0000:00
  1764  2022.82957     3558        0      100      169       15      284     3274        6       40        0     3228       13       50        0        9        0      169      205     2782 2022 Oct 31 0000:00
  1765  2022.83231     3558        0      100      169       15      284     3274        6       40        0     3228        8        2        0       10        0      201      224     2783 2022 Nov  1 0000:00
  1766  2022.83504     3558        0      100      169       15      284     3274        6       40        0     3228       10        4        0        7        0      197      224     2786 2022 Nov  2 0000:00
  1767  2022.83778     3558        0      100      169       15      284     3274        6       40        0     3228       10        2        0       12        0      199      223     2782 2022 Nov  3 0000:00
  1768  2022.84052     3558        0      100      169       15      284     3274        6       40        0     3228        8        0        0       16        0      172      245     2787 2022 Nov  4 0000:00
  1769  2022.84326     3558        0      100      169       15      284     3274        6       40        0     3228       10        0        0       16        0      152      254     2796 2022 Nov  5 0000:00
  1770  2022.84600     3558        0      100      169       15      284     3274        6       40        0     3228        9        0        0       15        0      173      226     2805 2022 Nov  6 0000:00
  1771  2022.84873     3558        0      100      169       15      284     3274        6       41        0     3227        9        1        0       10        0      197      197     2813 2022 Nov  7 0000:00
  1772  2022.85147     3558        0      100      169       15      284     3274        6       41        0     3227        9        0        0       11        0      182      206     2819 2022 Nov  8 0000:00
  1773  2022.85421     3558        0      100      169       15      284     3274        6       41        0     3227        9        2        0        9        0      155      231     2821 2022 Nov  9 0000:00
  1774  2022.85695     3558        0      100      169       15      284     3274        6       42        0     3226       10        2        0        9        0      153      230     2822 2022 Nov 10 0000:00
  1775  2022.85969     3558        0      100      169       15      284     3274        6       42        0     3226       10        1        0        9        0      156      227     2823 2022 Nov 11 0000:00
  1776  2022.86242     3558        0      100      169       15      284     3274        6       42        0     3226        8        4        0        8        0      155      227     2824 2022 Nov 12 0000:00
  1777  2022.86516     3558        0      100      169       15      284     3274        6       42        0     3226        8        1        0       15        0      158      219     2825 2022 Nov 13 0000:00
  1778  2022.86790     3558        0      100      169       15      284     3274        6       42        0     3226        7        1        0       18        0      163      203     2834 2022 Nov 14 0000:00
  1779  2022.87064     3558        0      102      169       15      286     3272        4       42        0     3226        7        5        0       20        0      206      142     2846 2022 Nov 15 0000:00
  1780  2022.87337     3558        0      103      169       15      287     3271        3       42        0     3226        6        0        0       19        0      201      139     2861 2022 Nov 16 0000:00
  1781  2022.87611     3558        0      104      169       15      288     3270        2       42        0     3226        5        0        0       10        0      198      142     2871 2022 Nov 17 0000:00
  1782  2022.87885     3558        0      104      169       15      288     3270        2       42        0     3226        5        0        0       10        0      199      141     2871 2022 Nov 18 0000:00
  1783  2022.88159     3558        0      104      169       15      288     3270        2       42        0     3226        3        0        0       10        0      184      158     2871 2022 Nov 19 0000:00
  1784  2022.88433     3558        0      104      169       15      288     3270        2       42        0     3226        3        0        0       11        0      183      159     2870 2022 Nov 20 0000:00
  1785  2022.88706     3558        0      104      169       15      288     3270        2       42        0     3226        3        0        0       14        0      190      146     2873 2022 Nov 21 0000:00
  1786  2022.88980     3558        0      104      169       15      288     3270        2       42        0     3226        3        0        0       17        0      184      140     2882 2022 Nov 22 0000:00
  1787  2022.89254     3558        0      104      169       15      288     3270        2       42        0     3226        3        0        0       16        0      195      119     2893 2022 Nov 23 0000:00
  1788  2022.89528     3558        0      104      169       15      288     3270        2       42        0     3226        3        0        0       14        0      187      120     2902 2022 Nov 24 0000:00
  1789  2022.89802     3558        0      104      169       15      288     3270        2       42        0     3226        3        0        0       12        0      180      121     2910 2022 Nov 25 0000:00
  1790  2022.90075     3558        0      104      169       15      288     3270        2       42        0     3226        4        0        0       17        0      164      132     2909 2022 Nov 26 0000:00
  1791  2022.90349     3558        0      105      169       15      289     3269        1       42        0     3226        4        0        0       17        0      159      126     2920 2022 Nov 27 0000:00
  1792  2022.90623     3558        0      105      170       15      290     3268        1       42        0     3225        3        0        0       12        0      154      129     2927 2022 Nov 28 0000:00
  1793  2022.90897     3558        0      105      171       15      291     3267        1       43        0     3223        2        0        0       11        0      142      141     2927 2022 Nov 29 0000:00
  1794  2022.91170     3558        0      105      171       15      291     3267        1       43        0     3223        1        0        0       11        0      141      143     2927 2022 Nov 30 0000:00
  1795  2022.91444     3558        0      105      171       15      291     3267        1       43        0     3223        0        0        0       16        0      122      155     2930 2022 Dec  1 0000:00
  1796  2022.91718     3558        0      105      171       15      291     3267        1       43        0     3223        0        0        0       16        0      122      148     2937 2022 Dec  2 0000:00
  1797  2022.91992     3558        0      105      171       15      291     3267        1       43        0     3223        1        0        0       11        0      121      145     2945 2022 Dec  3 0000:00
  1798  2022.92266     3558        0      105      171       15      291     3267        1       43        0     3223        1        0        0       12        0      122      143     2945 2022 Dec  4 0000:00
  1799  2022.92539     3558        0      105      171       15      291     3267        1       43        0     3223        4        0        0       14        0      120      140     2945 2022 Dec  5 0000:00
  1800  2022.92813     3558        0      105      171       15      291     3267        1       43        0     3223        4        0        0       19        0       99      150     2951 2022 Dec  6 0000:00
  1801  2022.93087     3558        0      105      171       15      291     3267        1       43        0     3223        4        0        0       17        0       97      143     2962 2022 Dec  7 0000:00
  1802  2022.93361     3558        0      105      171       15      291     3267        1       43        0     3223        4        0        0       17        0       96      141     2965 2022 Dec  8 0000:00
  1803  2022.93634     3558        0      105      171       15      291     3267        1       43        0     3223        5        0        0       19        0       96      134     2969 2022 Dec  9 0000:00
  1804  2022.93908     3558        0      105      171       16      292     3266        1       42        0     3223        4        1        0       28        0       90      126     2974 2022 Dec 10 0000:00
  1805  2022.94182     3558        0      105      171       16      292     3266        1       42        0     3223        5        1        0       19        0       87      124     2987 2022 Dec 11 0000:00
  1806  2022.94456     3558        0      105      171       16      292     3266        1       42        0     3223        4        2        0       17        0       80      130     2990 2022 Dec 12 0000:00
  1807  2022.94730     3558        0      105      171       16      292     3266        1       42        0     3223        5        3        0       21        0       78      127     2989 2022 Dec 13 0000:00
  1808  2022.95003     3558        0      105      171       16      292     3266        1       42        0     3223        5        1        0       19        0       84      121     2993 2022 Dec 14 0000:00
  1809  2022.95277     3558        0      105      171       16      292     3266        1       42        0     3223        6        2        0       24        0       80      115     2996 2022 Dec 15 0000:00
  1810  2022.95551     3558        0      105      171       16      292     3266        1       42        0     3223        5        1        0       23        0       81      107     3006 2022 Dec 16 0000:00
  1811  2022.95825     3612        0      105      171       16      292     3320        1       42        0     3277        6        1        0       19        0      130      107     3014 2022 Dec 17 0000:00
  1812  2022.96099     3612        0      105      171       16      292     3320        1       42        0     3277        8        3        0       18        0      126      106     3016 2022 Dec 18 0000:00
  1813  2022.96372     3612        0      105      171       16      292     3320        1       42        0     3277        5        1        0       18        0      129      108     3016 2022 Dec 19 0000:00
  1814  2022.96646     3612        0      105      171       16      292     3320        1       42        0     3277        9       51        0       16        0       73      111     3017 2022 Dec 20 0000:00
  1815  2022.96920     3612        0      105      171       16      292     3320        1       42        0     3277        7       32        0       16        0       91      114     3017 2022 Dec 21 0000:00
  1816  2022.97194     3612        0      105      171       16      292     3320        1       42        0     3277        5        2        0       18        0       71      164     3017 2022 Dec 22 0000:00
  1817  2022.97467     3612        0      105      171       16      292     3320        1       43        0     3276        5        0        0       21        0       74      156     3020 2022 Dec 23 0000:00
  1818  2022.97741     3612        0      105      171       16      292     3320        1       43        0     3276        6        0        0       21        0       73      147     3029 2022 Dec 24 0000:00
  1819  2022.98015     3612        0      105      171       16      292     3320        1       43        0     3276        6        0        0       19        0       73      145     3033 2022 Dec 25 0000:00
  1820  2022.98289     3612        0      105      171       16      292     3320        1       43        0     3276        7        0        0       20        0       73      140     3036 2022 Dec 26 0000:00
  1821  2022.98563     3612        0      105      172       16      293     3319        1       43        0     3275        5        1        0       24        0       61      138     3046 2022 Dec 27 0000:00
  1822  2022.98836     3666        0      105      172       16      293     3373        1       44        0     3328        5        2        0       21        0      108      136     3056 2022 Dec 28 0000:00
  1823  2022.99110     3666        0      105      172       16      293     3373        1       45        0     3327        5        2        0       18        0      105      139     3058 2022 Dec 29 0000:00
  1824  2022.99384     3666        0      105      172       16      293     3373        1       45        0     3327       14       47        0       19        0       52      137     3058 2022 Dec 30 0000:00
  1825  2022.99658     3666        0      105      172       16      293     3373        1       46        0     3326       15       48        0       18        0       47      140     3058 2022 Dec 31 0000:00
  1826  2022.99932     3666        0      105      172       16      293     3373        1       46        0     3326       11       35        0       18        0       65      139     3058 2023 Jan  1 0000:00
  1827  2023.00205     3666        0      105      172       16      293     3373        1       46        0     3326       12       35        0       23        0       61      135     3060 2023 Jan  2 0000:00
  1828  2023.00479     3666        0      105      172       16      293     3373        1       46        0     3326        7        2        0       29        0       48      167     3073 2023 Jan  3 0000:00
  1829  2023.00753     3666        0      105      172       16      293     3373        1       46        0     3326        8        3        0       20        0       73      131     3091 2023 Jan  4 0000:00
  1830  2023.01027     3666        0      105      172       16      293     3373        1       47        0     3325        8        2        0       22        0       75      126     3092 2023 Jan  5 0000:00
  1831  2023.01300     3666        0      105      172       16      293     3373        1       47        0     3325        8        2        0       18        0       74      124     3099 2023 Jan  6 0000:00
  1832  2023.01574     3666        0      105      172       16      293     3373        1       47        0     3325       11        4        0       20        0       66      121     3103 2023 Jan  7 0000:00
  1833  2023.01848     3666        0      105      172       16      293     3373        1       47        0     3325        9        4        0       19        0       69      117     3107 2023 Jan  8 0000:00
  1834  2023.02122     3666        0      105      172       16      293     3373        1       47        0     3325        9        2        0       17        0       70      117     3110 2023 Jan  9 0000:00
  1835  2023.02396     3666        0      105      172       16      293     3373        1       48        0     3324        9        3        0       18        0       76      110     3108 2023 Jan 10 0000:00
  1836  2023.02669     3666        0      105      172       16      293     3373        1       48        0     3324        9        2        0       18        0       70      117     3108 2023 Jan 11 0000:00
  1837  2023.02943     3666        0      105      172       16      293     3373        1       48        0     3324        9        2        0       18        0       66      121     3108 2023 Jan 12 0000:00
  1838  2023.03217     3666        0      105      172       16      293     3373        1       48        0     3324        9        2        0       18        0       64      123     3108 2023 Jan 13 0000:00
  1839  2023.03491     3666        0      105      172       16      293     3373        1       49        0     3323        9        2        0       18        0       63      121     3110 2023 Jan 14 0000:00
  1840  2023.03765     3666        0      105      172       16      293     3373        1       50        0     3322       11        2        0       20        0       62      118     3109 2023 Jan 15 0000:00
  1841  2023.04038     3666        0      105      172       16      293     3373        1       50        0     3322       11        3        0       16        0       61      116     3115 2023 Jan 16 0000:00
  1842  2023.04312     3666        0      105      172       16      293     3373        1       50        0     3322       12        3        0       17        0       70      107     3113 2023 Jan 17 0000:00
  1843  2023.04586     3666        0      105      172       16      293     3373        1       50        0     3322       12        3        0       17        0       63      114     3113 2023 Jan 18 0000:00
  1844  2023.04860     3717        0      105      172       16      293     3424        2       50        0     3372       13        3        0       18        0      135       91     3112 2023 Jan 19 0000:00
  1845  2023.05133     3717        0      105      172       16      293     3424        2       50        0     3372       13        4        0       17        0      136       89     3113 2023 Jan 20 0000:00
  1846  2023.05407     3717        0      105      172       16      293     3424        2       50        0     3372       11       11        0       15        0      131       91     3113 2023 Jan 21 0000:00
  1847  2023.05681     3717        0      105      172       16      293     3424        2       51        0     3371       11        3        0       16        0       89      140     3112 2023 Jan 22 0000:00
  1848  2023.05955     3717        0      105      172       16      293     3424        2       51        0     3371       11        3        0       16        0       89      139     3113 2023 Jan 23 0000:00
  1849  2023.06229     3717        0      105      172       16      293     3424        2       51        0     3371       11        3        0       23        0       85      139     3110 2023 Jan 24 0000:00
  1850  2023.06502     3717        0      105      172       16      293     3424        2       51        0     3371       11        3        0       24        0       85      128     3120 2023 Jan 25 0000:00
  1851  2023.06776     3773        0      105      172       16      293     3480        3       51        0     3426       11        3        0       20        0      140      121     3131 2023 Jan 26 0000:00
  1852  2023.07050     3773        0      105      172       16      293     3480        3       51        0     3426       12        4        0       19        0      140      119     3132 2023 Jan 27 0000:00
  1853  2023.07324     3773        0      105      172       16      293     3480        3       51        0     3426       10        5        0       20        0      140      118     3133 2023 Jan 28 0000:00
  1854  2023.07598     3773        0      105      172       16      293     3480        3       51        0     3426        9        5        0       18        0       85      173     3136 2023 Jan 29 0000:00
  1855  2023.07871     3773        0      105      172       16      293     3480        3       51        0     3426        9        4        0       17        0       87      171     3138 2023 Jan 30 0000:00
  1856  2023.08145     3822        0      105      172       16      293     3529        4       51        0     3474        9        2        0       29        0      138      169     3127 2023 Jan 31 0000:00
  1857  2023.08419     3822        0      106      172       16      294     3528        3       51        0     3474        9        2        0       36        0      137      162     3128 2023 Feb  1 0000:00
  1858  2023.08693     3875        0      106      172       16      294     3581        5       51        0     3525        9        1        0       34        0      191      142     3148 2023 Feb  2 0000:00
  1859  2023.08966     3875        0      106      172       16      294     3581        5       51        0     3525        8        3        0       45        0      170      153     3146 2023 Feb  3 0000:00
  1860  2023.09240     3875        0      106      172       16      294     3581        5       51        0     3525        8        1        0       54        0      168      152     3142 2023 Feb  4 0000:00
  1861  2023.09514     3875        0      106      173       16      295     3580        5       51        0     3524        8       41        0       55        0      118      162     3140 2023 Feb  5 0000:00
  1862  2023.09788     3875        0      106      174       16      296     3579        5       51        0     3523        7        2        0       58        0       62      257     3137 2023 Feb  6 0000:00
  1863  2023.10062     3875        0      106      174       16      296     3579        5       51        0     3523        7        0        0       63        0       45      275     3133 2023 Feb  7 0000:00
  1864  2023.10335     3875        0      106      174       16      296     3579        5       52        0     3522        7        1        0       56        0       45      274     3139 2023 Feb  8 0000:00
  1865  2023.10609     3875        0      106      174       16      296     3579        5       52        0     3522        7        2        0       55        0       44      273     3141 2023 Feb  9 0000:00
  1866  2023.10883     3875        0      106      175       16      297     3578        5       52        0     3521        8        2        0       57        0       42      272     3140 2023 Feb 10 0000:00
  1867  2023.11157     3875        0      106      175       16      297     3578        5       52        0     3521       10        2        0       57        0       41      270     3141 2023 Feb 11 0000:00
  1868  2023.11431     3930        0      106      175       16      297     3633        6       52        0     3575        9        3        0       61        0       95      270     3137 2023 Feb 12 0000:00
  1869  2023.11704     3930        0      106      175       16      297     3633        6       52        0     3575       10        7        0       58        0      165      196     3139 2023 Feb 13 0000:00
  1870  2023.11978     3930        0      107      175       16      298     3632        5       52        0     3575       12       57        0       69        0      183      125     3129 2023 Feb 14 0000:00
  1871  2023.12252     3930        0      107      175       16      298     3632        5       53        0     3574       11       11        0       67        0      203      148     3134 2023 Feb 15 0000:00
  1872  2023.12526     3930        0      107      175       16      298     3632        5       53        0     3574       12        8        0       57        0      170      182     3145 2023 Feb 16 0000:00
  1873  2023.12799     3981        0      107      175       16      298     3683        6       53        0     3624       12        7        0       61        0      221      183     3140 2023 Feb 17 0000:00
  1874  2023.13073     3981        0      107      175       16      298     3683        6       53        0     3624       11        5        0       60        0      225      180     3143 2023 Feb 18 0000:00
  1875  2023.13347     3981        0      107      175       16      298     3683        6       53        0     3624       11        9        0       57        0      261      138     3148 2023 Feb 19 0000:00
  1876  2023.13621     3981        0      107      175       16      298     3683        6       53        0     3624       11        5        0       49        0      269      132     3158 2023 Feb 20 0000:00
  1877  2023.13895     3981        0      107      175       16      298     3683        6       53        0     3624       11        6        0       50        0      220      180     3157 2023 Feb 21 0000:00
  1878  2023.14168     3981        0      107      175       17      299     3682        6       52        0     3624       11        6        0       43        0      216      179     3169 2023 Feb 22 0000:00
  1879  2023.14442     3981        0      107      175       17      299     3682        6       52        0     3624       10       17        0       39        0      194      191     3173 2023 Feb 23 0000:00
  1880  2023.14716     3981        0      107      175       17      299     3682        6       52        0     3624        8        6        0       56        0      205      179     3170 2023 Feb 24 0000:00
  1881  2023.14990     3981        0      107      175       17      299     3682        6       52        0     3624        8       12        0       68        0      237      131     3168 2023 Feb 25 0000:00
  1882  2023.15264     3981        0      107      175       17      299     3682        6       52        0     3624        7       11        0       75        0      236      134     3161 2023 Feb 26 0000:00
  1883  2023.15537     4002        0      107      175       17      299     3703       12       52        0     3639        7        5        0       85        0      248      143     3151 2023 Feb 27 0000:00
  1884  2023.15811     4002        0      107      175       17      299     3703       12       52        0     3639        9        8        0       80        0      240      150     3152 2023 Feb 28 0000:00
  1885  2023.16085     4002        0      107      175       18      300     3702       12       51        0     3639       11        7        0       70        0      216      168     3167 2023 Mar  1 0000:00
  1886  2023.16359     4002        0      107      175       18      300     3702       12       51        0     3639       20        7        0       64        0      206      169     3173 2023 Mar  2 0000:00
  1887  2023.16632     4053        0      107      175       18      300     3753       12       51        0     3690       21        7        0       77        0      254      173     3158 2023 Mar  3 0000:00
  1888  2023.16906     4053        0      107      175       18      300     3753       12       51        0     3690       11        9        0       72        0      243      194     3161 2023 Mar  4 0000:00
  1889  2023.17180     4053        0      107      175       18      300     3753       12       51        0     3690       12        6        0       82        0      240      196     3154 2023 Mar  5 0000:00
  1890  2023.17454     4053        0      107      175       18      300     3753       12       51        0     3690       17       51        0       83        0      188      197     3154 2023 Mar  6 0000:00
  1891  2023.17728     4053        0      107      175       18      300     3753       12       51        0     3690       12        7        0       79        0      188      245     3159 2023 Mar  7 0000:00
  1892  2023.18001     4053        0      107      175       18      300     3753       12       51        0     3690       15        8        0       77        0      188      235     3167 2023 Mar  8 0000:00
  1893  2023.18275     4053        0      107      175       18      300     3753       12       51        0     3690       15       10        0       68        0      187      225     3185 2023 Mar  9 0000:00
  1894  2023.18549     4053        0      107      175       18      300     3753       12       51        0     3690       16       12        0       63        0      187      218     3194 2023 Mar 10 0000:00
  1895  2023.18823     4053        0      108      175       18      301     3752       11       51        0     3690       17       10        0       55        0      196      210     3202 2023 Mar 11 0000:00
  1896  2023.19097     4053        0      108      176       18      302     3751       11       51        0     3689       17       10        0       58        0      253      152     3199 2023 Mar 12 0000:00
  1897  2023.19370     4053        0      108      176       18      302     3751       11       51        0     3689       16        8        0       52        0      239      167     3207 2023 Mar 13 0000:00
  1898  2023.19644     4053        0      108      176       18      302     3751       11       51        0     3689       15        8        0       51        0      220      176     3219 2023 Mar 14 0000:00
  1899  2023.19918     4053        0      108      177       18      303     3750       11       51        0     3688       25        7        0       57        0      203      181     3215 2023 Mar 15 0000:00
  1900  2023.20192     4053        0      108      177       18      303     3750       11       51        0     3688       27        8        0       59        0      171      203     3220 2023 Mar 16 0000:00
  1901  2023.20465     4105        0      108      177       18      303     3802       11       51        0     3740       27        6        0       76        0      208      202     3221 2023 Mar 17 0000:00
  1902  2023.20739     4105        0      108      177       18      303     3802       11       51        0     3740       27        6        0       82        0      207      196     3222 2023 Mar 18 0000:00
  1903  2023.21013     4105        0      108      177       18      303     3802       11       51        0     3740       26        5        0       90        0      210      179     3230 2023 Mar 19 0000:00
  1904  2023.21287     4105        0      108      177       18      303     3802       11       51        0     3740       27        5        0      101        0      209      177     3221 2023 Mar 20 0000:00
  1905  2023.21561     4105        0      108      177       18      303     3802       11       51        0     3740       28       40        0       99        0      174      176     3223 2023 Mar 21 0000:00
  1906  2023.21834     4105        0      108      177       18      303     3802       11       51        0     3740       25        5        0       96        0      162      226     3226 2023 Mar 22 0000:00
  1907  2023.22108     4105        0      109      177       18      304     3801       10       51        0     3740       25        4        0       95        0      163      225     3228 2023 Mar 23 0000:00
  1908  2023.22382     4161        0      109      178       18      305     3856       10       51        0     3795       26        8        0      101        0      214      226     3220 2023 Mar 24 0000:00
  1909  2023.22656     4161        0      109      178       18      305     3856       10       51        0     3795       27        9        0       96        0      222      213     3228 2023 Mar 25 0000:00
  1910  2023.22930     4161        0      109      178       18      305     3856       10       52        0     3794       27        8        0      100        0      218      216     3225 2023 Mar 26 0000:00
  1911  2023.23203     4161        0      109      178       18      305     3856       10       52        0     3794       32       59        0       97        0      177      201     3228 2023 Mar 27 0000:00
  1912  2023.23477     4161        0      109      178       18      305     3856       10       52        0     3794       30       37        0      104        0      218      185     3220 2023 Mar 28 0000:00
  1913  2023.23751     4217        0      109      179       18      306     3911       10       52        0     3849       28        7        0       99        0      253      234     3228 2023 Mar 29 0000:00
  1914  2023.24025     4217        0      109      179       18      306     3911       10       52        0     3849       15        7        0       94        0      261      238     3234 2023 Mar 30 0000:00
  1915  2023.24298     4217        0      109      179       18      306     3911       10       52        0     3849       15        8        0       90        0      259      237     3240 2023 Mar 31 0000:00
  1916  2023.24572     4217        0      109      179       18      306     3911       10       52        0     3849       12        9        0       85        0      260      237     3246 2023 Apr  1 0000:00
  1917  2023.24846     4217        0      109      179       18      306     3911       10       53        0     3848       18        5        0       91        0      200      296     3238 2023 Apr  2 0000:00
  1918  2023.25120     4217        0      109      179       18      306     3911        9       53        0     3849       27        7        0       85        0      189      291     3250 2023 Apr  3 0000:00
  1919  2023.25394     4217        0      110      179       18      307     3910        8       53        0     3849       28        6        0       90        0      182      285     3258 2023 Apr  4 0000:00
  1920  2023.25667     4217        0      110      179       19      308     3909        8       52        0     3849       29        8        0      106        0      175      270     3261 2023 Apr  5 0000:00
  1921  2023.25941     4217        0      110      179       19      308     3909        8       52        0     3849       30        9        0      110        0      166      272     3262 2023 Apr  6 0000:00
  1922  2023.26215     4217        0      110      179       20      309     3908        8       51        0     3849       26        8        0      114        0      170      267     3264 2023 Apr  7 0000:00
  1923  2023.26489     4217        0      110      180       20      310     3907        9       51        0     3847       24        8        0      113        0      168      262     3272 2023 Apr  8 0000:00
  1924  2023.26762     4217        0      111      180       20      311     3906        7       51        0     3848       21        6        0      122        0      180      244     3275 2023 Apr  9 0000:00
  1925  2023.27036     4217        0      111      180       20      311     3906        7       51        0     3848       16        6        0      127        0      209      221     3269 2023 Apr 10 0000:00
  1926  2023.27310     4217        0      111      180       20      311     3906        8       52        0     3846       16        5        0      125        0      243      176     3281 2023 Apr 11 0000:00
  1927  2023.27584     4217        0      111      180       20      311     3906        8       52        0     3846       16        6        0      134        0      263      145     3282 2023 Apr 12 0000:00
  1928  2023.27858     4217        0      111      180       20      311     3906        8       52        0     3846       17        6        0      140        0      273      132     3278 2023 Apr 13 0000:00
  1929  2023.28131     4217        0      111      180       20      311     3906        8       52        0     3846       16        6        0      140        0      272      133     3279 2023 Apr 14 0000:00
  1930  2023.28405     4217        0      111      180       20      311     3906        8       52        0     3846       18        3        0      152        0      272      130     3271 2023 Apr 15 0000:00
  1931  2023.28679     4217        0      111      181       20      312     3905        7       52        0     3846       18        2        0      157        0      272      126     3271 2023 Apr 16 0000:00
  1932  2023.28953     4217        0      112      181       20      313     3904        7       52        0     3845       19        2        0      156        0      267      129     3272 2023 Apr 17 0000:00
  1933  2023.29227     4217        0      112      181       20      313     3904        7       52        0     3845       20        2        0      161        0      266      129     3267 2023 Apr 18 0000:00
  1934  2023.29500     4238        0      112      181       20      313     3925        8       52        0     3865       20        3        0      155        0      287      126     3274 2023 Apr 19 0000:00
  1935  2023.29774     4238        0      112      181       20      313     3925        8       53        0     3864       20        5        0      163        0      271      139     3266 2023 Apr 20 0000:00
  1936  2023.30048     4238        0      112      181       22      315     3923        8       51        0     3864       19        4        0      164        0      271      141     3265 2023 Apr 21 0000:00
  1937  2023.30322     4238        0      112      181       23      316     3922        8       50        0     3864       18        5        0      145        0      274      137     3285 2023 Apr 22 0000:00
  1938  2023.30595     4238        0      112      181       23      316     3922        8       50        0     3864       18        5        0      142        0      255      156     3288 2023 Apr 23 0000:00
  1939  2023.30869     4238        0      112      181       23      316     3922        8       50        0     3864       17        4        0      145        0      258      153     3287 2023 Apr 24 0000:00
  1940  2023.31143     4238        0      112      181       23      316     3922        8       50        0     3864       18        5        0      141        0      278      131     3291 2023 Apr 25 0000:00
  1941  2023.31417     4238        0      112      181       23      316     3922        8       51        0     3863       17        2        0      135        0      285      123     3301 2023 Apr 26 0000:00
  1942  2023.31691     4284        0      112      181       23      316     3968        8       51        0     3909       17        8        0      126        0      329      114     3315 2023 Apr 27 0000:00
  1943  2023.31964     4284        0      112      181       24      317     3967        8       50        0     3909       17        7        0      121        0      316      127     3321 2023 Apr 28 0000:00
  1944  2023.32238     4284        0      112      181       24      317     3967        8       50        0     3909       17        8        0      121        0      313      124     3326 2023 Apr 29 0000:00
  1945  2023.32512     4284        0      112      181       24      317     3967        8       50        0     3909       16        6        0      117        0      241      203     3326 2023 Apr 30 0000:00
  1946  2023.32786     4284        0      112      181       24      317     3967        8       50        0     3909       17        5        0      113        0      232      213     3329 2023 May  1 0000:00
  1947  2023.33060     4284        0      112      181       24      317     3967        8       50        0     3909       16        5        0      113        0      221      225     3329 2023 May  2 0000:00
  1948  2023.33333     4284        0      112      181       24      317     3967        8       50        0     3909       13        6        0      115        0      213      231     3331 2023 May  3 0000:00
  1949  2023.33607     4340        0      112      182       24      318     4022        8       50        0     3964       11        5        0      117        0      276      218     3337 2023 May  4 0000:00
  1950  2023.33881     4340        0      112      182       24      318     4022        8       50        0     3964       11        7        0      127        0      270      210     3339 2023 May  5 0000:00
  1951  2023.34155     4340        0      112      182       24      318     4022        8       50        0     3964       16       30        0      121        0      246      205     3346 2023 May  6 0000:00
  1952  2023.34428     4340        0      112      182       24      318     4022        8       51        0     3963       14        5        0      120        0      217      260     3347 2023 May  7 0000:00
  1953  2023.34702     4340        0      112      182       24      318     4022        8       51        0     3963       12        5        0      122        0      194      271     3359 2023 May  8 0000:00
  1954  2023.34976     4340        0      113      182       24      319     4021        7       51        0     3963       11        7        0      125        0      194      263     3363 2023 May  9 0000:00
  1955  2023.35250     4391        0      113      182       24      319     4072        7       51        0     4014       11        6        0      128        0      247      259     3363 2023 May 10 0000:00
  1956  2023.35524     4391        0      113      182       24      319     4072        7       51        0     4014       11        8        0      133        0      264      231     3367 2023 May 11 0000:00
  1957  2023.35797     4391        0      114      182       24      320     4071        6       51        0     4014       12       25        0      133        0      251      217     3376 2023 May 12 0000:00
  1958  2023.36071     4391        0      114      182       25      321     4070        6       51        0     4013       12       53        0      132        0      223      211     3382 2023 May 13 0000:00
  1959  2023.36345     4447        0      114      182       25      321     4126        7       51        0     4068       11        9        0      136        0      275      263     3374 2023 May 14 0000:00
  1960  2023.36619     4447        0      114      182       25      321     4126        7       51        0     4068       11        6        0      124        0      276      265     3386 2023 May 15 0000:00
  1961  2023.36893     4447        0      114      182       25      321     4126        7       51        0     4068       10       56        0      115        0      257      235     3395 2023 May 16 0000:00
  1962  2023.37166     4447        0      114      182       25      321     4126        7       52        0     4067       11       57        0      117        0      263      227     3392 2023 May 17 0000:00
  1963  2023.37440     4447        0      114      182       25      321     4126        7       52        0     4067        6        4        0      116        0      316      232     3393 2023 May 18 0000:00
  1964  2023.37714     4469        0      114      182       26      322     4147        8       51        0     4088        7        2        0      117        0      340      231     3391 2023 May 19 0000:00
  1965  2023.37988     4469        0      114      182       26      322     4147        8       51        0     4088        6        1        0      107        0      321      252     3401 2023 May 20 0000:00
  1966  2023.38261     4469        0      114      182       26      322     4147        8       51        0     4088        6       22        0      109        0      291      260     3400 2023 May 21 0000:00
  1967  2023.38535     4469        0      115      182       26      323     4146        7       51        0     4088        5       29        0      121        0      266      276     3391 2023 May 22 0000:00
  1968  2023.38809     4469        0      115      182       26      323     4146        7       51        0     4088        8        2        0      124        0      273      291     3390 2023 May 23 0000:00
  1969  2023.39083     4469        0      115      182       26      323     4146        7       51        0     4088       10        2        0      131        0      264      290     3391 2023 May 24 0000:00
  1970  2023.39357     4469        0      115      182       26      323     4146        7       51        0     4088       11        1        0      103        0      240      312     3421 2023 May 25 0000:00
  1971  2023.39630     4469        0      115      182       26      323     4146        7       51        0     4088       12        5        0      102        0      224      327     3418 2023 May 26 0000:00
  1972  2023.39904     4469        0      115      182       26      323     4146        7       51        0     4088       10        2        0      109        0      229      325     3413 2023 May 27 0000:00
  1973  2023.40178     4469        0      115      182       26      323     4146        7       51        0     4088        7        3        0      106        0      271      279     3422 2023 May 28 0000:00
  1974  2023.40452     4469        0      115      182       26      323     4146        7       51        0     4088        7        2        0      108        0      298      246     3427 2023 May 29 0000:00
  1975  2023.40726     4469        0      115      182       26      323     4146        7       52        0     4087        7        3        0      104        0      295      242     3436 2023 May 30 0000:00
  1976  2023.40999     4521        0      115      182       27      324     4197        7       51        0     4139        7        1        0      106        0      344      241     3440 2023 May 31 0000:00
  1977  2023.41273     4521        0      115      182       27      324     4197        7       51        0     4139        7        1        0      103        0      343      232     3453 2023 Jun  1 0000:00
  1978  2023.41547     4521        0      115      182       27      324     4197        7       51        0     4139       11       27        0      107        0      341      190     3463 2023 Jun  2 0000:00
  1979  2023.41821     4521        0      115      182       27      324     4197        7       51        0     4139       11       14        0      119        0      352      177     3466 2023 Jun  3 0000:00
  1980  2023.42094     4543        0      115      182       28      325     4218       10       50        0     4158        9        1        0      129        0      332      223     3464 2023 Jun  4 0000:00
  1981  2023.42368     4543        0      116      182       28      326     4217        9       50        0     4158        9        1        0      139        0      312      236     3461 2023 Jun  5 0000:00
  1982  2023.42642     4543        0      116      182       28      326     4217        9       50        0     4158       10       20        0      137        0      288      235     3468 2023 Jun  6 0000:00
  1983  2023.42916     4543        0      116      182       28      326     4217        9       50        0     4158       10        4        0      132        0      305      234     3473 2023 Jun  7 0000:00
  1984  2023.43190     4543        0      116      182       28      326     4217        9       50        0     4158        9        5        0      129        0      291      246     3478 2023 Jun  8 0000:00
  1985  2023.43463     4543        0      116      183       28      327     4216        9       50        0     4157        8        4        0      126        0      279      259     3481 2023 Jun  9 0000:00
  1986  2023.43737     4543        0      116      183       28      327     4216        9       50        0     4157        8        3        0      126        0      247      292     3481 2023 Jun 10 0000:00
  1987  2023.44011     4543        0      116      184       28      328     4215        9       50        0     4156        8        1        0      124        0      247      292     3484 2023 Jun 11 0000:00
  1988  2023.44285     4595        0      117      184       28      329     4266        8       50        0     4208        8        2        0      122        0      297      293     3486 2023 Jun 12 0000:00
  1989  2023.44559     4595        0      117      184       28      329     4266        8       50        0     4208        8        2        0      137        0      299      267     3495 2023 Jun 13 0000:00
  1990  2023.44832     4595        0      118      184       28      330     4265        7       50        0     4208        8        2        0      164        0      299      236     3499 2023 Jun 14 0000:00
  1991  2023.45106     4595        0      118      184       28      330     4265        7       50        0     4208        8       54        0      188        0      244      219     3495 2023 Jun 15 0000:00
  1992  2023.45380     4595        0      118      184       28      330     4265        7       51        0     4207        8        4        0      192        0      278      208     3517 2023 Jun 16 0000:00
  1993  2023.45654     4595        0      118      185       28      331     4264        7       51        0     4206        7        3        0      169        0      247      246     3534 2023 Jun 17 0000:00
  1994  2023.45927     4595        0      118      185       28      331     4264        7       51        0     4206        9        2        0      166        0      245      249     3535 2023 Jun 18 0000:00
  1995  2023.46201     4595        0      118      185       28      331     4264        7       51        0     4206        7        3        0      151        0      245      249     3551 2023 Jun 19 0000:00
  1996  2023.46475     4595        0      118      185       28      331     4264        7       51        0     4206        7        3        0      152        0      243      250     3551 2023 Jun 20 0000:00
  1997  2023.46749     4595        0      118      185       28      331     4264        7       51        0     4206        8        7        0      147        0      228      257     3559 2023 Jun 21 0000:00
  1998  2023.47023     4642        0      118      185       28      331     4311        7       51        0     4253        8        6        0      146        0      258      272     3563 2023 Jun 22 0000:00
  1999  2023.47296     4698        0      118      185       28      331     4367        7       51        0     4309        7        4        0      130        0      353      234     3581 2023 Jun 23 0000:00
  2000  2023.47570     4698        0      118      185       28      331     4367        7       51        0     4309       10       48        0      145        0      315      216     3575 2023 Jun 24 0000:00
  2001  2023.47844     4698        0      118      185       28      331     4367        7       51        0     4309       11       46        0      141        0      300      217     3594 2023 Jun 25 0000:00
  2002  2023.48118     4698        0      118      185       28      331     4367        7       52        0     4308       10        3        0      149        0      352      198     3596 2023 Jun 26 0000:00
  2003  2023.48392     4698        0      118      186       28      332     4366        7       52        0     4307       14       55        0      159        0      289      194     3596 2023 Jun 27 0000:00
  2004  2023.48665     4698        0      118      187       28      333     4365        7       52        0     4306       12       54        0      156        0      295      188     3601 2023 Jun 28 0000:00
  2005  2023.48939     4698        0      118      187       28      333     4365        7       52        0     4306       12       54        0      145        0      290      192     3613 2023 Jun 29 0000:00
  2006  2023.49213     4698        0      119      187       28      334     4364        6       52        0     4306       13       55        0      139        0      269      210     3620 2023 Jun 30 0000:00
  2007  2023.49487     4698        0      119      187       28      334     4364        6       52        0     4306       12       54        0      136        0      256      222     3626 2023 Jul  1 0000:00
  2008  2023.49760     4698        0      119      187       28      334     4364        6       52        0     4306       13        3        0      112        0      250      279     3649 2023 Jul  2 0000:00
  2009  2023.50034     4698        0      119      187       28      334     4364        6       52        0     4306       12        3        0      103        0      246      283     3659 2023 Jul  3 0000:00
  2010  2023.50308     4698        0      119      187       28      334     4364        6       52        0     4306       12        3        0      100        0      245      283     3663 2023 Jul  4 0000:00
  2011  2023.50582     4698        0      119      187       28      334     4364        6       52        0     4306       12        4        0      100        0      245      278     3667 2023 Jul  5 0000:00
  2012  2023.50856     4698        0      119      187       28      334     4364        6       52        0     4306       13        5        0       99        0      233      281     3675 2023 Jul  6 0000:00
  2013  2023.51129     4746        0      119      187       28      334     4412        6       52        0     4354       13        3        0      100        0      287      267     3684 2023 Jul  7 0000:00
  2014  2023.51403     4746        0      121      187       28      336     4410        4       52        0     4354       14        3        0      110        0      280      266     3681 2023 Jul  8 0000:00
  2015  2023.51677     4746        0      121      187       28      336     4410        4       52        0     4354       13        3        0      112        0      293      254     3679 2023 Jul  9 0000:00
  2016  2023.51951     4768        0      121      187       29      337     4431        4       51        0     4376       13        3        0      115        0      319      250     3676 2023 Jul 10 0000:00
  2017  2023.52225     4768        0      121      187       29      337     4431        4       51        0     4376       15       51        0      111        0      271      245     3683 2023 Jul 11 0000:00
  2018  2023.52498     4768        0      121      187       29      337     4431        4       51        0     4376       29       58        0      124        0      242      241     3682 2023 Jul 12 0000:00
  2019  2023.52772     4768        0      121      187       29      337     4431        4       51        0     4376       14        4        0      126        0      269      279     3684 2023 Jul 13 0000:00
  2020  2023.53046     4768        0      121      187       30      338     4430        4       50        0     4376       13        5        0      119        0      326      220     3693 2023 Jul 14 0000:00
  2021  2023.53320     4768        0      121      187       30      338     4430        4       50        0     4376       16        5        0      122        0      319      223     3691 2023 Jul 15 0000:00
  2022  2023.53593     4822        0      121      187       30      338     4484        4       50        0     4430       15        3        0      129        0      363      223     3697 2023 Jul 16 0000:00
  2023  2023.53867     4822        0      121      187       31      339     4483        4       49        0     4430       17        4        0      140        0      336      232     3701 2023 Jul 17 0000:00
  2024  2023.54141     4822        0      122      187       31      340     4482        3       49        0     4430       16        5        0      139        0      328      232     3710 2023 Jul 18 0000:00
  2025  2023.54415     4822        0      123      187       31      341     4481        2       49        0     4430       16        8        0      144        0      303      253     3706 2023 Jul 19 0000:00
  2026  2023.54689     4837        0      123      187       31      341     4496        2       49        0     4445       16        3        0      143        0      313      263     3707 2023 Jul 20 0000:00
  2027  2023.54962     4837        0      123      187       31      341     4496        2       49        0     4445       16        2        0      139        0      261      315     3712 2023 Jul 21 0000:00
  2028  2023.55236     4837        0      123      187       31      341     4496        2       49        0     4445       15       15        0      135        0      251      312     3717 2023 Jul 22 0000:00
  2029  2023.55510     4837        0      123      187       31      341     4496        2       49        0     4445       15       15        0      135        0      251      312     3717 2023 Jul 23 0000:00
  2030  2023.55784     4859        0      123      187       31      341     4518        2       49        0     4467       14        1        0      122        0      270      323     3737 2023 Jul 24 0000:00
  2031  2023.56057     4859        0      123      187       31      341     4518        2       49        0     4467       15        2        0      125        0      269      312     3744 2023 Jul 25 0000:00
  2032  2023.56331     4859        0      123      187       31      341     4518        2       49        0     4467       20       18        0      127        0      250      300     3752 2023 Jul 26 0000:00
  2033  2023.56605     4859        0      123      187       31      341     4518        2       49        0     4467       20       19        0      134        0      243      310     3741 2023 Jul 27 0000:00
  2034  2023.56879     4881        0      123      187       31      341     4540        4       49        0     4487       17        3        0      130        0      249      340     3748 2023 Jul 28 0000:00
  2035  2023.57153     4881        0      123      187       31      341     4540        4       49        0     4487       17        4        0      132        0      245      340     3749 2023 Jul 29 0000:00
  2036  2023.57426     4881        0      123      188       31      342     4539        4       49        0     4486       15        2        0      143        0      248      329     3749 2023 Jul 30 0000:00
  2037  2023.57700     4881        0      123      188       31      342     4539        4       49        0     4486       14        2        0      148        0      287      284     3751 2023 Jul 31 0000:00
  2038  2023.57974     4881        0      123      188       31      342     4539        4       49        0     4486       12        2        0      146        0      302      267     3757 2023 Aug  1 0000:00
  2039  2023.58248     4881        0      123      188       31      342     4539        4       49        0     4486       11        3        0      142        0      310      256     3764 2023 Aug  2 0000:00
  2040  2023.58522     4881        0      123      188       31      342     4539        4       49        0     4486       13        8        0      134        0      306      251     3774 2023 Aug  3 0000:00
  2041  2023.58795     4881        0      123      188       31      342     4539        4       49        0     4486       12        3        0      133        0      333      226     3779 2023 Aug  4 0000:00
  2042  2023.59069     4881        0      123      188       32      343     4538        4       48        0     4486       13        4        0      128        0      294      261     3786 2023 Aug  5 0000:00
  2043  2023.59343     4881        0      123      188       32      343     4538        4       48        0     4486       12        4        0      130        0      281      255     3804 2023 Aug  6 0000:00
  2044  2023.59617     4903        0      123      188       32      343     4560        4       48        0     4508       13        2        0      138        0      280      284     3791 2023 Aug  7 0000:00
  2045  2023.59890     4918        0      123      189       32      344     4574        4       49        0     4521       11        2        0      141        0      294      269     3804 2023 Aug  8 0000:00
  2046  2023.60164     4918        0      123      189       32      344     4574        4       49        0     4521       13       25        0      140        0      247      283     3813 2023 Aug  9 0000:00
  2047  2023.60438     4918        0      123      189       32      344     4574        4       49        0     4521       13       15        0      141        0      253      274     3825 2023 Aug 10 0000:00
  2048  2023.60712     4940        0      123      189       32      344     4596        5       49        0     4542       12        2        0      140        0      265      297     3826 2023 Aug 11 0000:00
  2049  2023.60986     4940        0      123      189       32      344     4596        5       49        0     4542       12        3        0      133        0      254      307     3833 2023 Aug 12 0000:00
  2050  2023.61259     4940        0      123      189       32      344     4596        5       49        0     4542       13       24        0      127        0      225      314     3839 2023 Aug 13 0000:00
  2051  2023.61533     4940        0      123      189       32      344     4596        5       49        0     4542       13       34        0      125        0      208      320     3842 2023 Aug 14 0000:00
  2052  2023.61807     4940        0      123      189       32      344     4596        5       49        0     4542       12        3        0      120        0      233      304     3870 2023 Aug 15 0000:00
  2053  2023.62081     4940        0      123      189       32      344     4596        5       49        0     4542       11        2        0      130        0      212      308     3879 2023 Aug 16 0000:00
  2054  2023.62355     4962        0      123      189       32      344     4618        5       49        0     4564       12        1        0      141        0      245      276     3889 2023 Aug 17 0000:00
  2055  2023.62628     4962        0      123      189       32      344     4618        5       49        0     4564       14        1        0      155        0      254      262     3878 2023 Aug 18 0000:00
  2056  2023.62902     4962        0      123      189       32      344     4618        5       49        0     4564       14       23        0      170        0      200      287     3870 2023 Aug 19 0000:00
  2057  2023.63176     4962        0      123      189       32      344     4618        5       49        0     4564       14       23        0      178        0      189      284     3876 2023 Aug 20 0000:00
  2058  2023.63450     4962        0      123      189       32      344     4618        5       49        0     4564       13       24        0      175        0      192      280     3880 2023 Aug 21 0000:00
  2059  2023.63723     4983        0      123      189       32      344     4639        5       49        0     4585       16       23        0      172        0      206      278     3890 2023 Aug 22 0000:00
  2060  2023.63997     4983        0      123      189       32      344     4639        5       49        0     4585       16        2        0      180        0      208      280     3899 2023 Aug 23 0000:00
  2061  2023.64271     4983        0      123      189       33      345     4638        5       48        0     4585       19       19        0      184        0      193      267     3903 2023 Aug 24 0000:00
  2062  2023.64545     4983        0      123      189       33      345     4638        5       48        0     4585       19       20        0      193        0      173      282     3898 2023 Aug 25 0000:00
  2063  2023.64819     4983        0      123      189       33      345     4638        5       48        0     4585       18       22        0      200        0      180      272     3893 2023 Aug 26 0000:00
  2064  2023.65092     5005        0      123      189       33      345     4660        5       50        0     4605       15        1        0      238        0      211      282     3858 2023 Aug 27 0000:00
  2065  2023.65366     5005        0      123      189       33      345     4660        5       50        0     4605       16        3        0      253        0      196      281     3856 2023 Aug 28 0000:00
  2066  2023.65640     5005        0      123      189       33      345     4660        5       50        0     4605       18       25        0      260        0      158      274     3870 2023 Aug 29 0000:00
  2067  2023.65914     5005        0      123      189       33      345     4660        5       52        0     4603       17       27        0      252        0      144      270     3893 2023 Aug 30 0000:00
  2068  2023.66188     5005        0      123      189       33      345     4660        5       52        0     4603       15       24        0      273        0      132      274     3885 2023 Aug 31 0000:00
  2069  2023.66461     5027        0      123      189       33      345     4682        5       53        0     4624       13        2        0      295        0      181      265     3868 2023 Sep  1 0000:00
  2070  2023.66735     5027        0      123      189       33      345     4682        5       53        0     4624       14        3        0      291        0      158      282     3876 2023 Sep  2 0000:00
  2071  2023.67009     5027        0      123      189       33      345     4682        5       53        0     4624       15       28        0      311        0      133      260     3877 2023 Sep  3 0000:00
  2072  2023.67283     5048        0      123      189       33      345     4703        5       53        0     4645       15       25        0      332        0      157      249     3867 2023 Sep  4 0000:00
  2073  2023.67556     5048        0      124      189       33      346     4702        4       53        0     4645       16        9        0      326        0      171      236     3887 2023 Sep  5 0000:00
  2074  2023.67830     5048        0      124      189       33      346     4702        4       53        0     4645       17       24        0      325        0      117      259     3903 2023 Sep  6 0000:00
  2075  2023.68104     5048        0      125      189       33      347     4701        3       53        0     4645       17        4        0      354        0      135      251     3884 2023 Sep  7 0000:00
  2076  2023.68378     5048        0      125      189       33      347     4701        3       53        0     4645       16        5        0      356        0      111      270     3887 2023 Sep  8 0000:00
  2077  2023.68652     5070        0      125      189       33      347     4723        3       53        0     4667       16        6        0      340        0      134      263     3908 2023 Sep  9 0000:00
  2078  2023.68925     5070        0      125      189       33      347     4723        3       53        0     4667       17        4        0      332        0      133      254     3927 2023 Sep 10 0000:00
  2079  2023.69199     5070        0      126      189       33      348     4722        2       53        0     4667       19       15        0      337        0      116      253     3927 2023 Sep 11 0000:00
  2080  2023.69473     5091        0      126      189       34      349     4742        2       52        0     4688       19       14        0      313        0      139      253     3950 2023 Sep 12 0000:00
  2081  2023.69747     5091        0      126      189       34      349     4742        2       52        0     4688       17        4        0      309        0      123      267     3968 2023 Sep 13 0000:00
  2082  2023.70021     5091        0      126      190       34      350     4741        2       52        0     4687       18       23        0      305        0      103      254     3984 2023 Sep 14 0000:00
  2083  2023.70294     5091        0      126      190       34      350     4741        2       52        0     4687       19       22        0      299        0      100      234     4013 2023 Sep 15 0000:00
  2084  2023.70568     5113        0      126      190       34      350     4763        2       52        0     4709       20       24        0      303        0      120      223     4019 2023 Sep 16 0000:00
  2085  2023.70842     5113        0      126      190       34      350     4763        2       53        0     4708       17        6        0      301        0      114      233     4037 2023 Sep 17 0000:00
  2086  2023.71116     5113        0      126      190       34      350     4763        2       54        0     4707       19        5        0      316        0      110      220     4037 2023 Sep 18 0000:00
  2087  2023.71389     5113        0      126      190       34      350     4763        2       54        0     4707       19       13        0      313        0      102      205     4055 2023 Sep 19 0000:00
  2088  2023.71663     5135        0      126      190       34      350     4785        2       54        0     4729       16        9        0      298        0      110      222     4074 2023 Sep 20 0000:00
  2089  2023.71937     5135        0      126      190       34      350     4785        2       54        0     4729       17       11        0      290        0      112      217     4082 2023 Sep 21 0000:00
  2090  2023.72211     5135        0      126      190       34      350     4785        2       54        0     4729       15       31        0      285        0       94      213     4091 2023 Sep 22 0000:00
  2091  2023.72485     5135        0      126      191       34      351     4784        2       54        0     4728       14       32        0      280        0       96      206     4100 2023 Sep 23 0000:00
  2092  2023.72758     5157        0      126      192       34      352     4805        3       54        0     4748       13       15        0      284        0      129      203     4104 2023 Sep 24 0000:00
  2093  2023.73032     5178        0      126      192       35      353     4825        3       54        0     4768       12       11        0      297        0      140      204     4104 2023 Sep 25 0000:00
  2094  2023.73306     5178        0      126      192       36      354     4824        3       54        0     4767       16       28        0      291        0      115      191     4126 2023 Sep 26 0000:00
  2095  2023.73580     5178        0      127      192       36      355     4823        2       54        0     4767       17       47        0      284        0       98      185     4136 2023 Sep 27 0000:00
  2096  2023.73854     5178        0      127      192       37      356     4822        2       53        0     4767       15       27        0      272        0      111      196     4146 2023 Sep 28 0000:00
  2097  2023.74127     5178        0      127      192       37      356     4822        2       54        0     4766       11       16        0      255        0      108      203     4173 2023 Sep 29 0000:00
  2098  2023.74401     5200        0      127      193       37      357     4843        2       54        0     4787       11        9        0      265        0      125      208     4169 2023 Sep 30 0000:00
  2099  2023.74675     5200        0      127      193       37      357     4843        2       54        0     4787       10       14        0      269        0      114      208     4172 2023 Oct  1 0000:00
  2100  2023.74949     5200        0      128      194       37      359     4841        1       54        0     4786       12       27        0      270        0      101      199     4177 2023 Oct  2 0000:00
  2101  2023.75222     5200        0      128      194       37      359     4841        1       54        0     4786       16       26        0      263        0       97      197     4187 2023 Oct  3 0000:00
  2102  2023.75496     5200        0      128      194       37      359     4841        1       54        0     4786       15       24        0      254        0       98      200     4195 2023 Oct  4 0000:00
  2103  2023.75770     5222        0      128      194       37      359     4863        1       54        0     4808       15       15        0      256        0      128      200     4194 2023 Oct  5 0000:00
  2104  2023.76044     5222        0      128      194       37      359     4863        1       54        0     4808       14        4        0      238        0      118      216     4218 2023 Oct  6 0000:00
  2105  2023.76318     5222        0      128      194       38      360     4862        1       53        0     4808       17       24        0      243        0       97      183     4244 2023 Oct  7 0000:00
  2106  2023.76591     5222        0      128      194       38      360     4862        1       53        0     4808       17       24        0      239        0      100      183     4245 2023 Oct  8 0000:00
  2107  2023.76865     5243        0      128      195       38      361     4882        1       54        0     4827       17       25        0      246        0      122      169     4248 2023 Oct  9 0000:00
  2108  2023.77139     5243        0      128      195       38      361     4882        1       54        0     4827       13        8        0      243        0      134      173     4256 2023 Oct 10 0000:00
  2109  2023.77413     5243        0      128      195       38      361     4882        1       55        0     4826       14       24        0      242        0       98      182     4266 2023 Oct 11 0000:00
  2110  2023.77687     5243        0      128      195       38      361     4882        1       55        0     4826       12       25        0      249        0       99      177     4264 2023 Oct 12 0000:00
  2111  2023.77960     5265        0      128      195       38      361     4904        1       55        0     4848       14       24        0      251        0      121      155     4283 2023 Oct 13 0000:00
  2112  2023.78234     5265        0      128      195       38      361     4904        1       55        0     4848       13       26        0      239        0      120      138     4312 2023 Oct 14 0000:00
  2113  2023.78508     5265        0      128      195       38      361     4904        1       55        0     4848       12        9        0      246        0      135      135     4311 2023 Oct 15 0000:00
  2114  2023.78782     5265        0      128      195       38      361     4904        1       55        0     4848       12       28        0      232        0       93      155     4328 2023 Oct 16 0000:00
  2115  2023.79055     5265        0      128      195       38      361     4904        1       55        0     4848       11       26        0      231        0       94      154     4332 2023 Oct 17 0000:00
  2116  2023.79329     5287        0      129      195       39      363     4924        0       54        0     4870       11       27        0      222        0      111      157     4342 2023 Oct 18 0000:00
  2117  2023.79603     5287        0      129      196       39      364     4923        0       54        0     4869       10       27        0      234        0      114      134     4350 2023 Oct 19 0000:00
  2118  2023.79877     5287        0      129      196       39      364     4923        0       54        0     4869       10       37        0      227        0      102      136     4357 2023 Oct 20 0000:00
  2119  2023.80151     5308        0      129      196       39      364     4944        0       55        0     4889       11       26        0      228        0      109      163     4352 2023 Oct 21 0000:00
  2120  2023.80424     5331        0      129      196       39      364     4967        0       55        0     4912       13       24        0      219        0      131      164     4361 2023 Oct 22 0000:00
  2121  2023.80698     5331        0      129      197       39      365     4966        0       55        0     4911       19       28        0      211        0      109      179     4365 2023 Oct 23 0000:00
  2122  2023.80972     5331        0      129      197       39      365     4966        0       55        0     4911       23       47        0      206        0       72      187     4376 2023 Oct 24 0000:00
  2123  2023.81246     5331        0      129      197       39      365     4966        0       55        0     4911       24       47        0      212        0       73      178     4377 2023 Oct 25 0000:00
  2124  2023.81520     5331        0      129      197       39      365     4966        0       56        0     4910       24        7        0      212        0       86      183     4398 2023 Oct 26 0000:00
  2125  2023.81793     5331        0      129      197       39      365     4966        0       56        0     4910       24        4        0      215        0       82      202     4383 2023 Oct 27 0000:00
  2126  2023.82067     5331        0      129      198       39      366     4965        0       56        0     4909       21        4        0      220        0       82      197     4385 2023 Oct 28 0000:00
  2127  2023.82341     5353        0      129      198       39      366     4987        0       56        0     4931       23        3        0      231        0      105      189     4380 2023 Oct 29 0000:00
  2128  2023.82615     5376        0      129      198       39      366     5010        0       57        0     4953       26        5        0      235        0      116      193     4378 2023 Oct 30 0000:00
  2129  2023.82888     5376        0      129      198       39      366     5010        0       57        0     4953       26       26        0      240        0       92      183     4386 2023 Oct 31 0000:00
  2130  2023.83162     5376        0      129      198       39      366     5010        0       57        0     4953       25       49        0      246        0       76      176     4381 2023 Nov  1 0000:00
  2131  2023.83436     5376        0      129      198       39      366     5010        0       57        0     4953       25       48        0      251        0       76      175     4378 2023 Nov  2 0000:00
  2132  2023.83710     5376        0      129      198       39      366     5010        0       57        0     4953       28       29        0      242        0       78      184     4392 2023 Nov  3 0000:00
  2133  2023.83984     5399        0      129      198       39      366     5033        0       57        0     4976       29        6        0      243        0      111      194     4393 2023 Nov  4 0000:00
  2134  2023.84257     5399        0      129      198       39      366     5033        0       57        0     4976       27        8        0      239        0       96      188     4418 2023 Nov  5 0000:00
  2135  2023.84531     5399        0      129      198       39      366     5033        0       57        0     4976       27       30        0      250        0       79      196     4394 2023 Nov  6 0000:00
  2136  2023.84805     5399        0      129      198       39      366     5033        0       58        0     4975       27       29        0      253        0       74      192     4400 2023 Nov  7 0000:00
  2137  2023.85079     5422        0      129      198       39      366     5056        0       58        0     4998       27       30        0      248        0      102      183     4408 2023 Nov  8 0000:00
  2138  2023.85352     5422        0      129      198       39      366     5056        0       58        0     4998       26       10        0      242        0       98      207     4415 2023 Nov  9 0000:00
  2139  2023.85626     5422        0      129      198       39      366     5056        0       58        0     4998       27       29        0      227        0       58      196     4461 2023 Nov 10 0000:00
  2140  2023.85900     5422        0      129      198       39      366     5056        0       58        0     4998       26       29        0      225        0       59      216     4443 2023 Nov 11 0000:00
  2141  2023.86174     5422        0      129      198       39      366     5056        0       58        0     4998       26        8        0      227        0       62      229     4446 2023 Nov 12 0000:00
  2142  2023.86448     5422        0      129      199       39      367     5055        0       58        0     4997       24        6        0      237        0       59      231     4440 2023 Nov 13 0000:00
  2143  2023.86721     5422        0      129      199       39      367     5055        0       58        0     4997       24        6        0      231        0       60      224     4452 2023 Nov 14 0000:00
  2144  2023.86995     5422        0      129      200       40      369     5053        0       57        0     4996       23        4        0      235        0       63      220     4451 2023 Nov 15 0000:00
  2145  2023.87269     5422        0      129      200       40      369     5053        0       57        0     4996       23        5        0      231        0       62      219     4456 2023 Nov 16 0000:00
  2146  2023.87543     5422        0      129      200       40      369     5053        0       57        0     4996       23        4        0      240        0       63      206     4460 2023 Nov 17 0000:00
  2147  2023.87817     5445        0      129      200       40      369     5076        1       59        0     5016       24        3        0      252        0       92      181     4464 2023 Nov 18 0000:00
  2148  2023.88090     5445        0      129      201       40      370     5075        1       59        0     5015       22        2        0      267        0       90      165     4469 2023 Nov 19 0000:00
  2149  2023.88364     5467        0      129      201       40      370     5097        1       59        0     5037       21        2        0      274        0      110      157     4473 2023 Nov 20 0000:00
  2150  2023.88638     5467        0      129      201       40      370     5097        1       59        0     5037       21        4        0      264        0      100      164     4484 2023 Nov 21 0000:00
  2151  2023.88912     5490        0      129      201       41      371     5119        1       59        0     5059       23        9        0      255        0      115      155     4502 2023 Nov 22 0000:00
  2152  2023.89185     5490        0      129      201       41      371     5119        1       59        0     5059       20       24        0      255        0       79      172     4509 2023 Nov 23 0000:00
  2153  2023.89459     5490        0      129      201       41      371     5119        1       59        0     5059       19       39        0      264        0       83      147     4507 2023 Nov 24 0000:00
  2154  2023.89733     5490        0      129      201       41      371     5119        1       59        0     5059       18       27        0      265        0       77      161     4511 2023 Nov 25 0000:00
  2155  2023.90007     5490        0      129      201       41      371     5119        1       59        0     5059       18       28        0      270        0       68      163     4512 2023 Nov 26 0000:00
  2156  2023.90281     5490        0      129      201       41      371     5119        1       59        0     5059       18       27        0      275        0       63      162     4514 2023 Nov 27 0000:00
  2157  2023.90554     5513        0      129      201       41      371     5142        1       59        0     5082       20        2        0      288        0       87      171     4514 2023 Nov 28 0000:00
  2158  2023.90828     5513        0      129      201       41      371     5142        1       59        0     5082       20        3        0      298        0       81      168     4512 2023 Nov 29 0000:00
  2159  2023.91102     5513        0      129      203       41      373     5140        1       59        0     5080       19       24        0      303        0       59      159     4516 2023 Nov 30 0000:00
  2160  2023.91376     5513        0      129      203       41      373     5140        1       59        0     5080       16       23        0      306        0       67      153     4515 2023 Dec  1 0000:00
  2161  2023.91650     5513        0      129      203       41      373     5140        1       59        0     5080       18       18        0      313        0       72      141     4518 2023 Dec  2 0000:00
  2162  2023.91923     5536        0      129      203       41      373     5163        1       59        0     5103       18       16        0      332        0       91      136     4510 2023 Dec  3 0000:00
  2163  2023.92197     5536        0      129      203       41      373     5163        1       59        0     5103       20        9        0      342        0       92      135     4505 2023 Dec  4 0000:00
  2164  2023.92471     5536        0      129      203       41      373     5163        1       59        0     5103       22       25        0      353        0       62      137     4504 2023 Dec  5 0000:00
  2165  2023.92745     5536        0      129      204       41      374     5162        1       59        0     5102       20       19        0      360        0       68      131     4504 2023 Dec  6 0000:00
  2166  2023.93018     5559        0      129      204       41      374     5185        1       59        0     5125       20        7        0      366        0       96      136     4500 2023 Dec  7 0000:00
  2167  2023.93292     5581        0      129      204       42      375     5206        1       58        0     5147       20        3        0      366        0      111      145     4502 2023 Dec  8 0000:00
  2168  2023.93566     5581        0      129      204       42      375     5206        1       58        0     5147       21        6        0      364        0      109      143     4504 2023 Dec  9 0000:00
  2169  2023.93840     5581        0      129      204       43      376     5205        1       57        0     5147       24       29        0      358        0       72      155     4509 2023 Dec 10 0000:00
  2170  2023.94114     5581        0      129      204       43      376     5205        1       57        0     5147       22       23        0      359        0       70      164     4509 2023 Dec 11 0000:00
  2171  2023.94387     5581        0      129      204       43      376     5205        1       58        0     5146       23       17        0      353        0       74      164     4515 2023 Dec 12 0000:00
  2172  2023.94661     5581        0      129      204       43      376     5205        1       58        0     5146       23        7        0      358        0       81      164     4513 2023 Dec 13 0000:00
  2173  2023.94935     5581        0      129      205       43      377     5204        1       59        0     5144       20        0        0      363        0       74      173     4514 2023 Dec 14 0000:00
  2174  2023.95209     5581        0      129      205       43      377     5204        1       59        0     5144       19        1        0      366        0       73      170     4515 2023 Dec 15 0000:00
  2175  2023.95483     5581        0      129      207       43      379     5202        1       59        0     5142       16        2        0      370        0       70      165     4519 2023 Dec 16 0000:00
  2176  2023.95756     5581        0      129      207       43      379     5202        1       59        0     5142       20        2        0      372        0       64      158     4526 2023 Dec 17 0000:00
  2177  2023.96030     5581        0      129      207       43      379     5202        1       59        0     5142       20        2        0      379        0       60      160     4521 2023 Dec 18 0000:00
  2178  2023.96304     5604        0      129      207       43      379     5225        1       59        0     5165       19        2        0      382        0       86      149     4527 2023 Dec 19 0000:00
  2179  2023.96578     5604        0      129      207       43      379     5225        1       59        0     5165       20        3        0      389        0       83      142     4528 2023 Dec 20 0000:00
  2180  2023.96851     5604        0      129      207       43      379     5225        0       59        0     5166       18       17        0      394        0       72      133     4532 2023 Dec 21 0000:00
  2181  2023.97125     5604        0      129      207       43      379     5225        0       60        0     5165       17        9        0      409        0       79      124     4527 2023 Dec 22 0000:00
  2182  2023.97399     5627        0      129      208       43      380     5247        2       61        0     5184       17        2        0      418        0       93      130     4524 2023 Dec 23 0000:00
  2183  2023.97673     5627        0      129      208       43      380     5247        2       62        0     5183       16        4        0      411        0       83      138     4531 2023 Dec 24 0000:00
  2184  2023.97947     5627        0      129      208       43      380     5247        2       62        0     5183       17       24        0      411        0       63      136     4532 2023 Dec 25 0000:00
  2185  2023.98220     5627        0      129      208       43      380     5247        2       62        0     5183       17       22        0      412        0       67      131     4534 2023 Dec 26 0000:00
  2186  2023.98494     5627        0      130      208       43      381     5246        1       62        0     5183       15       21        0      412        0       71      133     4531 2023 Dec 27 0000:00
  2187  2023.98768     5627        0      130      208       43      381     5246        1       63        0     5182       15        5        0      424        0       66      147     4525 2023 Dec 28 0000:00
  2188  2023.99042     5650        0      130      208       43      381     5269        3       63        0     5203       16        5        0      427        0       86      134     4535 2023 Dec 29 0000:00
  2189  2023.99316     5650        0      130      208       43      381     5269        3       63        0     5203       15        4        0      435        0       94      115     4540 2023 Dec 30 0000:00
  2190  2023.99589     5650        0      130      209       44      383     5267        3       62        0     5202       15       26        0      439        0       75      108     4539 2023 Dec 31 0000:00
  2191  2023.99863     5650        0      130      209       44      383     5267        3       62        0     5202       15       27        0      440        0       72      105     4543 2024 Jan  1 0000:00
  2192  2024.00137     5650        0      130      209       44      383     5267        3       63        0     5201       16       26        0      445        0       76       76     4562 2024 Jan  2 0000:00
  2193  2024.00411     5671        0      130      209       44      383     5288        3       63        0     5222       13        8        0      449        0      102       97     4553 2024 Jan  3 0000:00
  2194  2024.00684     5671        0      130      209       44      383     5288        3       65        0     5220       15        8        0      450        0       95      100     4552 2024 Jan  4 0000:00
  2195  2024.00958     5671        0      131      209       44      384     5287        2       65        0     5220       13        7        0      452        0       95       98     4555 2024 Jan  5 0000:00
  2196  2024.01232     5671        0      131      209       44      384     5287        2       65        0     5220       14       10        0      458        0       76      109     4553 2024 Jan  6 0000:00
  2197  2024.01506     5694        0      131      209       44      384     5310        2       65        0     5243       15       11        0      461        0       97      105     4554 2024 Jan  7 0000:00
  2198  2024.01780     5694        0      131      209       44      384     5310        2       65        0     5243       18       10        0      460        0       96      105     4554 2024 Jan  8 0000:00
  2199  2024.02053     5694        0      131      209       44      384     5310        2       65        0     5243       18        9        0      457        0       92      106     4561 2024 Jan  9 0000:00
  2200  2024.02327     5694        0      131      209       44      384     5310        2       65        0     5243       17        6        0      453        0       98      100     4569 2024 Jan 10 0000:00
  2201  2024.02601     5694        0      131      210       44      385     5309        2       65        0     5242       17        6        0      453        0       96      101     4569 2024 Jan 11 0000:00
  2202  2024.02875     5694        0      131      211       44      386     5308        2       65        0     5241       17        4        0      448        0       73      122     4577 2024 Jan 12 0000:00
  2203  2024.03149     5694        0      131      212       44      387     5307        2       65        0     5240       16        3        0      448        0       78      115     4580 2024 Jan 13 0000:00
  2204  2024.03422     5716        0      131      212       44      387     5329        2       65        0     5262       19        3        0      448        0       94      116     4582 2024 Jan 14 0000:00
  2205  2024.03696     5739        0      131      212       44      387     5352        3       65        0     5284       17        5        0      452        0      119      103     4588 2024 Jan 15 0000:00
  2206  2024.03970     5739        0      131      212       44      387     5352        3       66        0     5283       20       25        0      452        0       98      100     4588 2024 Jan 16 0000:00
  2207  2024.04244     5739        0      131      212       44      387     5352        3       66        0     5283       21       23        0      448        0       97       95     4599 2024 Jan 17 0000:00
  2208  2024.04517     5739        0      131      212       44      387     5352        3       66        0     5283       22       21        0      445        0       96       98     4601 2024 Jan 18 0000:00
  2209  2024.04791     5739        0      131      212       44      387     5352        3       66        0     5283       21       23        0      438        0       97       89     4615 2024 Jan 19 0000:00
  2210  2024.05065     5739        0      131      212       44      387     5352        3       66        0     5283       20        6        0      437        0       76      125     4619 2024 Jan 20 0000:00
  2211  2024.05339     5739        0      131      213       44      388     5351        3       66        0     5282       19        6        0      438        0       77      113     4629 2024 Jan 21 0000:00
  2212  2024.05613     5739        0      131      213       44      388     5351        3       66        0     5282       18        7        0      447        0       69      116     4625 2024 Jan 22 0000:00
  2213  2024.05886     5739        0      131      213       44      388     5351        3       66        0     5282       19        5        0      451        0       69       90     4648 2024 Jan 23 0000:00
  2214  2024.06160     5761        0      131      213       44      388     5373        3       66        0     5304       19        7        0      452        0       93      106     4627 2024 Jan 24 0000:00
  2215  2024.06434     5761        0      131      213       44      388     5373        3       66        0     5304       21        8        0      455        0       88      103     4629 2024 Jan 25 0000:00
  2216  2024.06708     5761        0      131      213       44      388     5373        3       66        0     5304       21       27        0      457        0       69       97     4633 2024 Jan 26 0000:00
  2217  2024.06982     5761        0      131      213       44      388     5373        3       66        0     5304       19       27        0      454        0       73       91     4640 2024 Jan 27 0000:00
  2218  2024.07255     5761        0      131      213       45      389     5372        3       65        0     5304       20       16        0      456        0       80       90     4642 2024 Jan 28 0000:00
  2219  2024.07529     5806        0      131      214       45      390     5416        3       65        0     5348       20        7        0      458        0      114      110     4639 2024 Jan 29 0000:00
  2220  2024.07803     5806        0      131      214       45      390     5416        3       65        0     5348       21        7        0      449        0      112      111     4648 2024 Jan 30 0000:00
  2221  2024.08077     5806        0      131      214       45      390     5416        3       65        0     5348       26       30        0      440        0       86      109     4657 2024 Jan 31 0000:00
  2222  2024.08350     5806        0      131      214       45      390     5416        3       65        0     5348       25       32        0      443        0       80      115     4653 2024 Feb  1 0000:00
  2223  2024.08624     5806        0      131      214       45      390     5416        3       65        0     5348       23        9        0      445        0       79      137     4655 2024 Feb  2 0000:00
  2224  2024.08898     5806        0      131      215       45      391     5415        3       65        0     5347       21        5        0      449        0       71      143     4658 2024 Feb  3 0000:00
  2225  2024.09172     5806        0      131      215       45      391     5415        3       65        0     5347       21        6        0      442        0       70      142     4666 2024 Feb  4 0000:00
  2226  2024.09446     5806        0      131      215       45      391     5415        3       65        0     5347       19        5        0      448        0       69      141     4665 2024 Feb  5 0000:00
  2227  2024.09719     5806        0      131      215       45      391     5415        3       65        0     5347       19        7        0      449        0       64      137     4671 2024 Feb  6 0000:00
  2228  2024.09993     5806        0      131      215       45      391     5415        3       65        0     5347       21        4        0      446        0       62      140     4674 2024 Feb  7 0000:00
  2229  2024.10267     5806        0      131      215       45      391     5415        3       66        0     5346       20        4        0      449        0       64      135     4674 2024 Feb  8 0000:00
  2230  2024.10541     5806        0      131      215       45      391     5415        3       66        0     5346       21        3        0      468        0       68      127     4659 2024 Feb  9 0000:00
  2231  2024.10815     5828        0      131      215       45      391     5437        4       66        0     5367       20        3        0      470        0       85      122     4667 2024 Feb 10 0000:00
  2232  2024.11088     5828        0      131      215       45      391     5437        4       66        0     5367       21        4        0      473        0       86      115     4668 2024 Feb 11 0000:00
  2233  2024.11362     5828        0      131      215       45      391     5437        4       66        0     5367       21       25        0      464        0       64      113     4680 2024 Feb 12 0000:00
  2234  2024.11636     5828        0      131      215       45      391     5437        4       66        0     5367       23       22        0      470        0       70      101     4681 2024 Feb 13 0000:00
  2235  2024.11910     5828        0      131      215       45      391     5437        4       66        0     5367       21        7        0      475        0       71      111     4682 2024 Feb 14 0000:00
  2236  2024.12183     5850        0      131      216       45      392     5458        4       67        0     5387       23        7        0      471        0       90      109     4687 2024 Feb 15 0000:00
  2237  2024.12457     5850        0      131      216       45      392     5458        4       67        0     5387       26        5        0      463        0       85      110     4698 2024 Feb 16 0000:00
  2238  2024.12731     5850        0      131      216       45      392     5458        4       67        0     5387       30        4        0      462        0       86      105     4700 2024 Feb 17 0000:00
  2239  2024.13005     5850        0      131      216       45      392     5458        4       67        0     5387       32       24        0      468        0       66      101     4696 2024 Feb 18 0000:00
  2240  2024.13279     5850        0      131      217       45      393     5457        4       67        0     5386       30        9        0      473        0       75      102     4697 2024 Feb 19 0000:00
  2241  2024.13552     5850        0      131      217       45      393     5457        4       67        0     5386       30        3        0      473        0       72      109     4699 2024 Feb 20 0000:00
  2242  2024.13826     5850        0      131      217       45      393     5457        4       68        0     5385       37        6        0      467        0       63      109     4703 2024 Feb 21 0000:00
  2243  2024.14100     5850        0      131      217       45      393     5457        4       68        0     5385       45        6        0      474        0       61      101     4698 2024 Feb 22 0000:00
  2244  2024.14374     5872        0      131      217       45      393     5479        5       68        0     5406       45        6        0      475        0       86       89     4705 2024 Feb 23 0000:00
  2245  2024.14648     5872        0      131      217       45      393     5479        5       68        0     5406       43        5        0      472        0       92       77     4717 2024 Feb 24 0000:00
  2246  2024.14921     5896        0      131      217       45      393     5503        5       68        0     5430       42       12        0      469        0      110       70     4727 2024 Feb 25 0000:00
  2247  2024.15195     5896        0      131      217       45      393     5503        5       68        0     5430       45       11        0      461        0      101       78     4734 2024 Feb 26 0000:00
  2248  2024.15469     5896        0      131      217       45      393     5503        5       68        0     5430       44        5        0      460        0       91       90     4740 2024 Feb 27 0000:00
  2249  2024.15743     5896        0      131      217       45      393     5503        5       68        0     5430       41       19        0      464        0       73       91     4742 2024 Feb 28 0000:00
  2250  2024.16016     5919        0      131      217       45      393     5526        7       68        0     5451       41       17        0      461        0       85       99     4748 2024 Feb 29 0000:00
  2251  2024.16290     5919        0      131      217       45      393     5526        7       68        0     5451       41        3        0      454        0       82      114     4757 2024 Mar  1 0000:00
  2252  2024.16564     5919        0      131      217       46      394     5525        6       67        0     5452       41        3        0      456        0       86      109     4757 2024 Mar  2 0000:00
  2253  2024.16838     5919        0      131      217       46      394     5525        6       67        0     5452       52       23        0      456        0       65      106     4750 2024 Mar  3 0000:00
  2254  2024.17112     5942        0      131      217       46      394     5548        7       67        0     5474       61        8        0      450        0       94      111     4750 2024 Mar  4 0000:00
  2255  2024.17385     5942        0      132      217       46      395     5547        6       67        0     5474       67        2        0      457        0       81      121     4746 2024 Mar  5 0000:00
  2256  2024.17659     5942        0      132      217       46      395     5547        6       67        0     5474       71        2        0      462        0       80      117     4742 2024 Mar  6 0000:00
  2257  2024.17933     5942        0      132      218       46      396     5546        6       67        0     5473       72        8        0      453        0       74      114     4752 2024 Mar  7 0000:00
  2258  2024.18207     5942        0      132      219       46      397     5545        6       67        0     5472       79        7        0      463        0       60      118     4745 2024 Mar  8 0000:00
  2259  2024.18480     5942        0      132      219       46      397     5545        6       67        0     5472       90        0        0      457        0       47      132     4746 2024 Mar  9 0000:00
  2260  2024.18754     5965        0      132      220       46      398     5567        6       67        0     5494       95        1        0      449        0       73      125     4751 2024 Mar 10 0000:00
  2261  2024.19028     5988        0      132      220       46      398     5590        6       67        0     5517      111        2        0      447        0       92      115     4750 2024 Mar 11 0000:00
  2262  2024.19302     5988        0      132      220       46      398     5590        6       67        0     5517      110        2        0      450        0       91      114     4750 2024 Mar 12 0000:00
  2263  2024.19576     5988        0      132      220       46      398     5590        6       67        0     5517      108       32        0      447        0       58      113     4759 2024 Mar 13 0000:00
  2264  2024.19849     5988        0      132      220       46      398     5590        6       67        0     5517      112       34        0      451        0       55      113     4752 2024 Mar 14 0000:00
  2265  2024.20123     5988        0      132      220       46      398     5590        6       67        0     5517      116       21        0      467        0       51      128     4734 2024 Mar 15 0000:00
  2266  2024.20397     6011        0      132      220       46      398     5613        6       67        0     5540      113        6        0      473        0       67      130     4751 2024 Mar 16 0000:00
  2267  2024.20671     6011        0      132      220       46      398     5613        6       67        0     5540      112        6        0      480        0       69      122     4751 2024 Mar 17 0000:00
  2268  2024.20945     6011        0      132      220       46      398     5613        6       68        0     5539      115       24        0      478        0       48      135     4739 2024 Mar 18 0000:00
  2269  2024.21218     6031        0      132      220       46      398     5633        6       68        0     5559      118       24        0      499        0       69      128     4721 2024 Mar 19 0000:00
  2270  2024.21492     6031        0      132      220       46      398     5633        6       68        0     5559      111       11        0      505        0       81      132     4719 2024 Mar 20 0000:00
  2271  2024.21766     6031        0      132      220       46      398     5633        6       68        0     5559      113       24        0      497        0       53      145     4727 2024 Mar 21 0000:00
  2272  2024.22040     6031        0      132      220       46      398     5633        6       69        0     5558      112       22        0      493        0       54      142     4735 2024 Mar 22 0000:00
  2273  2024.22313     6031        0      132      220       46      398     5633        6       69        0     5558      109       19        0      504        0       51      146     4729 2024 Mar 23 0000:00
  2274  2024.22587     6054        0      132      220       46      398     5656        7       70        0     5579      112       13        0      503        0       75      145     4731 2024 Mar 24 0000:00
  2275  2024.22861     6077        0      132      220       46      398     5679        7       70        0     5602      114        3        0      498        0       95      154     4738 2024 Mar 25 0000:00
  2276  2024.23135     6077        0      132      220       46      398     5679        7       71        0     5601      116       25        0      505        0       73      147     4735 2024 Mar 26 0000:00
  2277  2024.23409     6077        0      132      220       46      398     5679        7       71        0     5601      120       25        0      505        0       75      126     4750 2024 Mar 27 0000:00
  2278  2024.23682     6077        0      132      221       47      400     5677        7       70        0     5600      116       30        0      505        0       60      151     4738 2024 Mar 28 0000:00
  2279  2024.23956     6077        0      132      221       48      401     5676        7       69        0     5600      120       29        0      510        0       49      147     4745 2024 Mar 29 0000:00
  2280  2024.24230     6077        0      132      221       48      401     5676        7       69        0     5600      112       22        0      519        0       64      141     4742 2024 Mar 30 0000:00
  2281  2024.24504     6100        0      132      222       48      402     5698        5       69        0     5624      106        5        0      531        0       92      146     4744 2024 Mar 31 0000:00
  2282  2024.24778     6100        0      132      222       48      402     5698        6       69        0     5623      101        7        0      527        0       91      152     4745 2024 Apr  1 0000:00
  2283  2024.25051     6122        0      132      222       48      402     5720        6       69        0     5645       99       30        0      524        0       90      152     4750 2024 Apr  2 0000:00
  2284  2024.25325     6122        0      132      222       48      402     5720        7       69        0     5644       96       28        0      526        0      110      139     4745 2024 Apr  3 0000:00
  2285  2024.25599     6122        0      132      222       48      402     5720        7       69        0     5644       86        9        0      524        0      127      150     4748 2024 Apr  4 0000:00
  2286  2024.25873     6145        0      132      222       48      402     5743        7       69        0     5667       89        4        0      535        0      134      169     4736 2024 Apr  5 0000:00
  2287  2024.26146     6145        0      133      222       48      403     5742        6       69        0     5667       84        5        0      534        0      127      180     4737 2024 Apr  6 0000:00
  2288  2024.26420     6166        0      133      222       48      403     5763        7       69        0     5687       87       26        0      532        0      131      173     4738 2024 Apr  7 0000:00
  2289  2024.26694     6166        0      133      222       48      403     5763        7       69        0     5687       91       25        0      529        0      135      166     4741 2024 Apr  8 0000:00
  2290  2024.26968     6166        0      133      222       48      403     5763        7       69        0     5687       90       13        0      528        0      147      167     4742 2024 Apr  9 0000:00
  2291  2024.27242     6189        0      133      222       48      403     5786        8       69        0     5709       89       19        0      529        0      148      181     4743 2024 Apr 10 0000:00
  2292  2024.27515     6189        0      133      222       49      404     5785        8       68        0     5709       82       12        0      527        0      167      174     4747 2024 Apr 11 0000:00
  2293  2024.27789     6189        0      133      223       49      405     5784        8       68        0     5708       77       26        0      523        0      152      181     4749 2024 Apr 12 0000:00
  2294  2024.28063     6212        0      133      224       49      406     5806        8       68        0     5730       73       27        0      523        0      187      175     4745 2024 Apr 13 0000:00
  2295  2024.28337     6212        0      133      224       49      406     5806        8       68        0     5730       82       15        0      523        0      184      181     4745 2024 Apr 14 0000:00
  2296  2024.28611     6212        0      133      224       49      406     5806        8       68        0     5730       81       33        0      521        0      159      169     4767 2024 Apr 15 0000:00
  2297  2024.28884     6212        0      133      225       49      407     5805        8       68        0     5729       85       32        0      520        0      158      186     4748 2024 Apr 16 0000:00
  2298  2024.29158     6235        0      133      225       49      407     5828        9       68        0     5751       88       26        0      520        0      188      181     4748 2024 Apr 17 0000:00
  2299  2024.29432     6258        0      133      225       49      407     5851        8       68        0     5775       87        7        0      519        0      211      202     4749 2024 Apr 18 0000:00
  2300  2024.29706     6258        0      133      225       49      407     5851        8       68        0     5775       87        8        0      522        0      209      204     4745 2024 Apr 19 0000:00
  2301  2024.29979     6258        0      133      225       49      407     5851        9       68        0     5774       91       29        0      521        0      186      203     4744 2024 Apr 20 0000:00
  2302  2024.30253     6258        0      133      225       49      407     5851        9       68        0     5774       87       47        0      524        0      183      196     4737 2024 Apr 21 0000:00
  2303  2024.30527     6258        0      133      226       49      408     5850        9       68        0     5773       77       35        0      519        0      196      203     4743 2024 Apr 22 0000:00
  2304  2024.30801     6281        0      133      226       49      408     5873        9       68        0     5796       77       30        0      522        0      212      211     4744 2024 Apr 23 0000:00
  2305  2024.31075     6281        0      133      226       49      408     5873        9       68        0     5796       77       19        0      517        0      240      196     4747 2024 Apr 24 0000:00
  2306  2024.31348     6281        0      133      226       49      408     5873        9       68        0     5796       78        7        0      522        0      247      201     4741 2024 Apr 25 0000:00
  2307  2024.31622     6281        0      133      226       49      408     5873        9       68        0     5796       81        9        0      518        0      257      185     4746 2024 Apr 26 0000:00
  2308  2024.31896     6281        0      133      226       49      408     5873        9       68        0     5796       83       30        0      518        0      229      188     4748 2024 Apr 27 0000:00
  2309  2024.32170     6304        0      133      227       49      409     5895        9       68        0     5818       80       29        0      520        0      256      187     4746 2024 Apr 28 0000:00
  2310  2024.32444     6304        0      133      227       49      409     5895        9       68        0     5818       76       12        0      518        0      259      204     4749 2024 Apr 29 0000:00
  2311  2024.32717     6304        0      133      227       49      409     5895        9       68        0     5818       76        9        0      517        0      259      210     4747 2024 Apr 30 0000:00
  2312  2024.32991     6304        0      133      228       49      410     5894        9       68        0     5817       78       21        0      516        0      249      206     4747 2024 May  1 0000:00
  2313  2024.33265     6304        0      133      228       49      410     5894        9       68        0     5817       75       18        0      514        0      271      189     4750 2024 May  2 0000:00
  2314  2024.33539     6327        0      134      228       50      412     5915        8       67        0     5840       69       11        0      516        0      306      193     4745 2024 May  3 0000:00
  2315  2024.33812     6327        0      134      228       50      412     5915        8       67        0     5840       71        9        0      519        0      309      190     4742 2024 May  4 0000:00
  2316  2024.34086     6327        0      134      232       50      416     5911        8       67        0     5836       83       40        0      515        0      272      181     4745 2024 May  5 0000:00
  2317  2024.34360     6350        0      134      232       50      416     5934        9       67        0     5858       92       31        0      509        0      298      177     4751 2024 May  6 0000:00
  2318  2024.34634     6350        0      134      232       50      416     5934        9       67        0     5858       98       32        0      510        0      295      165     4758 2024 May  7 0000:00
  2319  2024.34908     6373        0      134      232       50      416     5957        9       67        0     5881       96       30        0      506        0      321      173     4755 2024 May  8 0000:00
  2320  2024.35181     6373        0      134      232       51      417     5956        9       66        0     5881       98       28        0      509        0      327      167     4752 2024 May  9 0000:00
  2321  2024.35455     6393        0      134      232       51      417     5976        9       66        0     5901       89       11        0      507        0      339      200     4755 2024 May 10 0000:00
  2322  2024.35729     6393        0      134      232       51      417     5976        9       66        0     5901       86        7        0      508        0      356      191     4753 2024 May 11 0000:00
  2323  2024.36003     6393        0      134      232       51      417     5976        9       66        0     5901      100       35        0      509        0      311      195     4751 2024 May 12 0000:00
  2324  2024.36277     6416        0      134      233       51      418     5998        9       66        0     5923       98       34        0      510        0      328      198     4755 2024 May 13 0000:00
  2325  2024.36550     6436        0      134      233       51      418     6018        9       66        0     5943      100       32        0      504        0      377      171     4759 2024 May 14 0000:00
  2326  2024.36824     6436        0      134      235       51      420     6016        9       66        0     5941       96       46        0      509        0      353      182     4755 2024 May 15 0000:00
  2327  2024.37098     6436        0      134      242       52      428     6008        9       65        0     5934       91       27        0      506        0      362      189     4759 2024 May 16 0000:00
  2328  2024.37372     6436        0      134      244       52      430     6006        9       65        0     5932       85       30        0      507        0      331      221     4758 2024 May 17 0000:00
  2329  2024.37645     6459        0      135      244       52      431     6028        9       65        0     5954       99       28        0      508        0      354      196     4769 2024 May 18 0000:00
  2330  2024.37919     6459        0      135      244       52      431     6028        9       65        0     5954      108       21        0      504        0      345      218     4758 2024 May 19 0000:00
  2331  2024.38193     6459        0      135      244       52      431     6028        9       65        0     5954      112       33        0      507        0      322      225     4755 2024 May 20 0000:00
  2332  2024.38467     6459        0      135      248       53      436     6023        9       64        0     5950      112       33        0      509        0      318      230     4748 2024 May 21 0000:00
  2333  2024.38741     6459        0      135      248       53      436     6023        8       64        0     5951       99       20        0      505        0      344      221     4762 2024 May 22 0000:00
  2334  2024.39014     6482        0      135      252       53      440     6042        9       64        0     5969       90       11        0      506        0      374      236     4752 2024 May 23 0000:00
  2335  2024.39288     6505        0      135      254       53      442     6063        9       65        0     5989       79       12        0      504        0      406      234     4754 2024 May 24 0000:00
  2336  2024.39562     6505        0      135      258       53      446     6059        9       65        0     5985       74       24        0      531        0      410      220     4726 2024 May 25 0000:00
  2337  2024.39836     6505        0      135      263       53      451     6054        9       65        0     5980       74       39        0      531        0      401      204     4731 2024 May 26 0000:00
  2338  2024.40110     6505        0      135      263       53      451     6054        9       65        0     5980       80       22        0      517        0      399      225     4737 2024 May 27 0000:00
  2339  2024.40383     6528        0      135      263       53      451     6077        9       65        0     6003       79       13        0      517        0      418      237     4739 2024 May 28 0000:00
  2340  2024.40657     6528        0      135      263       53      451     6077        9       65        0     6003       73        8        0      518        0      428      238     4738 2024 May 29 0000:00
  2341  2024.40931     6528        0      135      263       53      451     6077        9       65        0     6003       74        5        0      515        0      428      242     4739 2024 May 30 0000:00
  2342  2024.41205     6528        0      135      263       53      451     6077        9       65        0     6003       67       16        0      515        0      424      242     4739 2024 May 31 0000:00
  2343  2024.41478     6551        0      135      264       53      452     6099       10       65        0     6024       67       11        0      516        0      445      248     4737 2024 Jun  1 0000:00
  2344  2024.41752     6551        0      136      264       53      453     6098        9       65        0     6024       64        7        0      517        0      444      254     4738 2024 Jun  2 0000:00
  2345  2024.42026     6551        0      136      264       53      453     6098        9       65        0     6024       64       30        0      513        0      436      241     4740 2024 Jun  3 0000:00
  2346  2024.42300     6551        0      137      264       53      454     6097        8       65        0     6024       74       16        0      513        0      464      216     4741 2024 Jun  4 0000:00
  2347  2024.42574     6571        0      137      264       53      454     6117        8       65        0     6044       87       23        0      511        0      496      185     4742 2024 Jun  5 0000:00
  2348  2024.42847     6571        0      137      264       53      454     6117        8       65        0     6044       86        8        0      513        0      505      190     4742 2024 Jun  6 0000:00
  2349  2024.43121     6571        0      138      264       53      455     6116        7       65        0     6044       92       25        0      517        0      492      180     4738 2024 Jun  7 0000:00
  2350  2024.43395     6613        0      138      265       53      456     6157        7       65        0     6085       95       18        0      515        0      545      173     4739 2024 Jun  8 0000:00
  2351  2024.43669     6613        0      138      267       53      458     6155        7       65        0     6083       89       19        0      514        0      542      160     4759 2024 Jun  9 0000:00
  2352  2024.43943     6613        0      138      270       53      461     6152        7       65        0     6080       84       51        0      509        0      521      170     4745 2024 Jun 10 0000:00
  2353  2024.44216     6613        0      138      270       53      461     6152        7       65        0     6080       88       48        0      509        0      517      171     4747 2024 Jun 11 0000:00
  2354  2024.44490     6613        0      138      270       53      461     6152        7       66        0     6079       86       25        0      509        0      536      176     4747 2024 Jun 12 0000:00
  2355  2024.44764     6613        0      139      270       53      462     6151        5       66        0     6080       90       23        0      509        0      524      186     4748 2024 Jun 13 0000:00
  2356  2024.45038     6613        0      139      270       53      462     6151        6       66        0     6079       84       20        0      508        0      533      183     4751 2024 Jun 14 0000:00
  2357  2024.45311     6613        0      139      270       53      462     6151        6       66        0     6079       84        9        0      506        0      537      193     4750 2024 Jun 15 0000:00
  2358  2024.45585     6613        0      139      270       53      462     6151        6       67        0     6078       85        8        0      505        0      539      191     4750 2024 Jun 16 0000:00
  2359  2024.45859     6613        0      139      271       53      463     6150        6       67        0     6077       79        8        0      511        0      551      183     4745 2024 Jun 17 0000:00
  2360  2024.46133     6613        0      139      271       53      463     6150        6       67        0     6077       88        8        0      501        0      564      168     4748 2024 Jun 18 0000:00
  2361  2024.46407     6633        0      139      271       53      463     6170       12       67        0     6091       90       11        0      500        0      569      171     4750 2024 Jun 19 0000:00
  2362  2024.46680     6633        0      139      271       53      463     6170       12       67        0     6091       87        9        0      500        0      576      168     4751 2024 Jun 20 0000:00
  2363  2024.46954     6633        0      139      271       53      463     6170       12       67        0     6091       91       26        0      502        0      560      164     4748 2024 Jun 21 0000:00
  2364  2024.47228     6633        0      139      271       53      463     6170       12       67        0     6091       93       15        0      503        0      570      163     4747 2024 Jun 22 0000:00
  2365  2024.47502     6655        0      139      273       54      466     6189       12       66        0     6111       90       10        0      501        0      600      162     4748 2024 Jun 23 0000:00
  2366  2024.47775     6675        0      139      275       54      468     6207       12       66        0     6129       87        7        0      502        0      626      161     4746 2024 Jun 24 0000:00
  2367  2024.48049     6675        0      139      280       54      473     6202       12       66        0     6124       81       29        0      498        0      629      137     4750 2024 Jun 25 0000:00
  2368  2024.48323     6675        0      139      281       54      474     6201       12       66        0     6123       82       48        0      499        0      621      124     4749 2024 Jun 26 0000:00
  2369  2024.48597     6698        0      139      285       54      478     6220       12       66        0     6142       82       40        0      498        0      651      121     4750 2024 Jun 27 0000:00
  2370  2024.48871     6698        0      139      287       54      480     6218       12       67        0     6139       82       21        0      497        0      650      140     4749 2024 Jun 28 0000:00
  2371  2024.49144     6698        0      139      287       54      480     6218       12       67        0     6139       87       31        0      495        0      632      139     4755 2024 Jun 29 0000:00
  2372  2024.49418     6698        0      139      287       54      480     6218       12       67        0     6139       89       30        0      503        0      621      148     4748 2024 Jun 30 0000:00
  2373  2024.49692     6698        0      139      287       54      480     6218       12       67        0     6139       91       32        0      495        0      623      141     4757 2024 Jul  1 0000:00
  2374  2024.49966     6698        0      139      287       54      480     6218       12       67        0     6139       91       25        0      497        0      635      134     4757 2024 Jul  2 0000:00
  2375  2024.50240     6718        0      139      287       54      480     6238       12       69        0     6157       83       11        0      495        0      659      150     4759 2024 Jul  3 0000:00
  2376  2024.50513     6718        0      139      288       54      481     6237       12       69        0     6156       82       13        0      495        0      656      148     4762 2024 Jul  4 0000:00
  2377  2024.50787     6718        0      139      290       54      483     6235       12       69        0     6154       81       23        0      502        0      656      133     4759 2024 Jul  5 0000:00
  2378  2024.51061     6718        0      139      290       54      483     6235       12       69        0     6154       81       29        0      495        0      653      129     4767 2024 Jul  6 0000:00
  2379  2024.51335     6718        0      139      290       55      484     6234       12       68        0     6154       82       25        0      503        0      650      133     4761 2024 Jul  7 0000:00
  2380  2024.51608     6718        0      140      290       55      485     6233       11       68        0     6154       82       12        0      495        0      663      133     4769 2024 Jul  8 0000:00
  2381  2024.51882     6718        0      140      290       55      485     6233       11       68        0     6154       82       10        0      492        0      660      136     4774 2024 Jul  9 0000:00
  2382  2024.52156     6718        0      140      290       55      485     6233       10       68        0     6155       80       10        0      491        0      677      123     4774 2024 Jul 10 0000:00
  2383  2024.52430     6718        0      141      291       55      487     6231       10       68        0     6153       78        9        0      495        0      678      122     4771 2024 Jul 11 0000:00
  2384  2024.52704     6738        0      141      291       55      487     6251       30       69        0     6152       82        9        0      494        0      666      129     4772 2024 Jul 12 0000:00
  2385  2024.52977     6738        0      161      291       55      507     6231       10       69        0     6152       84        7        0      487        0      671      126     4777 2024 Jul 13 0000:00
  2386  2024.53251     6738        0      162      291       55      508     6230        9       69        0     6152       84        4        0      491        0      675      122     4776 2024 Jul 14 0000:00
  2387  2024.53525     6738        0      163      291       55      509     6229        8       69        0     6152       87        6        0      488        0      681      111     4779 2024 Jul 15 0000:00
  2388  2024.53799     6738        0      163      291       55      509     6229        8       69        0     6152       96        6        0      488        0      680      104     4778 2024 Jul 16 0000:00
  2389  2024.54073     6738        0      164      291       55      510     6228        7       69        0     6152       98        6        0      490        0      682      100     4776 2024 Jul 17 0000:00
  2390  2024.54346     6738        0      164      291       56      511     6227        7       69        0     6151       98        6        0      485        0      688       93     4781 2024 Jul 18 0000:00
  2391  2024.54620     6738        0      164      291       57      512     6226        7       70        0     6149      102        8        0      481        0      692       84     4782 2024 Jul 19 0000:00
  2392  2024.54894     6738        0      164      291       57      512     6226        7       70        0     6149      102        8        0      471        0      691       83     4794 2024 Jul 20 0000:00
  2393  2024.55168     6738        0      165      292       57      514     6224        6       70        0     6148      102        9        0      455        0      691       81     4810 2024 Jul 21 0000:00
  2394  2024.55441     6738        0      165      294       57      516     6222        6       70        0     6146      100       11        0      451        0      695       74     4815 2024 Jul 22 0000:00
  2395  2024.55715     6738        0      165      295       57      517     6221        6       70        0     6145      106       22        0      434        0      688       72     4823 2024 Jul 23 0000:00
  2396  2024.55989     6738        0      165      295       58      518     6220        6       70        0     6144      109       25        0      433        0      683       71     4823 2024 Jul 24 0000:00
  2397  2024.56263     6738        0      165      299       58      522     6216        6       70        0     6140      111       36        0      418        0      678       72     4825 2024 Jul 25 0000:00
  2398  2024.56537     6738        0      165      302       58      525     6213        6       70        0     6137      105       45        0      408        0      684       69     4826 2024 Jul 26 0000:00
  2399  2024.56810     6761        0      165      305       58      528     6233        6       70        0     6157      104       51        0      394        0      710       68     4830 2024 Jul 27 0000:00
  2400  2024.57084     6805        0      165      310       58      533     6272        6       70        0     6196       98       48        0      394        0      762       64     4830 2024 Jul 28 0000:00
  2401  2024.57358     6805        0      165      310       58      533     6272        6       70        0     6196       94       55        0      388        0      764       62     4833 2024 Jul 29 0000:00
  2402  2024.57632     6805        0      165      311       58      534     6271        6       71        0     6194       95      100        0      366        0      729       64     4840 2024 Jul 30 0000:00
  2403  2024.57906     6805        0      165      311       58      534     6271        6       71        0     6194       96       87        0      358        0      754       59     4840 2024 Jul 31 0000:00
  2404  2024.58179     6805        0      165      311       58      534     6271        6       71        0     6194       97       65        0      343        0      757       87     4845 2024 Aug  1 0000:00
  2405  2024.58453     6828        0      165      313       58      536     6292        7       71        0     6214       95       59        0      339        0      780       98     4843 2024 Aug  2 0000:00
  2406  2024.58727     6828        0      165      314       58      537     6291        7       72        0     6212       98       58        0      335        0      779       99     4843 2024 Aug  3 0000:00
  2407  2024.59001     6851        0      165      315       58      538     6313        8       72        0     6233       99       79        0      327        0      776      107     4845 2024 Aug  4 0000:00
  2408  2024.59274     6851        0      165      316       58      539     6312        8       72        0     6232      100       61        0      332        0      797       99     4843 2024 Aug  5 0000:00
  2409  2024.59548     6851        0      165      316       59      540     6311        8       72        0     6231      105       59        0      331        0      801       96     4839 2024 Aug  6 0000:00
  2410  2024.59822     6851        0      165      317       59      541     6310        8       72        0     6230      103       49        0      321        0      803      100     4854 2024 Aug  7 0000:00
  2411  2024.60096     6851        0      165      319       59      543     6308        8       72        0     6228      101       48        0      325        0      805       99     4850 2024 Aug  8 0000:00
  2412  2024.60370     6851        0      165      320       59      544     6307        7       72        0     6228      101       28        0      323        0      819      106     4851 2024 Aug  9 0000:00
  2413  2024.60643     6872        0      166      321       60      547     6325        6       71        0     6248      101       16        0      319        0      843      114     4855 2024 Aug 10 0000:00
  2414  2024.60917     6872        0      167      325       60      552     6320        6       71        0     6243      100       17        0      313        0      840      117     4856 2024 Aug 11 0000:00
  2415  2024.61191     6895        0      167      325       61      553     6342        6       70        0     6266      106       41        0      315        0      834      119     4851 2024 Aug 12 0000:00
  2416  2024.61465     6895        0      168      328       61      557     6338        5       70        0     6263      106       48        0      310        0      835      117     4847 2024 Aug 13 0000:00
  2417  2024.61739     6895        0      168      329       61      558     6337        5       70        0     6262      106       69        0      309        0      818      117     4843 2024 Aug 14 0000:00
  2418  2024.62012     6895        0      168      332       61      561     6334        5       70        0     6259      106       76        0      286        0      805      128     4858 2024 Aug 15 0000:00
  2419  2024.62286     6895        0      168      334       61      563     6332        5       70        0     6257      104       74        0      278        0      794      147     4860 2024 Aug 16 0000:00
  2420  2024.62560     6895        0      168      339       61      568     6327        5       70        0     6252       99       55        0      275        0      792      152     4879 2024 Aug 17 0000:00
  2421  2024.62834     6895        0      168      341       61      570     6325        5       70        0     6250       92       55        0      262        0      787      164     4890 2024 Aug 18 0000:00
  2422  2024.63107     6895        0      168      342       61      571     6324        5       70        0     6249       91       54        0      252        0      791      174     4887 2024 Aug 19 0000:00
  2423  2024.63381     6917        0      168      342       62      572     6345        5       69        0     6271       90       51        0      260        0      816      175     4879 2024 Aug 20 0000:00
  2424  2024.63655     6917        0      168      342       62      572     6345        5       69        0     6271       92       32        0      254        0      836      162     4895 2024 Aug 21 0000:00
  2425  2024.63929     6917        0      168      345       63      576     6341        5       68        0     6268       92       54        0      250        0      816      160     4896 2024 Aug 22 0000:00
  2426  2024.64203     6917        0      168      347       63      578     6339        5       68        0     6266       89       39        0      240        0      835      156     4907 2024 Aug 23 0000:00
  2427  2024.64476     6917        0      168      350       63      581     6336        5       68        0     6263       87       13        0      238        0      858      146     4921 2024 Aug 24 0000:00
  2428  2024.64750     6917        0      168      351       64      583     6334        5       67        0     6262       85       12        0      238        0      846      165     4916 2024 Aug 25 0000:00
  2429  2024.65024     6917        0      168      352       65      585     6332        5       66        0     6261       89        8        0      236        0      847      165     4916 2024 Aug 26 0000:00
  2430  2024.65298     6917        0      168      352       66      586     6331        5       65        0     6261       87        9        0      238        0      847      162     4918 2024 Aug 27 0000:00
  2431  2024.65572     6938        0      168      356       66      590     6348        5       65        0     6278       81        8        0      239        0      873      156     4921 2024 Aug 28 0000:00
  2432  2024.65845     6938        0      168      360       66      594     6344        5       65        0     6274       81        8        0      246        0      864      160     4915 2024 Aug 29 0000:00
  2433  2024.66119     6938        0      168      363       66      597     6341        5       65        0     6271       78       18        0      244        0      855      156     4920 2024 Aug 30 0000:00
  2434  2024.66393     6980        0      169      366       67      602     6378        4       64        0     6310       78       19        0      245        0      888      154     4926 2024 Aug 31 0000:00
  2435  2024.66667     6980        0      169      368       67      604     6376        4       64        0     6308       76       18        0      239        0      884      146     4945 2024 Sep  1 0000:00
  2436  2024.66940     6980        0      169      369       67      605     6375        4       64        0     6307       84       59        0      238        0      824      163     4939 2024 Sep  2 0000:00
  2437  2024.67214     6980        0      169      371       67      607     6373        4       64        0     6305       82       67        0      238        0      816      162     4940 2024 Sep  3 0000:00
  2438  2024.67488     6980        0      169      373       67      609     6371        4       64        0     6303       82       57        0      240        0      822      163     4939 2024 Sep  4 0000:00
  2439  2024.67762     7001        0      169      373       67      609     6392        5       64        0     6323       82       56        0      245        0      834      168     4938 2024 Sep  5 0000:00
  2440  2024.68036     7001        0      169      373       68      610     6391        5       63        0     6323       81       42        0      243        0      834      181     4942 2024 Sep  6 0000:00
  2441  2024.68309     7001        0      169      373       68      610     6391        5       63        0     6323       84       51        0      241        0      830      175     4942 2024 Sep  7 0000:00
  2442  2024.68583     7001        0      169      378       68      615     6386        5       63        0     6318       80       55        0      247        0      820      177     4939 2024 Sep  8 0000:00
  2443  2024.68857     7001        0      169      379       68      616     6385        5       63        0     6317       76       49        0      244        0      824      181     4943 2024 Sep  9 0000:00
  2444  2024.69131     7001        0      169      380       68      617     6384        5       63        0     6316       73       40        0      252        0      825      183     4943 2024 Sep 10 0000:00
  2445  2024.69405     7001        0      169      380       69      618     6383        5       62        0     6316       74       36        0      249        0      827      185     4945 2024 Sep 11 0000:00
  2446  2024.69678     7001        0      169      380       69      618     6383        5       62        0     6316       74       29        0      250        0      834      180     4949 2024 Sep 12 0000:00
  2447  2024.69952     7022        0      170      381       70      621     6401        4       61        0     6336       76       30        0      255        0      851      176     4948 2024 Sep 13 0000:00
  2448  2024.70226     7022        0      170      381       70      621     6401        4       61        0     6336       80       30        0      286        0      856      166     4918 2024 Sep 14 0000:00
  2449  2024.70500     7022        0      170      382       71      623     6399        4       60        0     6335       80       57        0      256        0      833      155     4954 2024 Sep 15 0000:00
  2450  2024.70773     7022        0      170      383       71      624     6398        4       60        0     6334       79       50        0      253        0      849      144     4959 2024 Sep 16 0000:00
  2451  2024.71047     7022        0      170      383       71      624     6398        4       60        0     6334       79       46        0      247        0      856      139     4967 2024 Sep 17 0000:00
  2452  2024.71321     7022        0      170      384       72      626     6396        4       59        0     6333       81       40        0      246        0      840      154     4972 2024 Sep 18 0000:00
  2453  2024.71595     7022        0      170      385       72      627     6395        4       60        0     6331       77       32        0      259        0      854      145     4964 2024 Sep 19 0000:00
  2454  2024.71869     7042        0      171      387       72      630     6412        3       60        0     6349       72       37        0      255        0      876      132     4977 2024 Sep 20 0000:00
  2455  2024.72142     7042        0      171      388       72      631     6411        3       60        0     6348       71       38        0      257        0      884      116     4982 2024 Sep 21 0000:00
  2456  2024.72416     7042        0      171      389       72      632     6410        3       60        0     6347       70       53        0      240        0      871      108     5005 2024 Sep 22 0000:00
  2457  2024.72690     7042        0      171      390       72      633     6409        3       60        0     6346       61       48        0      246        0      884      101     5006 2024 Sep 23 0000:00
  2458  2024.72964     7042        0      171      393       72      636     6406        3       60        0     6343       59       47        0      243        0      875      100     5019 2024 Sep 24 0000:00
  2459  2024.73238     7062        0      171      393       72      636     6426        3       60        0     6363       59       32        0      240        0      884      117     5031 2024 Sep 25 0000:00
  2460  2024.73511     7062        0      173      393       72      638     6424        1       60        0     6363       58       25        0      238        0      892       91     5059 2024 Sep 26 0000:00
  2461  2024.73785     7062        0      173      395       72      640     6422        1       60        0     6361       56       24        0      238        0      889       92     5062 2024 Sep 27 0000:00
  2462  2024.74059     7062        0      173      395       72      640     6422        1       60        0     6361       60       37        0      237        0      869       93     5065 2024 Sep 28 0000:00
  2463  2024.74333     7062        0      173      395       72      640     6422        1       60        0     6361       63       31        0      242        0      875       91     5059 2024 Sep 29 0000:00
  2464  2024.74606     7062        0      173      396       72      641     6421        1       60        0     6360       75       30        0      234        0      873       91     5057 2024 Sep 30 0000:00
  2465  2024.74880     7062        0      173      396       72      641     6421        1       60        0     6360       81       20        0      231        0      877       95     5056 2024 Oct  1 0000:00
  2466  2024.75154     7062        0      173      396       72      641     6421        1       60        0     6360       82       19        0      225        0      874       99     5061 2024 Oct  2 0000:00
  2467  2024.75428     7062        0      173      397       72      642     6420        1       60        0     6359       85       20        0      229        0      874       96     5055 2024 Oct  3 0000:00
  2468  2024.75702     7062        0      173      397       72      642     6420        1       60        0     6359       89       20        0      225        0      878       88     5059 2024 Oct  4 0000:00
  2469  2024.75975     7062        0      173      399       72      644     6418        1       60        0     6357       88       19        0      230        0      873       88     5059 2024 Oct  5 0000:00
  2470  2024.76249     7062        0      173      399       72      644     6418        1       61        0     6356       94       20        0      228        0      876       82     5056 2024 Oct  6 0000:00
  2471  2024.76523     7062        0      174      399       72      645     6417        0       61        0     6356       95       20        0      238        0      875       77     5051 2024 Oct  7 0000:00
  2472  2024.76797     7062        0      174      400       72      646     6416        0       61        0     6355      105       21        0      238        0      870       76     5045 2024 Oct  8 0000:00
  2473  2024.77070     7062        0      174      400       72      646     6416        0       61        0     6355      107       20        0      234        0      867       79     5048 2024 Oct  9 0000:00
  2474  2024.77344     7062        0      174      400       72      646     6416        0       62        0     6354      104       23        0      235        0      855       85     5052 2024 Oct 10 0000:00
  2475  2024.77618     7062        0      174      400       72      646     6416        0       62        0     6354      112       23        0      228        0      855       70     5066 2024 Oct 11 0000:00
  2476  2024.77892     7062        0      174      401       72      647     6415        0       62        0     6353      115       24        0      239        0      852       57     5066 2024 Oct 12 0000:00
  2477  2024.78166     7062        0      174      402       72      648     6414        0       62        0     6352      111       26        0      234        0      858       54     5069 2024 Oct 13 0000:00
  2478  2024.78439     7062        0      174      402       72      648     6414        0       62        0     6352      109       28        0      246        0      860       47     5062 2024 Oct 14 0000:00
  2479  2024.78713     7105        0      174      402       72      648     6457        0       62        0     6395      107       25        0      235        0      907       43     5078 2024 Oct 15 0000:00
  2480  2024.78987     7105        0      174      403       73      650     6455        0       61        0     6394      102       23        0      235        0      917       38     5079 2024 Oct 16 0000:00
  2481  2024.79261     7105        0      174      404       73      651     6454        0       61        0     6393       91       58        0      236        0      886       42     5080 2024 Oct 17 0000:00
  2482  2024.79535     7125        0      174      405       73      652     6473        0       62        0     6411       92       60        0      235        0      893       45     5086 2024 Oct 18 0000:00
  2483  2024.79808     7125        0      174      405       74      653     6472        0       61        0     6411       94       40        0      234        0      891       60     5092 2024 Oct 19 0000:00
  2484  2024.80082     7125        0      174      406       74      654     6471        0       61        0     6410       93       21        0      235        0      886       83     5092 2024 Oct 20 0000:00
  2485  2024.80356     7125        0      174      406       74      654     6471        0       61        0     6410       99       37        0      234        0      852       91     5097 2024 Oct 21 0000:00
  2486  2024.80630     7125        0      174      406       74      654     6471        0       61        0     6410      110       32        0      233        0      834       98     5103 2024 Oct 22 0000:00
  2487  2024.80903     7148        0      174      406       74      654     6494        0       61        0     6433      113       23        0      233        0      833      126     5105 2024 Oct 23 0000:00
  2488  2024.81177     7148        0      174      407       75      656     6492        0       60        0     6432      108       21        0      233        0      824      114     5132 2024 Oct 24 0000:00
  2489  2024.81451     7148        0      174      407       75      656     6492        0       60        0     6432      120       35        0      232        0      808       94     5143 2024 Oct 25 0000:00
  2490  2024.81725     7170        0      174      407       75      656     6514        0       60        0     6454      125       46        0      232        0      817       92     5142 2024 Oct 26 0000:00
  2491  2024.81999     7170        0      174      407       75      656     6514        0       60        0     6454      135       36        0      237        0      821       88     5137 2024 Oct 27 0000:00
  2492  2024.82272     7170        0      174      408       75      657     6513        0       61        0     6452      149       29        0      230        0      816       96     5132 2024 Oct 28 0000:00
  2493  2024.82546     7170        0      174      408       75      657     6513        0       61        0     6452      161       55        0      239        0      774      106     5117 2024 Oct 29 0000:00
  2494  2024.82820     7213        0      174      409       75      658     6555        0       61        0     6494      168       50        0      239        0      816      108     5113 2024 Oct 30 0000:00
  2495  2024.83094     7213        0      174      409       75      658     6555        0       61        0     6494      179       37        0      234        0      805      122     5117 2024 Oct 31 0000:00
  2496  2024.83368     7213        0      174      409       75      658     6555        0       61        0     6494      189       56        0      224        0      771      133     5121 2024 Nov  1 0000:00
  2497  2024.83641     7213        0      174      409       75      658     6555        0       61        0     6494      193       77        0      228        0      741      138     5117 2024 Nov  2 0000:00
  2498  2024.83915     7213        0      174      412       75      661     6552        0       61        0     6491      200       75        0      228        0      750      127     5111 2024 Nov  3 0000:00
  2499  2024.84189     7213        0      174      412       75      661     6552        0       61        0     6491      206       65        0      231        0      759      115     5115 2024 Nov  4 0000:00
  2500  2024.84463     7213        0      174      412       75      661     6552        0       61        0     6491      219       41        0      236        0      772      126     5097 2024 Nov  5 0000:00
  2501  2024.84736     7213        0      174      412       76      662     6551        0       61        0     6490      226       33        0      237        0      751      154     5089 2024 Nov  6 0000:00
  2502  2024.85010     7236        0      174      415       76      665     6571        0       61        0     6510      243       33        0      241        0      772      151     5070 2024 Nov  7 0000:00
  2503  2024.85284     7236        0      174      416       77      667     6569        0       60        0     6509      265       34        0      233        0      776      148     5053 2024 Nov  8 0000:00
  2504  2024.85558     7256        0      174      416       77      667     6589        0       62        0     6527      283       34        0      239        0      794      144     5033 2024 Nov  9 0000:00
  2505  2024.85832     7256        0      174      417       77      668     6588        0       62        0     6526      289       56        0      239        0      769      146     5027 2024 Nov 10 0000:00
  2506  2024.86105     7280        0      174      418       77      669     6611        0       62        0     6549      306       76        0      237        0      767      150     5013 2024 Nov 11 0000:00
  2507  2024.86379     7280        0      174      418       78      670     6610        0       61        0     6549      313       70        0      237        0      778      144     5007 2024 Nov 12 0000:00
  2508  2024.86653     7280        0      174      418       78      670     6610        0       61        0     6549      323       47        0      232        0      789      151     5007 2024 Nov 13 0000:00
  2509  2024.86927     7324        0      174      418       78      670     6654        0       61        0     6593      329       63        0      231        0      800      166     5004 2024 Nov 14 0000:00
  2510  2024.87201     7324        0      174      418       78      670     6654        0       61        0     6593      325       56        0      231        0      801      169     5011 2024 Nov 15 0000:00
  2511  2024.87474     7324        0      174      418       78      670     6654        0       61        0     6593      324       93        0      233        0      772      157     5014 2024 Nov 16 0000:00
  2512  2024.87748     7324        0      174      418       78      670     6654        0       61        0     6593      314       76        0      235        0      800      151     5017 2024 Nov 17 0000:00
  2513  2024.88022     7344        0      174      418       78      670     6674        0       61        0     6613      310       47        0      235        0      831      169     5021 2024 Nov 18 0000:00
  2514  2024.88296     7344        0      174      418       78      670     6674        0       61        0     6613      310       23        0      236        0      825      200     5019 2024 Nov 19 0000:00
  2515  2024.88569     7344        0      174      418       78      670     6674        0       61        0     6613      327       42        0      241        0      795      211     4997 2024 Nov 20 0000:00
  2516  2024.88843     7368        0      174      419       78      671     6697        0       61        0     6636      337       38        0      232        0      841      191     4997 2024 Nov 21 0000:00
  2517  2024.89117     7368        0      174      419       78      671     6697        0       61        0     6636      339       29        0      236        0      847      197     4988 2024 Nov 22 0000:00
  2518  2024.89391     7368        0      174      419       78      671     6697        0       61        0     6636      348       43        0      234        0      800      193     5018 2024 Nov 23 0000:00
  2519  2024.89665     7388        0      174      419       79      672     6716        0       60        0     6656      351       43        0      238        0      820      214     4990 2024 Nov 24 0000:00
  2520  2024.89938     7411        0      174      419       80      673     6738        2       59        0     6677      356       41        0      242        0      837      213     4988 2024 Nov 25 0000:00
  2521  2024.90212     7411        0      174      419       80      673     6738        2       59        0     6677      361       50        0      234        0      824      213     4995 2024 Nov 26 0000:00
  2522  2024.90486     7435        0      174      419       80      673     6762        2       59        0     6701      361       64        0      237        0      815      234     4990 2024 Nov 27 0000:00
  2523  2024.90760     7435        0      174      419       80      673     6762        2       59        0     6701      365       61        0      235        0      816      230     4994 2024 Nov 28 0000:00
  2524  2024.91034     7435        0      174      421       80      675     6760        2       59        0     6699      366       52        0      233        0      821      224     5003 2024 Nov 29 0000:00
  2525  2024.91307     7479        0      174      421       81      676     6803        2       58        0     6743      360       48        0      244        0      855      243     4993 2024 Nov 30 0000:00
  2526  2024.91581     7479        0      174      421       81      676     6803        2       58        0     6743      358       37        0      247        0      873      238     4990 2024 Dec  1 0000:00
  2527  2024.91855     7479        0      174      421       81      676     6803        2       58        0     6743      359       54        0      246        0      859      231     4994 2024 Dec  2 0000:00
  2528  2024.92129     7479        0      174      422       81      677     6802        2       58        0     6742      357       49        0      248        0      852      238     4998 2024 Dec  3 0000:00
  2529  2024.92402     7503        0      174      422       81      677     6826        2       58        0     6766      355       49        0      246        0      864      253     4999 2024 Dec  4 0000:00
  2530  2024.92676     7523        0      174      422       83      679     6844        2       57        0     6785      357       33        0      241        0      898      259     4997 2024 Dec  5 0000:00
  2531  2024.92950     7523        0      174      422       83      679     6844        2       57        0     6785      359       51        0      242        0      872      264     4997 2024 Dec  6 0000:00
  2532  2024.93224     7523        0      174      422       83      679     6844        2       57        0     6785      362       56        0      248        0      856      243     5020 2024 Dec  7 0000:00
  2533  2024.93498     7546        0      174      423       83      680     6866        2       57        0     6807      368       64        0      247        0      874      258     4996 2024 Dec  8 0000:00
  2534  2024.93771     7546        0      174      423       84      681     6865        2       56        0     6807      364       45        0      241        0      897      258     5002 2024 Dec  9 0000:00
  2535  2024.94045     7546        0      174      424       84      682     6864        2       56        0     6806      365       51        0      246        0      845      300     4999 2024 Dec 10 0000:00
  2536  2024.94319     7546        0      174      425       84      683     6863        2       56        0     6805      366       36        0      243        0      848      309     5003 2024 Dec 11 0000:00
  2537  2024.94593     7546        0      174      425       84      683     6863        2       56        0     6805      365       32        0      241        0      848      311     5008 2024 Dec 12 0000:00
  2538  2024.94867     7568        0      174      425       85      684     6884        2       55        0     6827      358       25        0      242        0      879      289     5034 2024 Dec 13 0000:00
  2539  2024.95140     7568        0      174      425       85      684     6884        2       55        0     6827      361       24        0      246        0      886      271     5039 2024 Dec 14 0000:00
  2540  2024.95414     7568        0      174      425       85      684     6884        2       55        0     6827      359       47        0      243        0      875      265     5038 2024 Dec 15 0000:00
  2541  2024.95688     7568        0      174      425       86      685     6883        2       54        0     6827      366       45        0      241        0      902      235     5038 2024 Dec 16 0000:00
  2542  2024.95962     7568        0      174      428       86      688     6880        2       54        0     6824      357       38        0      239        0      911      211     5068 2024 Dec 17 0000:00
  2543  2024.96235     7568        0      174      430       86      690     6878        2       54        0     6822      352       25        0      239        0      911      249     5046 2024 Dec 18 0000:00
  2544  2024.96509     7568        0      174      433       89      696     6872        2       51        0     6819      348       27        0      244        0      905      249     5046 2024 Dec 19 0000:00
  2545  2024.96783     7568        0      174      434       89      697     6871        2       51        0     6818      348       22        0      241        0      907      252     5048 2024 Dec 20 0000:00
  2546  2024.97057     7568        0      174      436       89      699     6869        2       51        0     6816      348       22        0      245        0      903      242     5056 2024 Dec 21 0000:00
  2547  2024.97331     7568        0      174      439       89      702     6866        2       51        0     6813      352       26        0      235        0      892      241     5067 2024 Dec 22 0000:00
  2548  2024.97604     7589        0      174      439       89      702     6887        2       51        0     6834      351       24        0      234        0      921      235     5069 2024 Dec 23 0000:00
  2549  2024.97878     7589        0      174      440       89      703     6886        2       52        0     6832      354       23        0      230        0      923      231     5071 2024 Dec 24 0000:00
  2550  2024.98152     7589        0      174      443       89      706     6883        2       52        0     6829      354       32        0      233        0      915      224     5071 2024 Dec 25 0000:00
  2551  2024.98426     7589        0      174      447       89      710     6879        2       52        0     6825      357       35        0      236        0      928      205     5064 2024 Dec 26 0000:00
  2552  2024.98700     7589        0      174      449       89      712     6877        2       52        0     6823      352       36        0      234        0      935      192     5074 2024 Dec 27 0000:00
  2553  2024.98973     7589        0      174      453       89      716     6873        2       52        0     6819      349       28        0      230        0      937      195     5080 2024 Dec 28 0000:00
  2554  2024.99247     7611        0      174      455       90      719     6892        2       51        0     6839      349       27        0      231        0      963      189     5080 2024 Dec 29 0000:00
  2555  2024.99521     7611        0      174      462       90      726     6885        2       51        0     6832      344       30        0      231        0      964      183     5080 2024 Dec 30 0000:00
  2556  2024.99795     7632        0      174      468       90      732     6900        2       51        0     6847      340       51        0      232        0      965      173     5086 2024 Dec 31 0000:00
  2557  2025.00068     7632        0      174      470       91      735     6897        2       50        0     6845      342       45        0      228        0      981      157     5092 2025 Jan  1 0000:00
  2558  2025.00342     7632        0      174      476       91      741     6891        2       50        0     6839      346       58        0      234        0      958      155     5088 2025 Jan  2 0000:00
  2559  2025.00616     7632        0      174      477       91      742     6890        2       50        0     6838      349       56        0      247        0      955      158     5073 2025 Jan  3 0000:00
  2560  2025.00890     7632        0      174      479       91      744     6888        2       50        0     6836      346       59        0      242        0      959      147     5083 2025 Jan  4 0000:00
  2561  2025.01164     7632        0      174      482       92      748     6884        2       49        0     6833      349       56        0      243        0      962      146     5077 2025 Jan  5 0000:00
  2562  2025.01437     7656        0      174      486       92      752     6904        2       49        0     6853      346       61        0      238        0      996      128     5084 2025 Jan  6 0000:00
  2563  2025.01711     7656        0      174      488       92      754     6902        2       49        0     6851      330       37        0      237        0     1023      128     5096 2025 Jan  7 0000:00
  2564  2025.01985     7677        0      174      495       92      761     6916        2       49        0     6865      321       36        0      231        0     1044      130     5103 2025 Jan  8 0000:00
  2565  2025.02259     7677        0      174      505       92      771     6906        2       49        0     6855      316       61        0      248        0     1031      118     5081 2025 Jan  9 0000:00
  2566  2025.02533     7698        0      174      507       92      773     6925        2       49        0     6874      315       69        0      245        0     1043      115     5087 2025 Jan 10 0000:00
  2567  2025.02806     7698        0      174      511       92      777     6921        2       49        0     6870      308       70        0      243        0     1050      111     5088 2025 Jan 11 0000:00
  2568  2025.03080     7698        0      174      513       92      779     6919        1       49        0     6869      300       44        0      242        0     1076      117     5090 2025 Jan 12 0000:00
  2569  2025.03354     7719        0      174      516       93      783     6936        1       48        0     6887      301       52        0      266        0     1076      121     5071 2025 Jan 13 0000:00
  2570  2025.03628     7719        0      174      521       93      788     6931        1       48        0     6882      293       42        0      272        0     1060      151     5064 2025 Jan 14 0000:00
  2571  2025.03901     7719        0      174      524       93      791     6928        1       48        0     6879      292       40        0      274        0     1058      153     5062 2025 Jan 15 0000:00
  2572  2025.04175     7729        0      174      525       93      792     6937        1       48        0     6888      287       40        0      256        0     1049      164     5092 2025 Jan 16 0000:00
  2573  2025.04449     7729       10      174      526       93      803     6926        1       48        0     6877      285       38        0      255        0     1039      175     5085 2025 Jan 17 0000:00
  2574  2025.04723     7729       10      174      530       93      807     6922        1       48        0     6873      284       30        0      254        0     1045      173     5087 2025 Jan 18 0000:00
  2575  2025.04997     7729       10      174      533       93      810     6919        1       48        0     6870      281       28        0      256        0     1044      167     5094 2025 Jan 19 0000:00
  2576  2025.05270     7729       10      174      533       93      810     6919        1       48        0     6870      290       34        0      254        0     1037      156     5099 2025 Jan 20 0000:00
  2577  2025.05544     7777       10      174      536       93      813     6964        1       48        0     6915      289       32        0      254        0     1091      149     5100 2025 Jan 21 0000:00
  2578  2025.05818     7777       10      174      541       93      818     6959        1       48        0     6910      280       34        0      255        0     1088      150     5103 2025 Jan 22 0000:00
  2579  2025.06092     7777       10      174      543       93      820     6957        1       48        0     6908      282       68        0      254        0     1045      152     5107 2025 Jan 23 0000:00
  2580  2025.06366     7800       10      174      545       93      822     6978        1       48        0     6929      281       66        0      255        0     1073      144     5110 2025 Jan 24 0000:00
  2581  2025.06639     7800       10      174      549       93      826     6974        1       48        0     6925      281       38        0      251        0     1055      183     5117 2025 Jan 25 0000:00
  2582  2025.06913     7800       10      174      551       93      828     6972        1       48        0     6923      282       58        0      249        0     1009      197     5128 2025 Jan 26 0000:00
  2583  2025.07187     7821       10      174      554       93      831     6990        1       48        0     6941      277       53        0      251        0     1039      186     5135 2025 Jan 27 0000:00
  2584  2025.07461     7821       10      174      557       93      834     6987        1       48        0     6938      277       53        0      256        0     1017      187     5148 2025 Jan 28 0000:00
  2585  2025.07734     7821       10      174      560       95      839     6982        1       46        0     6935      273       41        0      253        0     1016      202     5150 2025 Jan 29 0000:00
  2586  2025.08008     7821       10      174      563       95      842     6979        1       46        0     6932      268       56        0      267        0     1000      195     5146 2025 Jan 30 0000:00
  2587  2025.08282     7821       10      174      567       95      846     6975        1       46        0     6928      264       47        0      263        0     1002      193     5159 2025 Jan 31 0000:00
  2588  2025.08556     7843       10      174      571       95      850     6993        1       46        0     6946      262       34        0      260        0     1024      203     5163 2025 Feb  1 0000:00
  2589  2025.08830     7843       10      174      576       95      855     6988        1       46        0     6941      258       30        0      259        0     1016      213     5165 2025 Feb  2 0000:00
  2590  2025.09103     7843       10      174      578       95      857     6986        1       46        0     6939      256       33        0      269        0     1007      216     5158 2025 Feb  3 0000:00
  2591  2025.09377     7864       10      174      584       95      863     7001        1       46        0     6954      256       49        0      263        0     1013      205     5168 2025 Feb  4 0000:00
  2592  2025.09651     7864       10      174      588       95      867     6997        1       46        0     6950      252       48        0      278        0     1012      198     5162 2025 Feb  5 0000:00
  2593  2025.09925     7864       10      174      594       95      873     6991        2       46        0     6943      256       51        0      282        0      973      223     5158 2025 Feb  6 0000:00
  2594  2025.10198     7864       10      174      596       95      875     6989        2       46        0     6941      255       48        0      261        0      940      259     5178 2025 Feb  7 0000:00
  2595  2025.10472     7885       10      174      601       96      881     7004        2       45        0     6957      255       32        0      250        0      962      271     5187 2025 Feb  8 0000:00
  2596  2025.10746     7885       10      174      605       96      885     7000        2       45        0     6953      265       22        0      242        0      947      290     5187 2025 Feb  9 0000:00
  2597  2025.11020     7885       10      174      610       96      890     6995        2       45        0     6948      264       43        0      243        0      923      280     5195 2025 Feb 10 0000:00
  2598  2025.11294     7929       10      174      614       96      894     7035        2       45        0     6988      275       41        0      242        0      967      260     5203 2025 Feb 11 0000:00
  2599  2025.11567     7929       10      174      616       96      896     7033        2       45        0     6986      271       33        0      243        0      968      232     5239 2025 Feb 12 0000:00
  2600  2025.11841     7929       10      174      624       96      904     7025        2       45        0     6978      261       48        0      240        0      947      251     5231 2025 Feb 13 0000:00
  2601  2025.12115     7929       10      174      628       96      908     7021        2       45        0     6974      257       59        0      242        0      924      253     5239 2025 Feb 14 0000:00
  2602  2025.12389     7950       10      174      631       96      911     7039        2       45        0     6992      258       21        0      234        0      946      269     5264 2025 Feb 15 0000:00
  2603  2025.12663     7950       10      174      634       96      914     7036        2       45        0     6989      257       20        0      237        0      922      282     5271 2025 Feb 16 0000:00
  2604  2025.12936     7950       10      174      635       96      915     7035        2       45        0     6988      259       18        0      235        0      913      261     5302 2025 Feb 17 0000:00
  2605  2025.13210     7973       10      174      638       96      918     7055        2       45        0     7008      257       32        0      232        0      920      268     5299 2025 Feb 18 0000:00
  2606  2025.13484     7973       10      174      640       96      920     7053        2       45        0     7006      258       35        0      234        0      905      264     5310 2025 Feb 19 0000:00
  2607  2025.13758     7973       10      174      642       96      922     7051        2       45        0     7004      255       24        0      232        0      902      266     5325 2025 Feb 20 0000:00
  2608  2025.14031     7996       10      174      645       96      925     7071        2       45        0     7024      258       47        0      229        0      879      279     5332 2025 Feb 21 0000:00
  2609  2025.14305     7996       10      174      654       96      934     7062        2       45        0     7015      248       49        0      228        0      883      264     5343 2025 Feb 22 0000:00
  2610  2025.14579     8018       10      174      660       96      940     7078        2       45        0     7031      239       43        0      237        0      926      243     5343 2025 Feb 23 0000:00
  2611  2025.14853     8018       10      174      662       96      942     7076        2       45        0     7029      237       58        0      229        0      905      241     5359 2025 Feb 24 0000:00
  2612  2025.15127     8018       10      174      667       96      947     7071        2       45        0     7024      233       47        0      234        0      906      238     5366 2025 Feb 25 0000:00
  2613  2025.15400     8018       10      174      673       96      953     7065        2       45        0     7018      228       59        0      230        0      889      226     5386 2025 Feb 26 0000:00
  2614  2025.15674     8039       10      174      678       96      958     7081        2       45        0     7034      223       58        0      233        0      905      224     5391 2025 Feb 27 0000:00
  2615  2025.15948     8039       10      174      682       97      963     7076        2       44        0     7030      230       38        0      239        0      891      246     5386 2025 Feb 28 0000:00
  2616  2025.16222     8039       10      174      683       97      964     7075        2       44        0     7029      231       47        0      228        0      871      227     5425 2025 Mar  1 0000:00
  2617  2025.16496     8039       10      174      684       97      965     7074        2       44        0     7028      236       41        0      232        0      879      242     5398 2025 Mar  2 0000:00
  2618  2025.16769     8060       10      174      687       98      969     7091        2       43        0     7046      226       38        0      226        0      905      246     5405 2025 Mar  3 0000:00
  2619  2025.17043     8060       10      174      691       98      973     7087        2       43        0     7042      221       31        0      223        0      890      258     5419 2025 Mar  4 0000:00
  2620  2025.17317     8060       10      174      692       98      974     7086        2       43        0     7041      220       45        0      222        0      875      251     5428 2025 Mar  5 0000:00
  2621  2025.17591     8064       10      174      693       98      975     7089        2       43        0     7044      221       38        0      223        0      869      247     5446 2025 Mar  6 0000:00
  2622  2025.17864     8064       14      174      693       98      979     7085        2       43        0     7040      217       38        0      214        0      873      241     5457 2025 Mar  7 0000:00
  2623  2025.18138     8064       14      174      698       98      984     7080        2       43        0     7035      213       20        0      212        0      835      285     5470 2025 Mar  8 0000:00
  2624  2025.18412     8064       14      174      701       98      987     7077        2       43        0     7032      207       18        0      209        0      838      280     5480 2025 Mar  9 0000:00
  2625  2025.18686     8064       14      174      703       98      989     7075        2       43        0     7030      210       20        0      216        0      805      271     5508 2025 Mar 10 0000:00
  2626  2025.18960     8064       14      174      705       98      991     7073        2       43        0     7028      208       23        0      217        0      773      311     5496 2025 Mar 11 0000:00
  2627  2025.19233     8064       14      174      708       98      994     7070        2       43        0     7025      208       21        0      224        0      763      307     5502 2025 Mar 12 0000:00
  2628  2025.19507     8085       14      174      710       98      996     7089        2       43        0     7044      208       21        0      217        0      762      303     5533 2025 Mar 13 0000:00
  2629  2025.19781     8085       14      174      712       98      998     7087        2       43        0     7042      210       22        0      224        0      760      286     5540 2025 Mar 14 0000:00
  2630  2025.20055     8108       14      174      714       98     1000     7108        2       43        0     7063      207       26        0      223        0      768      284     5555 2025 Mar 15 0000:00
  2631  2025.20329     8108       14      174      716       98     1002     7106        2       43        0     7061      213       39        0      222        0      717      285     5585 2025 Mar 16 0000:00
  2632  2025.20602     8108       14      174      718       99     1005     7103        2       42        0     7059      213       57        0      236        0      687      289     5577 2025 Mar 17 0000:00
  2633  2025.20876     8131       14      174      719      100     1007     7124        2       41        0     7081      216       57        0      229        0      712      262     5605 2025 Mar 18 0000:00
  2634  2025.21150     8131       14      174      719      100     1007     7124        2       41        0     7081      219       49        0      216        0      711      252     5634 2025 Mar 19 0000:00
  2635  2025.21424     8131       14      174      721      101     1010     7121        2       40        0     7079      219       40        0      219        0      711      256     5634 2025 Mar 20 0000:00
  2636  2025.21697     8131       14      174      722      101     1011     7120        2       40        0     7078      222       39        0      215        0      675      273     5654 2025 Mar 21 0000:00
  2637  2025.21971     8131       14      174      723      101     1012     7119        2       40        0     7077      223       29        0      217        0      687      255     5666 2025 Mar 22 0000:00
  2638  2025.22245     8131       14      174      727      101     1016     7115        2       40        0     7073      225       22        0      225        0      658      268     5675 2025 Mar 23 0000:00
  2639  2025.22519     8131       14      174      730      101     1019     7112        2       40        0     7070      228       10        0      224        0      654      269     5685 2025 Mar 24 0000:00
  2640  2025.22793     8131       14      174      731      101     1020     7111        2       40        0     7069      233       15        0      219        0      640      257     5705 2025 Mar 25 0000:00
  2641  2025.23066     8158       14      174      737      101     1026     7132        2       40        0     7090      239       20        0      214        0      659      235     5723 2025 Mar 26 0000:00
  2642  2025.23340     8158       14      174      739      101     1028     7130        2       40        0     7088      243       25        0      210        0      640      224     5746 2025 Mar 27 0000:00
  2643  2025.23614     8158       14      174      742      101     1031     7127        2       40        0     7085      239       15        0      216        0      652      208     5755 2025 Mar 28 0000:00
  2644  2025.23888     8158       14      174      743      101     1032     7126        2       40        0     7084      234       47        0      221        0      618      209     5755 2025 Mar 29 0000:00
  2645  2025.24162     8158       14      174      747      101     1036     7122        2       40        0     7080      232       38        0      207        0      638      189     5776 2025 Mar 30 0000:00
  2646  2025.24435     8186       14      174      749      101     1038     7148        2       40        0     7106      229       20        0      202        0      664      198     5793 2025 Mar 31 0000:00
  2647  2025.24709     8186       14      174      752      102     1042     7144        2       39        0     7103      221       42        0      203        0      617      223     5797 2025 Apr  1 0000:00
  2648  2025.24983     8186       14      174      754      102     1044     7142        2       39        0     7101      216       56        0      198        0      602      216     5813 2025 Apr  2 0000:00
  2649  2025.25257     8186       14      174      755      102     1045     7141        2       39        0     7100      220       97        0      207        0      551      203     5822 2025 Apr  3 0000:00
  2650  2025.25530     8213       14      174      756      102     1046     7167        2       39        0     7126      218      112        0      199        0      571      186     5840 2025 Apr  4 0000:00
  2651  2025.25804     8213       14      174      758      103     1049     7164        2       38        0     7124      215      112        0      195        0      571      178     5853 2025 Apr  5 0000:00
  2652  2025.26078     8241       14      174      762      103     1053     7188        2       38        0     7148      214      155        0      200        0      549      177     5853 2025 Apr  6 0000:00
  2653  2025.26352     8268       14      174      765      103     1056     7212        2       38        0     7172      215      158        0      199        0      571      162     5867 2025 Apr  7 0000:00
  2654  2025.26626     8268       14      174      768      103     1059     7209        2       38        0     7169      212      148        0      203        0      568      155     5883 2025 Apr  8 0000:00
  2655  2025.26899     8268       14      174      771      103     1062     7206        2       38        0     7166      213      104        0      189        0      593      161     5906 2025 Apr  9 0000:00
  2656  2025.27173     8268       14      174      772      103     1063     7205        2       38        0     7165      218      101        0      192        0      573      164     5917 2025 Apr 10 0000:00
  2657  2025.27447     8268       14      174      775      104     1067     7201        2       37        0     7162      216       61        0      193        0      594      178     5920 2025 Apr 11 0000:00
  2658  2025.27721     8268       14      174      778      104     1070     7198        2       37        0     7159      208       39        0      190        0      604      191     5927 2025 Apr 12 0000:00
  2659  2025.27995     8289       14      174      782      104     1074     7215        2       37        0     7176      209       25        0      200        0      618      197     5927 2025 Apr 13 0000:00
  2660  2025.28268     8316       14      174      784      105     1077     7239        3       36        0     7200      208       20        0      195        0      655      190     5932 2025 Apr 14 0000:00
  2661  2025.28542     8316       14      174      787      105     1080     7236        3       36        0     7197      209       35        0      193        0      639      182     5939 2025 Apr 15 0000:00
  2662  2025.28816     8316       14      174      788      105     1081     7235        3       36        0     7196      205       59        0      194        0      621      176     5941 2025 Apr 16 0000:00
  2663  2025.29090     8316       14      174      791      105     1084     7232        3       36        0     7193      208       54        0      203        0      609      180     5939 2025 Apr 17 0000:00
  2664  2025.29363     8316       14      174      793      105     1086     7230        3       36        0     7191      199       39        0      220        0      603      207     5923 2025 Apr 18 0000:00
  2665  2025.29637     8316       14      174      796      105     1089     7227        3       36        0     7188      197       31        0      204        0      580      232     5944 2025 Apr 19 0000:00
  2666  2025.29911     8316       14      174      798      106     1092     7224        3       35        0     7186      195       26        0      192        0      572      230     5971 2025 Apr 20 0000:00
  2667  2025.30185     8316       14      174      801      106     1095     7221        3       35        0     7183      193        8        0      187        0      560      256     5979 2025 Apr 21 0000:00
  2668  2025.30459     8316       14      174      802      107     1097     7219        3       34        0     7182      196        4        0      188        0      543      266     5985 2025 Apr 22 0000:00
  2669  2025.30732     8316       14      174      806      107     1101     7215        3       34        0     7178      189        5        0      195        0      536      267     5986 2025 Apr 23 0000:00
  2670  2025.31006     8316       14      174      811      107     1106     7210        3       34        0     7173      187       12        0      191        0      525      261     5997 2025 Apr 24 0000:00
  2671  2025.31280     8344       14      174      815      107     1110     7234        3       34        0     7197      185       12        0      180        0      539      265     6016 2025 Apr 25 0000:00
  2672  2025.31554     8344       14      174      815      107     1110     7234        3       34        0     7197      185       12        0      195        0      530      256     6019 2025 Apr 26 0000:00
  2673  2025.31828     8344       14      174      817      107     1112     7232        3       34        0     7195      193       41        0      184        0      501      244     6032 2025 Apr 27 0000:00
  2674  2025.32101     8394       14      174      821      108     1117     7277        3       33        0     7241      194       39        0      184        0      551      223     6050 2025 Apr 28 0000:00
  2675  2025.32375     8417       14      174      822      109     1119     7298        3       32        0     7263      195       27        0      184        0      589      208     6060 2025 Apr 29 0000:00
  2676  2025.32649     8417       14      174      825      109     1122     7295        3       32        0     7260      197       59        0      176        0      531      216     6081 2025 Apr 30 0000:00
  2677  2025.32923     8417       14      174      827      109     1124     7293        3       32        0     7258      193       81        0      177        0      510      215     6082 2025 May  1 0000:00
  2678  2025.33196     8445       14      174      827      109     1124     7321        3       32        0     7286      193       63        0      174        0      539      224     6093 2025 May  2 0000:00
  2679  2025.33470     8445       14      174      830      109     1127     7318        3       32        0     7283      189       52        0      180        0      548      223     6091 2025 May  3 0000:00
  2680  2025.33744     8474       14      174      831      109     1128     7346        3       32        0     7311      192       49        0      180        0      549      241     6100 2025 May  4 0000:00
  2681  2025.34018     8474       14      174      832      110     1130     7344        3       31        0     7310      190       35        0      178        0      549      258     6100 2025 May  5 0000:00
  2682  2025.34292     8474       14      174      833      110     1131     7343        3       31        0     7309      193       10        0      174        0      532      294     6106 2025 May  6 0000:00
  2683  2025.34565     8502       14      174      835      110     1133     7369        4       31        0     7334      189       37        0      172        0      521      301     6114 2025 May  7 0000:00
  2684  2025.34839     8502       14      174      836      111     1135     7367        4       30        0     7333      180       45        0      166        0      508      309     6125 2025 May  8 0000:00
  2685  2025.35113     8502       14      174      840      111     1139     7363        4       30        0     7329      171       40        0      169        0      517      307     6125 2025 May  9 0000:00
  2686  2025.35387     8556       14      174      840      111     1139     7417        4       30        0     7383      173       22        0      166        0      571      318     6133 2025 May 10 0000:00
  2687  2025.35661     8556       14      174      842      111     1141     7415        4       30        0     7381      175       15        0      166        0      565      313     6147 2025 May 11 0000:00
  2688  2025.35934     8556       14      174      842      111     1141     7415        4       30        0     7381      177       61        0      170        0      519      311     6143 2025 May 12 0000:00
  2689  2025.36208     8610       14      174      843      112     1143     7467        4       29        0     7434      178       31        0      162        0      597      308     6158 2025 May 13 0000:00
  2690  2025.36482     8638       14      174      846      112     1146     7492        4       29        0     7459      176       19        0      167        0      618      321     6158 2025 May 14 0000:00
  2691  2025.36756     8638       14      174      847      112     1147     7491        4       29        0     7458      177       59        0      165        0      550      334     6173 2025 May 15 0000:00
  2692  2025.37029     8664       14      174      849      112     1149     7515        4       29        0     7482      174       47        0      163        0      589      331     6178 2025 May 16 0000:00
  2693  2025.37303     8664       14      174      850      113     1151     7513        4       29        0     7480      179       39        0      181        0      564      356     6161 2025 May 17 0000:00
  2694  2025.37577     8664       14      175      851      114     1154     7510        3       28        0     7479      189       40        0      174        0      541      365     6170 2025 May 18 0000:00
  2695  2025.37851     8664       14      175      851      114     1154     7510        3       28        0     7479      197       33        0      165        0      532      344     6208 2025 May 19 0000:00
  2696  2025.38125     8664       14      175      851      114     1154     7510        3       28        0     7479      200        8        0      156        0      524      382     6209 2025 May 20 0000:00
  2697  2025.38398     8687       14      175      852      114     1155     7532        3       29        0     7500      200        7        0      168        0      540      403     6182 2025 May 21 0000:00
  2698  2025.38672     8687       14      175      853      114     1156     7531        3       29        0     7499      196        9        0      166        0      542      400     6186 2025 May 22 0000:00
  2699  2025.38946     8714       14      175      855      114     1158     7556        3       29        0     7524      186       32        0      160        0      553      393     6200 2025 May 23 0000:00
  2700  2025.39220     8737       14      175      857      114     1160     7577        3       29        0     7545      181       33        0      167        0      602      370     6192 2025 May 24 0000:00
  2701  2025.39493     8737       14      175      857      114     1160     7577        3       29        0     7545      179       32        0      158        0      606      359     6211 2025 May 25 0000:00
  2702  2025.39767     8737       14      175      858      114     1161     7576        3       29        0     7544      182       55        0      172        0      573      369     6193 2025 May 26 0000:00
  2703  2025.40041     8769       14      175      859      114     1162     7607        3       29        0     7575      179       38        0      155        0      602      375     6226 2025 May 27 0000:00
  2704  2025.40315     8796       22      175      861      114     1172     7624        3       29        0     7592      176       16        0      163        0      634      361     6242 2025 May 28 0000:00
  2705  2025.40589     8796       22      175      862      114     1173     7623        3       29        0     7591      175       16        0      158        0      612      405     6225 2025 May 29 0000:00
  2706  2025.40862     8796       22      175      864      114     1175     7621        3       29        0     7589      177       15        0      160        0      607      403     6227 2025 May 30 0000:00
  2707  2025.41136     8823       22      175      864      114     1175     7648        3       29        0     7616      184       49        0      187        0      571      419     6206 2025 May 31 0000:00
  2708  2025.41410     8823       22      175      867      114     1178     7645        3       29        0     7613      183       10        0      164        0      573      447     6236 2025 Jun  1 0000:00
  2709  2025.41684     8823       22      176      869      114     1181     7642        2       29        0     7611      189        9        0      166        0      547      459     6241 2025 Jun  2 0000:00
  2710  2025.41958     8846       22      176      870      114     1182     7664        2       29        0     7633      187       22        0      195        0      547      456     6226 2025 Jun  3 0000:00
  2711  2025.42231     8873       22      176      871      114     1183     7690        2       29        0     7659      187       21        0      171        0      542      467     6271 2025 Jun  4 0000:00
  2712  2025.42505     8873       22      176      874      114     1186     7687        2       29        0     7656      184       35        0      157        0      530      456     6294 2025 Jun  5 0000:00
  2713  2025.42779     8873       22      176      876      114     1188     7685        2       29        0     7654      175       47        0      158        0      508      462     6304 2025 Jun  6 0000:00
  2714  2025.43053     8873       22      176      879      114     1191     7682        2       29        0     7651      171       58        0      164        0      495      453     6310 2025 Jun  7 0000:00
  2715  2025.43326     8899       22      176      879      114     1191     7708        2       29        0     7677      169       26        0      157        0      535      451     6339 2025 Jun  8 0000:00
  2716  2025.43600     8899       22      176      880      114     1192     7707        2       29        0     7676      164        5        0      154        0      513      479     6361 2025 Jun  9 0000:00
  2717  2025.43874     8922       22      176      880      114     1192     7730        2       29        0     7699      165        9        0      169        0      537      451     6368 2025 Jun 10 0000:00
  2718  2025.44148     8922       22      176      882      114     1194     7728        2       29        0     7697      161       14        0      167        0      528      417     6410 2025 Jun 11 0000:00
  2719  2025.44422     8922       22      176      882      114     1194     7728        2       29        0     7697      160       22        0      162        0      517      399     6437 2025 Jun 12 0000:00
  2720  2025.44695     8971       22      176      882      114     1194     7777        2       29        0     7746      163       24        0      173        0      520      414     6452 2025 Jun 13 0000:00
  2721  2025.44969     8971       22      176      883      115     1196     7775        2       28        0     7745      171        9        0      174        0      497      417     6477 2025 Jun 14 0000:00
  2722  2025.45243     8971       22      176      886      115     1199     7772        2       28        0     7742      170       36        0      180        0      454      416     6486 2025 Jun 15 0000:00
  2723  2025.45517     8971       22      176      890      115     1203     7768        2       28        0     7738      163       62        0      180        0      438      379     6516 2025 Jun 16 0000:00
  2724  2025.45791     8997       22      176      892      116     1206     7791        2       28        0     7761      159       44        0      167        0      473      360     6558 2025 Jun 17 0000:00
  2725  2025.46064     9025       22      176      892      116     1206     7819        2       28        0     7789      158       28        0      159        0      510      340     6594 2025 Jun 18 0000:00
  2726  2025.46338     9025       22      176      893      116     1207     7818        2       28        0     7788      151       36        0      155        0      477      356     6613 2025 Jun 19 0000:00
  2727  2025.46612     9025       22      176      893      116     1207     7818        2       29        0     7787      148       45        0      149        0      458      360     6627 2025 Jun 20 0000:00
  2728  2025.46886     9025       22      176      893      117     1208     7817        2       28        0     7787      146       31        0      158        0      436      382     6634 2025 Jun 21 0000:00
  2729  2025.47159     9025       22      176      895      117     1210     7815        2       28        0     7785      144       19        0      154        0      424      383     6661 2025 Jun 22 0000:00
  2730  2025.47433     9052       22      176      895      117     1210     7842        2       28        0     7812      142        3        0      151        0      425      410     6681 2025 Jun 23 0000:00
  2731  2025.47707     9052       22      176      895      117     1210     7842        2       28        0     7812      140        7        0      142        0      425      389     6709 2025 Jun 24 0000:00
  2732  2025.47981     9079       22      176      896      117     1211     7868        2       28        0     7838      140        8        0      158        0      457      367     6708 2025 Jun 25 0000:00
  2733  2025.48255     9079       22      176      897      117     1212     7867        2       28        0     7837      145        9        0      138        0      439      357     6749 2025 Jun 26 0000:00
  2734  2025.48528     9079       22      176      899      117     1214     7865        2       28        0     7835      144        9        0      148        0      429      356     6749 2025 Jun 27 0000:00
  2735  2025.48802     9132       22      176      900      117     1215     7917        2       28        0     7887      150       35        0      144        0      450      343     6765 2025 Jun 28 0000:00
  2736  2025.49076     9132       22      176      902      117     1217     7915        2       28        0     7885      157        8        0      133        0      483      320     6784 2025 Jun 29 0000:00
  2737  2025.49350     9132       22      176      902      117     1217     7915        2       28        0     7885      159       35        0      136        0      457      311     6787 2025 Jun 30 0000:00
  2738  2025.49624     9132       22      176      903      117     1218     7914        2       28        0     7884      156       14        0      121        0      451      333     6809 2025 Jul  1 0000:00
  2739  2025.49897     9159       22      176      905      117     1220     7939        2       28        0     7909      159       13        0      125        0      428      373     6811 2025 Jul  2 0000:00
  2740  2025.50171     9159       22      176      905      117     1220     7939        2       28        0     7909      154       12        0      125        0      429      377     6812 2025 Jul  3 0000:00
  2741  2025.50445     9159       22      176      906      117     1221     7938        2       28        0     7908      157       36        0      113        0      413      366     6823 2025 Jul  4 0000:00
  2742  2025.50719     9159       22      176      906      117     1221     7938        2       28        0     7908      164       26        0      119        0      427      362     6810 2025 Jul  5 0000:00
  2743  2025.50992     9159       22      176      906      117     1221     7938        2       28        0     7908      163       14        0      118        0      421      382     6810 2025 Jul  6 0000:00
  2744  2025.51266     9159       22      176      908      117     1223     7936        2       28        0     7906      164        9        0      123        0      423      372     6815 2025 Jul  7 0000:00
  2745  2025.51540     9187       22      176      910      117     1225     7962        2       28        0     7932      159       10        0      120        0      444      358     6841 2025 Jul  8 0000:00
  2746  2025.51814     9187       22      176      910      117     1225     7962        2       28        0     7932      155        5        0      116        0      446      350     6860 2025 Jul  9 0000:00
  2747  2025.52088     9187       22      176      911      117     1226     7961        2       28        0     7931      151        6        0      108        0      457      328     6881 2025 Jul 10 0000:00
  2748  2025.52361     9187       22      176      912      117     1227     7960        2       28        0     7930      146       22        0      121        0      455      307     6879 2025 Jul 11 0000:00
  2749  2025.52635     9187       22      176      913      117     1228     7959        2       28        0     7929      144       15        0      112        0      438      311     6909 2025 Jul 12 0000:00
  2750  2025.52909     9187       22      176      913      117     1228     7959        2       28        0     7929      139        7        0      116        0      439      297     6931 2025 Jul 13 0000:00
  2751  2025.53183     9187       22      176      914      117     1229     7958        2       29        0     7927      143        7        0      114        0      424      295     6944 2025 Jul 14 0000:00
  2752  2025.53457     9187       22      176      914      117     1229     7958        2       29        0     7927      146       13        0      110        0      407      290     6961 2025 Jul 15 0000:00
  2753  2025.53730     9213       22      176      916      117     1231     7982        2       29        0     7951      153       11        0      106        0      426      272     6983 2025 Jul 16 0000:00
  2754  2025.54004     9213       22      176      916      117     1231     7982        2       29        0     7951      162       19        0      106        0      424      252     6988 2025 Jul 17 0000:00
  2755  2025.54278     9213       22      176      918      117     1233     7980        2       29        0     7949      160       37        0      103        0      403      237     7009 2025 Jul 18 0000:00
  2756  2025.54552     9237       22      176      919      117     1234     8003        2       29        0     7972      160       37        0      106        0      419      237     7013 2025 Jul 19 0000:00
  2757  2025.54825     9237       22      176      921      117     1236     8001        2       29        0     7970      159       16        0      112        0      443      224     7016 2025 Jul 20 0000:00
  2758  2025.55099     9237       22      176      922      117     1237     8000        2       29        0     7969      158       38        0      114        0      397      233     7029 2025 Jul 21 0000:00
  2759  2025.55373     9237       22      176      923      117     1238     7999        2       29        0     7968      155       11        0       98        0      386      269     7049 2025 Jul 22 0000:00
  2760  2025.55647     9237       22      176      924      117     1239     7998        2       29        0     7967      156       17        0      101        0      388      258     7047 2025 Jul 23 0000:00
  2761  2025.55921     9237       22      176      926      117     1241     7996        2       29        0     7965      159       16        0       93        0      380      258     7059 2025 Jul 24 0000:00
  2762  2025.56194     9237       22      176      926      117     1241     7996        2       29        0     7965      163       12        0       90        0      378      255     7067 2025 Jul 25 0000:00
  2763  2025.56468     9265       22      176      928      117     1243     8022        2       29        0     7991      160       14        0      100        0      404      250     7063 2025 Jul 26 0000:00
  2764  2025.56742     9289       22      176      929      117     1244     8045        2       29        0     8014      162       13        0       96        0      424      246     7073 2025 Jul 27 0000:00
  2765  2025.57016     9289       22      176      930      117     1245     8044        2       29        0     8013      164       16        0      106        0      423      225     7079 2025 Jul 28 0000:00
  2766  2025.57290     9289       22      176      930      118     1246     8043        2       28        0     8013      163       47        0       94        0      400      216     7093 2025 Jul 29 0000:00
  2767  2025.57563     9317       22      176      930      118     1246     8071        2       28        0     8041      163       18        0      100        0      446      234     7080 2025 Jul 30 0000:00
  2768  2025.57837     9336       22      176      933      118     1249     8087        2       28        0     8057      175       12        0       89        0      450      250     7081 2025 Jul 31 0000:00
  2769  2025.58111     9336       22      176      933      118     1249     8087        2       28        0     8057      176       23        0       85        0      423      257     7093 2025 Aug  1 0000:00
  2770  2025.58385     9336       22      176      933      118     1249     8087        2       28        0     8057      175       13        0       88        0      449      249     7083 2025 Aug  2 0000:00
  2771  2025.58658     9336       22      176      935      118     1251     8085        2       28        0     8055      176        7        0       92        0      433      255     7092 2025 Aug  3 0000:00
  2772  2025.58932     9364       22      176      935      118     1251     8113        2       28        0     8083      177       14        0       92        0      465      246     7089 2025 Aug  4 0000:00
  2773  2025.59206     9364       22      176      937      118     1253     8111        2       28        0     8081      174       17        0       92        0      470      241     7087 2025 Aug  5 0000:00
  2774  2025.59480     9364       22      176      937      118     1253     8111        2       28        0     8081      171       35        0       80        0      440      255     7100 2025 Aug  6 0000:00
  2775  2025.59754     9364       22      176      937      118     1253     8111        2       28        0     8081      169       34        0       83        0      447      236     7112 2025 Aug  7 0000:00
  2776  2025.60027     9364       22      176      940      118     1256     8108        2       29        0     8077      166       19        0       74        0      456      237     7125 2025 Aug  8 0000:00
  2777  2025.60301     9364       22      176      941      118     1257     8107        2       29        0     8076      163       13        0       81        0      449      251     7119 2025 Aug  9 0000:00
  2778  2025.60575     9364       22      176      942      118     1258     8106        2       29        0     8075      170       13        0       75        0      432      248     7137 2025 Aug 10 0000:00
  2779  2025.60849     9364       22      176      943      118     1259     8105        2       29        0     8074      163       10        0       83        0      449      226     7143 2025 Aug 11 0000:00
  2780  2025.61123     9364       22      176      946      118     1262     8102        2       29        0     8071      165       10        0       71        0      452      222     7151 2025 Aug 12 0000:00
  2781  2025.61396     9364       22      177      947      119     1265     8099        1       28        0     8070      172       11        0       62        0      459      203     7163 2025 Aug 13 0000:00
  2782  2025.61670     9416       22      177      947      119     1265     8151        1       28        0     8122      174       10        0       58        0      494      209     7177 2025 Aug 14 0000:00
  2783  2025.61944     9416       22      177      947      119     1265     8151        1       28        0     8122      168       11        0       70        0      496      205     7172 2025 Aug 15 0000:00
  2784  2025.62218     9416       22      178      949      119     1268     8148        0       28        0     8120      169       65        0       71        0      441      187     7187 2025 Aug 16 0000:00
  2785  2025.62491     9416       22      178      949      120     1269     8147        0       27        0     8120      171       62        0       71        0      444      173     7199 2025 Aug 17 0000:00
  2786  2025.62765     9440       22      178      949      120     1269     8171        0       27        0     8144      171       56        0       75        0      478      160     7204 2025 Aug 18 0000:00
  2787  2025.63039     9440       22      178      950      120     1270     8170        0       27        0     8143      166       35        0       62        0      468      182     7230 2025 Aug 19 0000:00
  2788  2025.63313     9440       22      178      952      120     1272     8168        0       27        0     8141      162       25        0       58        0      470      186     7240 2025 Aug 20 0000:00
  2789  2025.63587     9440       22      178      953      120     1273     8167        0       27        0     8140      165       25        0       57        0      428      211     7254 2025 Aug 21 0000:00
  2790  2025.63860     9464       22      178      955      120     1275     8189        0       27        0     8162      160       19        0       54        0      463      203     7263 2025 Aug 22 0000:00
  2791  2025.64134     9464       22      178      956      120     1276     8188        0       27        0     8161      159       12        0       49        0      472      180     7289 2025 Aug 23 0000:00
  2792  2025.64408     9464       22      178      958      120     1278     8186        0       27        0     8159      156       11        0       48        0      473      172     7299 2025 Aug 24 0000:00
  2793  2025.64682     9464       22      178      959      120     1279     8185        0       27        0     8158      161       34        0       51        0      438      171     7303 2025 Aug 25 0000:00
  2794  2025.64956     9472       22      178      959      120     1279     8193        0       27        0     8166      155       11        0       52        0      450      179     7319 2025 Aug 26 0000:00
  2795  2025.65229     9500       30      178      960      121     1289     8211        0       26        0     8185      168        8        0       58        0      462      184     7305 2025 Aug 27 0000:00
  2796  2025.65503     9528       30      178      960      121     1289     8239        0       26        0     8213      169        9        0       58        0      509      163     7305 2025 Aug 28 0000:00
  2797  2025.65777     9528       30      178      960      121     1289     8239        0       26        0     8213      181       36        0       51        0      466      161     7318 2025 Aug 29 0000:00
  2798  2025.66051     9552       30      178      961      121     1290     8262        0       26        0     8236      190       38        0       57        0      478      153     7320 2025 Aug 30 0000:00
  2799  2025.66324     9580       30      178      961      121     1290     8290        0       26        0     8264      194       59        0       57        0      477      137     7340 2025 Aug 31 0000:00
  2800  2025.66598     9580       30      178      964      121     1293     8287        0       26        0     8261      191       43        0       54        0      457      186     7330 2025 Sep  1 0000:00
  2801  2025.66872     9580       30      178      964      121     1293     8287        0       26        0     8261      195       45        0       57        0      416      222     7326 2025 Sep  2 0000:00
  2802  2025.67146     9632       30      178      964      121     1293     8339        0       26        0     8313      199       38        0       70        0      452      233     7321 2025 Sep  3 0000:00
  2803  2025.67420     9632       30      178      966      121     1295     8337        0       26        0     8311      199       31        0       58        0      429      262     7332 2025 Sep  4 0000:00
  2804  2025.67693     9660       30      178      966      121     1295     8365        0       26        0     8339      197       55        0       52        0      385      310     7340 2025 Sep  5 0000:00
  2805  2025.67967     9684       30      178      966      121     1295     8389        0       26        0     8363      194       49        0       60        0      416      317     7327 2025 Sep  6 0000:00
  2806  2025.68241     9684       30      178      968      121     1297     8387        0       26        0     8361      195       48        0       56        0      405      323     7334 2025 Sep  7 0000:00
  2807  2025.68515     9684       30      178      968      123     1299     8385        0       24        0     8361      195       53        0       53        0      383      337     7340 2025 Sep  8 0000:00
  2808  2025.68789     9684       30      178      970      123     1301     8383        0       24        0     8359      186       21        0       51        0      404      350     7347 2025 Sep  9 0000:00
  2809  2025.69062     9684       30      178      970      123     1301     8383        0       24        0     8359      186       13        0       53        0      402      355     7350 2025 Sep 10 0000:00
  2810  2025.69336     9684       30      178      973      124     1305     8379        0       23        0     8356      181       20        0       52        0      383      362     7358 2025 Sep 11 0000:00
  2811  2025.69610     9684       30      178      974      124     1306     8378        0       23        0     8355      175       10        0       73        0      394      325     7378 2025 Sep 12 0000:00
  2812  2025.69884     9708       30      178      974      124     1306     8402        0       23        0     8379      168       12        0       72        0      397      376     7354 2025 Sep 13 0000:00
  2813  2025.70157     9708       30      178      976      124     1308     8400        0       23        0     8377      167       10        0       60        0      385      387     7368 2025 Sep 14 0000:00
  2814  2025.70431     9708       30      178      977      124     1309     8399        0       23        0     8376      169        8        0       67        0      381      363     7388 2025 Sep 15 0000:00
  2815  2025.70705     9708       30      178      978      124     1310     8398        0       23        0     8375      174       23        0       75        0      363      388     7352 2025 Sep 16 0000:00
  2816  2025.70979     9708       30      178      981      124     1313     8395        0       23        0     8372      180       13        0       61        0      357      393     7368 2025 Sep 17 0000:00
  2817  2025.71253     9736       30      178      984      124     1316     8420        0       23        0     8397      177       11        0       79        0      383      378     7369 2025 Sep 18 0000:00
  2818  2025.71526     9760       30      178      985      124     1317     8443        0       23        0     8420      184       13        0       81        0      403      368     7371 2025 Sep 19 0000:00
  2819  2025.71800     9760       30      178      986      124     1318     8442        0       23        0     8419      189       49        0       84        0      366      355     7376 2025 Sep 20 0000:00
  2820  2025.72074     9788       30      178      986      124     1318     8470        0       23        0     8447      190       48        0       74        0      395      351     7389 2025 Sep 21 0000:00
  2821  2025.72348     9788       30      178      986      124     1318     8470        0       23        0     8447      189       20        0       75        0      375      386     7402 2025 Sep 22 0000:00
  2822  2025.72621     9788       30      178      990      124     1322     8466        0       23        0     8443      188       48        0       78        0      347      393     7389 2025 Sep 23 0000:00
  2823  2025.72895     9788       30      178      991      124     1323     8465        0       23        0     8442      190       40        0       84        0      344      382     7402 2025 Sep 24 0000:00
  2824  2025.73169     9816       30      178      994      125     1327     8489        0       22        0     8467      192       33        0       76        0      384      366     7416 2025 Sep 25 0000:00
  2825  2025.73443     9840       30      178      994      125     1327     8513        0       22        0     8491      199       17        0       86        0      437      338     7414 2025 Sep 26 0000:00
  2826  2025.73717     9840       30      178      997      125     1330     8510        0       22        0     8488      200       58        0       86        0      362      336     7446 2025 Sep 27 0000:00
  2827  2025.73990     9840       30      178      997      125     1330     8510        0       22        0     8488      201       66        0       83        0      368      346     7424 2025 Sep 28 0000:00
  2828  2025.74264     9868       30      178      997      125     1330     8538        0       22        0     8516      204       45        0       92        0      387      369     7419 2025 Sep 29 0000:00
  2829  2025.74538     9868       30      178      998      125     1331     8537        0       22        0     8515      202       32        0      113        0      377      389     7402 2025 Sep 30 0000:00
  2830  2025.74812     9868       30      178      999      125     1332     8536        0       22        0     8514      207       44        0      107        0      342      394     7420 2025 Oct  1 0000:00
  2831  2025.75086     9868       30      178     1000      125     1333     8535        0       22        0     8513      209       36        0      120        0      334      394     7420 2025 Oct  2 0000:00
  2832  2025.75359     9896       30      178     1001      125     1334     8562        0       22        0     8540      215       24        0      109        0      369      376     7447 2025 Oct  3 0000:00
  2833  2025.75633     9896       30      178     1005      125     1338     8558        0       22        0     8536      211        8        0       99        0      383      362     7473 2025 Oct  4 0000:00
  2834  2025.75907     9896       30      178     1010      125     1343     8553        0       22        0     8531      209       36        0      100        0      362      352     7472 2025 Oct  5 0000:00
  2835  2025.76181     9896       30      178     1011      125     1344     8552        0       22        0     8530      204       36        0      110        0      374      338     7468 2025 Oct  6 0000:00
  2836  2025.76454     9924       30      178     1018      125     1351     8573        0       22        0     8551      192       28        0      115        0      446      306     7464 2025 Oct  7 0000:00
  2837  2025.76728     9952       30      178     1020      125     1353     8599        0       22        0     8577      191        5        0      121        0      490      276     7494 2025 Oct  8 0000:00
  2838  2025.77002     9952       30      178     1022      125     1355     8597        0       22        0     8575      191       34        0      126        0      468      284     7472 2025 Oct  9 0000:00
  2839  2025.77276     9952       30      178     1023      125     1356     8596        0       22        0     8574      188       44        0      124        0      471      270     7477 2025 Oct 10 0000:00
  2840  2025.77550     9952       30      178     1024      125     1357     8595        0       22        0     8573      195       46        0      127        0      465      272     7468 2025 Oct 11 0000:00
  2841  2025.77823     9952       30      178     1025      125     1358     8594        0       22        0     8572      194       20        0      124        0      440      316     7478 2025 Oct 12 0000:00
  2842  2025.78097     9960       38      178     1025      125     1366     8594        0       22        0     8572      206        8        0      116        0      459      314     7469 2025 Oct 13 0000:00
  2843  2025.78371     9960       38      178     1025      125     1366     8594        0       22        0     8572      208        5        0      127        0      442      324     7466 2025 Oct 14 0000:00
  2844  2025.78645     9960       38      178     1027      125     1368     8592        0       22        0     8570      212        9        0      122        0      429      325     7473 2025 Oct 15 0000:00
  2845  2025.78919     9988       38      178     1027      125     1368     8620        0       22        0     8598      214        9        0      123        0      455      325     7472 2025 Oct 16 0000:00
  2846  2025.79192     9988       38      178     1028      125     1369     8619        0       23        0     8596      216        8        0      117        0      457      315     7483 2025 Oct 17 0000:00
  2847  2025.79466     9988       38      178     1030      125     1371     8617        0       23        0     8594      212       37        0      125        0      451      289     7480 2025 Oct 18 0000:00
  2848  2025.79740    10044       38      178     1030      125     1371     8673        0       23        0     8650      215       36        0      124        0      517      266     7492 2025 Oct 19 0000:00
  2849  2025.80014    10044       38      178     1032      125     1373     8671        0       23        0     8648      227       25        0      122        0      510      261     7503 2025 Oct 20 0000:00
  2850  2025.80287    10044       38      178     1033      125     1374     8670        0       23        0     8647      230       63        0      135        0      469      235     7515 2025 Oct 21 0000:00
  2851  2025.80561    10072       38      178     1033      125     1374     8698        0       23        0     8675      256       66        0       96        0      491      238     7528 2025 Oct 22 0000:00
  2852  2025.80835    10072       38      178     1035      125     1376     8696        0       23        0     8673      259       44        0      107        0      514      215     7534 2025 Oct 23 0000:00
  2853  2025.81109    10072       38      178     1035      125     1376     8696        0       23        0     8673      263       45        0       81        0      484      249     7551 2025 Oct 24 0000:00
  2854  2025.81383    10100       38      178     1035      125     1376     8724        0       23        0     8701      257       29        0       81        0      507      254     7573 2025 Oct 25 0000:00
  2855  2025.81656    10128       38      178     1036      126     1378     8750        0       22        0     8728      262       23        0       79        0      547      238     7579 2025 Oct 26 0000:00
  2856  2025.81930    10128       38      178     1036      126     1378     8750        0       22        0     8728      265       33        0       80        0      497      248     7605 2025 Oct 27 0000:00
  2857  2025.82204    10156       38      178     1036      126     1378     8778        0       22        0     8756      259       32        0       81        0      522      256     7606 2025 Oct 28 0000:00
  2858  2025.82478    10185       38      178     1037      126     1379     8806        0       22        0     8784      257       32        0       69        0      524      279     7623 2025 Oct 29 0000:00
  2859  2025.82752    10185       38      178     1039      127     1382     8803        0       21        0     8782      255       19        0       72        0      494      312     7630 2025 Oct 30 0000:00
  2860  2025.83025    10213       38      178     1040      127     1383     8830        0       21        0     8809      256       43        0       75        0      485      314     7636 2025 Oct 31 0000:00
  2861  2025.83299    10213       38      178     1040      127     1383     8830        0       21        0     8809      259       27        0       66        0      455      342     7660 2025 Nov  1 0000:00
  2862  2025.83573    10213       38      178     1042      127     1385     8828        0       21        0     8807      264       48        0       66        0      417      345     7667 2025 Nov  2 0000:00
  2863  2025.83847    10213       38      178     1043      127     1386     8827        0       21        0     8806      256       34        0       71        0      427      340     7678 2025 Nov  3 0000:00
  2864  2025.84120    10213       38      178     1043      127     1386     8827        0       21        0     8806      258       29        0       92        0      414      342     7671 2025 Nov  4 0000:00
  2865  2025.84394    10213       38      178     1044      127     1387     8826        0       21        0     8805      258       12        0       93        0      413      354     7675 2025 Nov  5 0000:00
  2866  2025.84668    10270       38      178     1044      127     1387     8883        0       21        0     8862      255        7        0       74        0      466      365     7695 2025 Nov  6 0000:00
  2867  2025.84942    10270       38      178     1044      127     1387     8883        0       21        0     8862      260        3        0      330        0      472      345     7452 2025 Nov  7 0000:00
  2868  2025.85216    10270       38      178     1045      127     1388     8882        0       21        0     8861      260       33        0       73        0      475      287     7733 2025 Nov  8 0000:00
  2869  2025.85489    10299       38      178     1046      127     1389     8910        0       21        0     8889      261       44        0       72        0      461      282     7769 2025 Nov  9 0000:00
  2870  2025.85763    10299       38      178     1048      127     1391     8908        0       21        0     8887      256       49        0       79        0      409      317     7777 2025 Nov 10 0000:00
  2871  2025.86037    10328       38      178     1049      127     1392     8936        0       21        0     8915      260       61        0       68        0      414      323     7789 2025 Nov 11 0000:00
  2872  2025.86311    10328       38      178     1050      128     1394     8934        0       20        0     8914      261       33        0       76        0      406      293     7845 2025 Nov 12 0000:00
  2873  2025.86585    10328       38      178     1051      128     1395     8933        0       20        0     8913      271       39        0       81        0      375      339     7808 2025 Nov 13 0000:00
  2874  2025.86858    10328       38      178     1051      128     1395     8933        0       21        0     8912      270       18        0       83        0      402      312     7827 2025 Nov 14 0000:00
  2875  2025.87132    10386       38      178     1053      128     1397     8989        0       21        0     8968      264       14        0       59        0      407      372     7852 2025 Nov 15 0000:00
  2876  2025.87406    10386       38      178     1055      128     1399     8987        0       21        0     8966      254       10        0       58        0      392      390     7862 2025 Nov 16 0000:00
  2877  2025.87680    10386       38      178     1055      128     1399     8987        0       21        0     8966      255       62        0       64        0      325      388     7872 2025 Nov 17 0000:00
  2878  2025.87953    10386       38      178     1055      129     1400     8986        0       20        0     8966      237       61        0       64        0      356      356     7892 2025 Nov 18 0000:00
  2879  2025.88227    10415       38      178     1056      129     1401     9014        0       20        0     8994      240       58        0       61        0      391      337     7907 2025 Nov 19 0000:00
  2880  2025.88501    10415       38      178     1059      129     1404     9011        0       20        0     8991      256       54        0       59        0      373      330     7919 2025 Nov 20 0000:00
  2881  2025.88775    10444       38      178     1059      129     1404     9040        0       20        0     9020      258       45        0       56        0      389      348     7924 2025 Nov 21 0000:00
  2882  2025.89049    10473       38      178     1059      129     1404     9069        0       20        0     9049      260       25        0       56        0      406      363     7939 2025 Nov 22 0000:00
  2883  2025.89322    10501       38      178     1061      129     1406     9095        0       20        0     9075      248       34        0       53        0      411      365     7964 2025 Nov 23 0000:00
  2884  2025.89596    10501       38      178     1062      130     1408     9093        0       19        0     9074      251       55        0       54        0      364      375     7975 2025 Nov 24 0000:00
  2885  2025.89870    10501       38      178     1062      130     1408     9093        0       19        0     9074      251       59        0       50        0      342      383     7989 2025 Nov 25 0000:00
  2886  2025.90144    10501       38      178     1063      130     1409     9092        0       19        0     9073      254       32        0       55        0      362      374     7996 2025 Nov 26 0000:00
  2887  2025.90418    10501       38      178     1063      130     1409     9092        0       19        0     9073      257       30        0       59        0      363      362     8002 2025 Nov 27 0000:00
  2888  2025.90691    10501       38      178     1067      130     1413     9088        0       19        0     9069      259        9        0       65        0      350      373     8013 2025 Nov 28 0000:00
  2889  2025.90965    10501       38      178     1067      131     1414     9087        0       18        0     9069      258       13        0       60        0      350      360     8028 2025 Nov 29 0000:00
  2890  2025.91239    10501       38      178     1067      131     1414     9087        0       18        0     9069      257        6        0       55        0      358      347     8046 2025 Nov 30 0000:00
  2891  2025.91513    10530       38      178     1067      131     1414     9116        0       18        0     9098      256        7        0       54        0      390      336     8055 2025 Dec  1 0000:00
  2892  2025.91786    10586       38      178     1068      132     1416     9170        0       17        0     9153      257        2        0       58        0      443      309     8084 2025 Dec  2 0000:00
  2893  2025.92060    10586       38      178     1070      132     1418     9168        0       17        0     9151      254       35        0       56        0      433      296     8077 2025 Dec  3 0000:00
  2894  2025.92334    10614       38      178     1071      132     1419     9195        0       18        0     9177      257       52        0       58        0      438      293     8079 2025 Dec  4 0000:00
  2895  2025.92608    10614       38      178     1071      132     1419     9195        0       18        0     9177      260       45        0       76        0      447      289     8060 2025 Dec  5 0000:00
  2896  2025.92882    10614       38      178     1073      132     1421     9193        0       18        0     9175      256       26        0       59        0      432      329     8073 2025 Dec  6 0000:00
  2897  2025.93155    10642       38      178     1074      133     1423     9219        0       17        0     9202      250       16        0       66        0      437      367     8066 2025 Dec  7 0000:00
  2898  2025.93429    10671       38      178     1075      133     1424     9247        0       17        0     9230      251       17        0       59        0      455      381     8067 2025 Dec  8 0000:00
  2899  2025.93703    10671       38      178     1076      133     1425     9246        0       17        0     9229      252       20        0       58        0      438      401     8060 2025 Dec  9 0000:00
  2900  2025.93977    10698       38      178     1076      133     1425     9273        0       17        0     9256      260       45        0       54        0      389      430     8078 2025 Dec 10 0000:00
  2901  2025.94251    10727       38      178     1077      133     1426     9301        0       17        0     9284      273       34        0       57        0      404      431     8085 2025 Dec 11 0000:00
  2902  2025.94524    10727       38      178     1079      133     1428     9299        0       17        0     9282      274       69        0       61        0      388      400     8090 2025 Dec 12 0000:00
  2903  2025.94798    10727       38      178     1079      134     1429     9298        0       16        0     9282      288       74        0       55        0      349      419     8097 2025 Dec 13 0000:00
  2904  2025.95072    10754       38      178     1081      134     1431     9323        0       16        0     9307      289       73        0       57        0      394      400     8094 2025 Dec 14 0000:00
  2905  2025.95346    10783       38      178     1082      134     1432     9351        0       16        0     9335      283       51        0       57        0      470      382     8092 2025 Dec 15 0000:00
  2906  2025.95619    10783       38      178     1082      134     1432     9351        0       16        0     9335      281       40        0       59        0      496      363     8096 2025 Dec 16 0000:00
  2907  2025.95893    10839       38      178     1082      134     1432     9407        0       16        0     9391      280       40        0       59        0      517      398     8097 2025 Dec 17 0000:00
  2908  2025.96167    10839       38      178     1082      134     1432     9407        0       16        0     9391      281       55        0       54        0      489      410     8102 2025 Dec 18 0000:00
  2909  2025.96441    10839       38      178     1083      134     1433     9406        0       17        0     9389      278       90        0       60        0      438      421     8102 2025 Dec 19 0000:00
  2910  2025.96715    10839       38      178     1083      134     1433     9406        0       17        0     9389      273       85        0       57        0      443      423     8108 2025 Dec 20 0000:00
  2911  2025.96988    10839       38      178     1085      134     1435     9404        0       17        0     9387      276       78        0       62        0      430      438     8103 2025 Dec 21 0000:00
  2912  2025.97262    10839       38      178     1085      134     1435     9404        0       17        0     9387      280       76        0       64        0      446      420     8101 2025 Dec 22 0000:00
  2913  2025.97536    10839       38      178     1086      134     1436     9403        0       17        0     9386      286       40        0       53        0      472      422     8113 2025 Dec 23 0000:00
  2914  2025.97810    10839       38      178     1086      134     1436     9403        0       17        0     9386      290       31        0       54        0      463      434     8114 2025 Dec 24 0000:00
  2915  2025.98084    10839       38      178     1087      134     1437     9402        0       17        0     9385      296       31        0       57        0      487      408     8106 2025 Dec 25 0000:00
  2916  2025.98357    10839       38      178     1090      134     1440     9399        0       17        0     9382      303       33        0       52        0      475      398     8121 2025 Dec 26 0000:00
  2917  2025.98631    10839       38      178     1092      134     1442     9397        0       17        0     9380      303       23        0       55        0      483      399     8117 2025 Dec 27 0000:00
  2918  2025.98905    10839       38      178     1092      134     1442     9397        0       17        0     9380      300       21        0       60        0      485      400     8114 2025 Dec 28 0000:00
  2919  2025.99179    10839       38      178     1093      134     1443     9396        0       17        0     9379      303       17        0       49        0      493      383     8134 2025 Dec 29 0000:00
  2920  2025.99452    10839       38      178     1093      134     1443     9396        0       17        0     9379      307       18        0       54        0      469      383     8148 2025 Dec 30 0000:00
  2921  2025.99726    10839       38      178     1094      135     1445     9394        0       16        0     9378      307       23        0       49        0      498      334     8167 2025 Dec 31 0000:00
  2922  2026.00000    10839       38      178     1098      135     1449     9390        0       16        0     9374      309       17        0       52        0      497      332     8167 2026 Jan  1 0000:00
  2923  2026.00274    10839       38      178     1098      135     1449     9390        0       16        0     9374      310       27        0       62        0      474      337     8164 2026 Jan  2 0000:00
  2924  2026.00548    10839       38      178     1099      135     1450     9389        0       16        0     9373      314       22        0       59        0      503      295     8180 2026 Jan  3 0000:00
  2925  2026.00821    10868       38      178     1100      135     1451     9417        0       16        0     9401      314       33        0       73        0      507      301     8173 2026 Jan  4 0000:00
  2926  2026.01095    10868       38      178     1101      135     1452     9416        0       17        0     9399      316       24        0       93        0      485      312     8169 2026 Jan  5 0000:00
  2927  2026.01369    10868       38      178     1102      135     1453     9415        0       17        0     9398      314       51        0       95        0      452      306     8180 2026 Jan  6 0000:00
  2928  2026.01643    10868       38      178     1102      136     1454     9414        0       16        0     9398      307       64        0       98        0      459      273     8197 2026 Jan  7 0000:00
  2929  2026.01916    10868       38      178     1102      136     1454     9414        0       16        0     9398      309       53        0       99        0      478      244     8215 2026 Jan  8 0000:00
  2930  2026.02190    10897       38      178     1102      136     1454     9443        0       16        0     9427      315       35        0      105        0      502      240     8230 2026 Jan  9 0000:00
  2931  2026.02464    10897       38      178     1103      136     1455     9442        0       16        0     9426      317       15        0      106        0      519      219     8250 2026 Jan 10 0000:00
  2932  2026.02738    10897       38      178     1103      136     1455     9442        0       16        0     9426      316       49        0      121        0      473      223     8244 2026 Jan 11 0000:00
  2933  2026.03012    10926       38      178     1103      136     1455     9471        0       16        0     9455      328       16        0      188        0      469      250     8204 2026 Jan 12 0000:00
  2934  2026.03285    10926       38      178     1104      136     1456     9470        0       16        0     9454      332       21        0      143        0      478      202     8278 2026 Jan 13 0000:00
  2935  2026.03559    10955       38      178     1107      136     1459     9496        0       16        0     9480      326       45        0      141        0      474      195     8299 2026 Jan 14 0000:00
  2936  2026.03833    10955       38      178     1108      136     1460     9495        0       16        0     9479      318       46        0      157        0      489      177     8292 2026 Jan 15 0000:00
  2937  2026.04107    10955       38      178     1111      136     1463     9492        0       16        0     9476      314       58        0      159        0      476      166     8303 2026 Jan 16 0000:00
  2938  2026.04381    10955       38      178     1111      136     1463     9492        0       16        0     9476      317       30        0      166        0      477      182     8304 2026 Jan 17 0000:00
  2939  2026.04654    10984       38      178     1111      137     1464     9520        0       15        0     9505      320       26        0      177        0      487      182     8313 2026 Jan 18 0000:00
  2940  2026.04928    10984       38      178     1111      137     1464     9520        0       15        0     9505      322       20        0      174        0      469      193     8327 2026 Jan 19 0000:00
  2941  2026.05202    10984       38      178     1112      137     1465     9519        0       15        0     9504      321       47        0      186        0      421      202     8327 2026 Jan 20 0000:00
  2942  2026.05476    10984       38      178     1112      137     1465     9519        0       15        0     9504      336       46        0      215        0      400      201     8306 2026 Jan 21 0000:00
  2943  2026.05749    11009       38      178     1112      137     1465     9544        0       15        0     9529      336       46        0      211        0      426      186     8324 2026 Jan 22 0000:00
  2944  2026.06023    11009       38      178     1112      137     1465     9544        0       15        0     9529      328       39        0      204        0      430      186     8342 2026 Jan 23 0000:00
  2945  2026.06297    11009       38      178     1114      137     1467     9542        0       15        0     9527      334       76        0      219        0      393      169     8336 2026 Jan 24 0000:00
  2946  2026.06571    11034       38      178     1114      137     1467     9567        0       15        0     9552      339       53        0      213        0      405      186     8356 2026 Jan 25 0000:00
  2947  2026.06845    11034       38      178     1114      137     1467     9567        0       15        0     9552      343       27        0      220        0      412      195     8355 2026 Jan 26 0000:00
  2948  2026.07118    11034       38      178     1115      137     1468     9566        0       15        0     9551      346       47        0      211        0      351      224     8372 2026 Jan 27 0000:00
  2949  2026.07392    11034       38      178     1115      137     1468     9566        0       15        0     9551      358       46        0      222        0      349      178     8398 2026 Jan 28 0000:00
  2950  2026.07666    11059       38      178     1119      137     1472     9587        0       15        0     9572      356       44        0      229        0      356      221     8366 2026 Jan 29 0000:00
  2951  2026.07940    11088       38      178     1122      137     1475     9613        0       15        0     9598      355       27        0      214        0      383      228     8391 2026 Jan 30 0000:00
  2952  2026.08214    11088       38      178     1125      137     1478     9610        0       15        0     9595      349       79        0      221        0      322      228     8396 2026 Jan 31 0000:00
  2953  2026.08487    11088       38      178     1125      137     1478     9610        0       15        0     9595      345       76        0      205        0      322      226     8421 2026 Feb  1 0000:00
  2954  2026.08761    11113       38      178     1127      137     1480     9633        0       15        0     9618      341       62        0      199        0      355      224     8437 2026 Feb  2 0000:00
  2955  2026.09035    11113       38      178     1131      137     1484     9629        0       15        0     9614      331       41        0      197        0      354      233     8458 2026 Feb  3 0000:00
  2956  2026.09309    11113       38      178     1132      137     1485     9628        0       15        0     9613      335       42        0      188        0      323      245     8480 2026 Feb  4 0000:00
  2957  2026.09582    11113       38      178     1132      137     1485     9628        0       15        0     9613      336       39        0      193        0      304      265     8476 2026 Feb  5 0000:00
  2958  2026.09856    11113       38      178     1134      137     1487     9626        0       15        0     9611      339       28        0      225        0      289      281     8449 2026 Feb  6 0000:00
  2959  2026.10130    11138       38      178     1134      137     1487     9651        0       15        0     9636      340       16        0      207        0      321      277     8475 2026 Feb  7 0000:00
  2960  2026.10404    11138       38      178     1141      137     1494     9644        0       15        0     9629      332       16        0      219        0      307      293     8462 2026 Feb  8 0000:00
  2961  2026.10678    11138       38      178     1144      137     1497     9641        0       15        0     9626      324       17        0      200        0      279      315     8491 2026 Feb  9 0000:00
  2962  2026.10951    11138       38      178     1144      137     1497     9641        0       15        0     9626      319       25        0      210        0      266      304     8502 2026 Feb 10 0000:00
  2963  2026.11225    11162       38      178     1145      137     1498     9664        0       15        0     9649      314       23        0      210        0      281      302     8519 2026 Feb 11 0000:00
  2964  2026.11499    11162       38      178     1146      137     1499     9663        0       15        0     9648      311       15        0      210        0      296      277     8539 2026 Feb 12 0000:00
  2965  2026.11773    11162       38      178     1152      137     1505     9657        0       15        0     9642      302       40        0      207        0      240      292     8561 2026 Feb 13 0000:00
  2966  2026.12047    11162       38      178     1155      137     1508     9654        0       15        0     9639      297       37        0      206        0      240      285     8574 2026 Feb 14 0000:00
  2967  2026.12320    11186       38      178     1158      137     1511     9675        0       15        0     9660      296       30        0      196        0      273      259     8606 2026 Feb 15 0000:00
  2968  2026.12594    11215       38      178     1160      137     1513     9702        0       15        0     9687      297       17        0      287        0      326      219     8541 2026 Feb 16 0000:00
  2969  2026.12868    11215       38      178     1162      137     1515     9700        0       15        0     9685      295       28        0      295        0      304      210     8553 2026 Feb 17 0000:00
  2970  2026.13142    11215       38      178     1164      137     1517     9698        0       15        0     9683      293       50        0      317        0      281      188     8554 2026 Feb 18 0000:00
  2971  2026.13415    11215       38      178     1165      137     1518     9697        0       15        0     9682      300       38        0      331        0      263      200     8550 2026 Feb 19 0000:00
  2972  2026.13689    11244       38      178     1167      137     1520     9724        0       15        0     9709      298       22        0      361        0      307      190     8531 2026 Feb 20 0000:00
  2973  2026.13963    11269       38      178     1169      137     1522     9747        0       15        0     9732      292       20        0      401        0      337      189     8493 2026 Feb 21 0000:00
  2974  2026.14237    11297       38      178     1169      137     1522     9775        1       15        0     9759      291       29        0      453        0      362      187     8437 2026 Feb 22 0000:00
  2975  2026.14511    11297       38      178     1171      137     1524     9773        1       15        0     9757      287       60        0      468        0      311      204     8427 2026 Feb 23 0000:00
  2976  2026.14784    11326       38      178     1172      137     1525     9801        1       16        0     9784      287       80        0      520        0      306      208     8383 2026 Feb 24 0000:00
  2977  2026.15058    11351       38      178     1176      137     1529     9822        1       16        0     9805      283       75        0      531        0      341      206     8369 2026 Feb 25 0000:00
  2978  2026.15332    11351       38      178     1178      137     1531     9820        1       16        0     9803      278       95        0      548        0      310      225     8347 2026 Feb 26 0000:00
  2979  2026.15606    11380       38      178     1178      137     1531     9849        1       16        0     9832      280      118        0      573        0      314      225     8322 2026 Feb 27 0000:00
  2980  2026.15880    11380       38      178     1178      137     1531     9849        1       16        0     9832      286      113        0      607        0      305      237     8284 2026 Feb 28 0000:00
  2981  2026.16153    11405       38      178     1179      137     1532     9873        1       16        0     9856      298      141        0      659        0      299      228     8231 2026 Mar  1 0000:00
  2982  2026.16427    11434       38      178     1180      137     1533     9901        1       16        0     9884      298      114        0      717        0      349      235     8171 2026 Mar  2 0000:00
  2983  2026.16701    11434       38      178     1181      137     1534     9900        1       16        0     9883      309      121        0      741        0      320      251     8141 2026 Mar  3 0000:00
  2984  2026.16975    11463       38      178     1185      137     1538     9925        1       16        0     9908      310      112        0      760        0      336      268     8122 2026 Mar  4 0000:00
  2985  2026.17248    11463       38      178     1188      139     1543     9920        1       14        0     9905      312      119        0      779        0      309      282     8104 2026 Mar  5 0000:00
  2986  2026.17522    11463       38      178     1188      139     1543     9920        1       14        0     9905      318      144        0      801        0      259      299     8084 2026 Mar  6 0000:00
  2987  2026.17796    11463       38      178     1190      139     1545     9918        1       14        0     9903      318      148        0      813        0      278      268     8078 2026 Mar  7 0000:00
  2988  2026.18070    11488       38      178     1193      139     1548     9940        1       14        0     9925      317      118        0      841        0      322      272     8055 2026 Mar  8 0000:00
  2989  2026.18344    11488       38      178     1193      139     1548     9940        1       14        0     9925      317      110        0      865        0      305      303     8025 2026 Mar  9 0000:00
  2990  2026.18617    11488       38      178     1193      139     1548     9940        1       14        0     9925      314      130        0      877        0      280      314     8010 2026 Mar 10 0000:00
  2991  2026.18891    11488       38      178     1193      139     1548     9940        1       14        0     9925      316      126        0      896        0      278      322     7987 2026 Mar 11 0000:00
  2992  2026.19165    11488       38      178     1193      139     1548     9940        1       14        0     9925      315      120        0      924        0      247      345     7974 2026 Mar 12 0000:00
  2993  2026.19439    11513       38      178     1193      139     1548     9965        1       14        0     9950      317      105        0      942        0      272      355     7959 2026 Mar 13 0000:00
  2994  2026.19713    11542       38      178     1195      139     1550     9992        2       14        0     9976      313       97        0      963        0      306      347     7950 2026 Mar 14 0000:00
  2995  2026.19986    11542       38      178     1195      139     1550     9992        2       14        0     9976      312      127        0     1004        0      301      328     7904 2026 Mar 15 0000:00
  2996  2026.20260    11542       38      178     1195      139     1550     9992        2       14        0     9976      312      162        0      946        0      274      334     7948 2026 Mar 16 0000:00
  2997  2026.20534    11596       38      178     1198      139     1553    10043        3       14        0    10026      309      175        0      945        0      332      331     7934 2026 Mar 17 0000:00
  2998  2026.20808    11596       38      178     1201      139     1556    10040        3       14        0    10023      303      181        0      945        0      340      328     7926 2026 Mar 18 0000:00
  2999  2026.21081    11625       38      178     1201      139     1556    10069        3       14        0    10052      302      180        0      915        0      379      324     7952 2026 Mar 19 0000:00
  3000  2026.21355    11650       38      178     1202      139     1557    10093        3       14        0    10076      298      154        0      875        0      373      387     7989 2026 Mar 20 0000:00
  3001  2026.21629    11650       38      178     1202      139     1557    10093        3       14        0    10076      292      154        0      844        0      346      409     8031 2026 Mar 21 0000:00
  3002  2026.21903    11679       38      178     1203      140     1559    10120        3       13        0    10104      292      183        0      817        0      321      422     8069 2026 Mar 22 0000:00
  3003  2026.22177    11679       38      178     1206      140     1562    10117        3       13        0    10101      290      198        0      756        0      327      402     8128 2026 Mar 23 0000:00
  3004  2026.22450    11679       38      178     1207      140     1563    10116        3       13        0    10100      292      215        0      742        0      303      409     8139 2026 Mar 24 0000:00
  3005  2026.22724    11679       38      178     1209      140     1565    10114        3       13        0    10098      290      199        0      678        0      320      401     8210 2026 Mar 25 0000:00
  3006  2026.22998    11704       38      178     1211      140     1567    10137        3       13        0    10121      294      165        0      633        0      364      403     8262 2026 Mar 26 0000:00
  3007  2026.23272    11704       38      178     1213      140     1569    10135        3       13        0    10119      295      136        0      572        0      366      411     8339 2026 Mar 27 0000:00
  3008  2026.23546    11704       38      178     1215      140     1571    10133        3       13        0    10117      293      122        0      540        0      388      390     8384 2026 Mar 28 0000:00
  3009  2026.23819    11704       38      178     1215      140     1571    10133        3       14        0    10116      295      144        0      495        0      364      370     8448 2026 Mar 29 0000:00
  3010  2026.24093    11733       38      178     1216      140     1572    10161        3       14        0    10144      298      137        0      459        0      383      371     8496 2026 Mar 30 0000:00
  3011  2026.24367    11733       38      178     1218      140     1574    10159        3       14        0    10142      298      105        0      401        0      399      362     8577 2026 Mar 31 0000:00
  3012  2026.24641    11733       38      178     1222      140     1578    10155        3       15        0    10137      296      118        0      357        0      376      355     8635 2026 Apr  1 0000:00
  3013  2026.24914    11762       38      178     1225      141     1582    10180        3       14        0    10163      298      126        0      313        0      429      311     8686 2026 Apr  2 0000:00
  3014  2026.25188    11762       38      178     1227      141     1584    10178        3       14        0    10161      294      133        0      307        0      467      279     8681 2026 Apr  3 0000:00
  3015  2026.25462    11762       38      178     1229      141     1586    10176        3       14        0    10159      296      155        0      326        0      436      269     8677 2026 Apr  4 0000:00
  3016  2026.25736    11762       38      178     1231      141     1588    10174        3       14        0    10157      299      173        0      276        0      416      259     8734 2026 Apr  5 0000:00
  3017  2026.26010    11762       38      178     1233      141     1590    10172        3       15        0    10154      300      182        0      252        0      431      234     8755 2026 Apr  6 0000:00
  3018  2026.26283    11787       38      178     1236      141     1593    10194        3       15        0    10176      297      174        0      241        0      467      223     8774 2026 Apr  7 0000:00
  3019  2026.26557    11787       38      178     1236      141     1593    10194        3       15        0    10176      296      188        0      229        0      443      244     8776 2026 Apr  8 0000:00
  3020  2026.26831    11787       38      178     1238      141     1595    10192        3       15        0    10174      290      222        0      240        0      424      244     8754 2026 Apr  9 0000:00
  3021  2026.27105    11787       38      178     1241      141     1598    10189        3       15        0    10171      288      259        0      226        0      411      252     8735 2026 Apr 10 0000:00
  3022  2026.27379    11812       38      179     1244      141     1602    10210        2       15        0    10193      281      301        0      234        0      446      243     8688 2026 Apr 11 0000:00
  3023  2026.27652    11812       38      179     1244      141     1602    10210        2       15        0    10193      272      328        0      220        0      455      255     8663 2026 Apr 12 0000:00
  3024  2026.27926    11812       38      179     1244      141     1602    10210        2       15        0    10193      264      388        0      175        0      460      252     8654 2026 Apr 13 0000:00
  3025  2026.28200    11841       38      179     1246      141     1604    10237        2       15        0    10220      256      378        0      178        0      512      256     8640 2026 Apr 14 0000:00
  3026  2026.28474    11866       38      180     1248      141     1607    10259        1       15        0    10243      253      324        0      169        0      593      267     8637 2026 Apr 15 0000:00
  3027  2026.28747    11866       38      181     1249      141     1609    10257        0       15        0    10242      245      314        0      128        0      615      266     8674 2026 Apr 16 0000:00
  3028  2026.29021    11866       38      181     1251      141     1611    10255        0       15        0    10240      232      289        0      148        0      669      261     8641 2026 Apr 17 0000:00
  3029  2026.29295    11866       38      181     1251      141     1611    10255        0       15        0    10240      220      226        0      129        0      737      263     8665 2026 Apr 18 0000:00
  3030  2026.29569    11891       38      181     1252      141     1612    10279        0       15        0    10264      223      210        0      112        0      749      288     8682 2026 Apr 19 0000:00
  3031  2026.29843    11891       38      181     1253      141     1613    10278        0       15        0    10263      220      213        0       90        0      732      295     8713 2026 Apr 20 0000:00
  3032  2026.30116    11891       38      181     1257      142     1618    10273        0       14        0    10259      232      237        0       78        0      684      305     8723 2026 Apr 21 0000:00
  3033  2026.30390    11891       38      181     1258      142     1619    10272        0       14        0    10258      243      254        0       65        0      674      297     8725 2026 Apr 22 0000:00
  3034  2026.30664    11915       38      181     1258      142     1619    10296        0       14        0    10282      248      251        0       54        0      676      291     8762 2026 Apr 23 0000:00
